<?xml version="1.0" encoding="UTF-8"?>
<annotations textSource="fitfortravel-scot-nhs-uk_20160608T202918.txt">
    <annotation>
        <mention id="EHOST_Instance_222" />
        <annotator id="eHOST_2010">Jiyunsun</annotator>
        <span start="609" end="612" />
        <spannedText>not</spannedText>
        <creationDate>Thu Jan 13 12:03:45 CET 2022</creationDate>
    </annotation>
    <classMention id="EHOST_Instance_222">
        <mentionClass id="NegCue">not</mentionClass>
    </classMention>
    <annotation>
        <mention id="EHOST_Instance_223" />
        <annotator id="eHOST_2010">Jiyunsun</annotator>
        <span start="1116" end="1122" />
        <spannedText>reduce</spannedText>
        <creationDate>Wed Jan 12 14:58:19 CET 2022</creationDate>
    </annotation>
    <classMention id="EHOST_Instance_223">
        <mentionClass id="NegCue">reduce</mentionClass>
    </classMention>
    <annotation>
        <mention id="EHOST_Instance_224" />
        <annotator id="eHOST_2010">Jiyunsun</annotator>
        <span start="3685" end="3687" />
        <spannedText>no</spannedText>
        <creationDate>Wed Jan 12 15:00:51 CET 2022</creationDate>
    </annotation>
    <classMention id="EHOST_Instance_224">
        <mentionClass id="NegCue">no</mentionClass>
    </classMention>
    <annotation>
        <mention id="EHOST_Instance_225" />
        <annotator id="eHOST_2010">Jiyunsun</annotator>
        <span start="4743" end="4746" />
        <spannedText>not</spannedText>
        <creationDate>Wed Jan 12 15:01:35 CET 2022</creationDate>
    </annotation>
    <classMention id="EHOST_Instance_225">
        <mentionClass id="NegCue">not</mentionClass>
    </classMention>
    <annotation>
        <mention id="EHOST_Instance_226" />
        <annotator id="eHOST_2010">Extensible_Human_Oracle_Suite_of_Tools</annotator>
        <span start="1848" end="1852" />
        <spannedText>none</spannedText>
        <creationDate>Thu Jan 13 14:39:04 CET 2022</creationDate>
    </annotation>
    <classMention id="EHOST_Instance_226">
        <mentionClass id="NegCue">none</mentionClass>
    </classMention>
    <eHOST_Adjudication_Status version="1.0">
        <Adjudication_Selected_Annotators version="1.0" />
        <Adjudication_Selected_Classes version="1.0" />
        <Adjudication_Others>
            <CHECK_OVERLAPPED_SPANS>false</CHECK_OVERLAPPED_SPANS>
            <CHECK_ATTRIBUTES>false</CHECK_ATTRIBUTES>
            <CHECK_RELATIONSHIP>false</CHECK_RELATIONSHIP>
            <CHECK_CLASS>false</CHECK_CLASS>
            <CHECK_COMMENT>false</CHECK_COMMENT>
        </Adjudication_Others>
    </eHOST_Adjudication_Status>
</annotations>

