<?xml version="1.0" encoding="UTF-8"?>
<annotations textSource="Fox-News_20161029T114432.txt">
    <annotation>
        <mention id="EHOST_Instance_274" />
        <annotator id="eHOST_2010">Jiyunsun</annotator>
        <span start="335" end="342" />
        <spannedText>without</spannedText>
        <creationDate>Wed Jan 12 15:18:49 CET 2022</creationDate>
    </annotation>
    <classMention id="EHOST_Instance_274">
        <mentionClass id="NegCue">without</mentionClass>
    </classMention>
    <annotation>
        <mention id="EHOST_Instance_275" />
        <annotator id="eHOST_2010">Jiyunsun</annotator>
        <span start="445" end="452" />
        <spannedText>without</spannedText>
        <creationDate>Wed Jan 12 15:18:56 CET 2022</creationDate>
    </annotation>
    <classMention id="EHOST_Instance_275">
        <mentionClass id="NegCue">without</mentionClass>
    </classMention>
    <annotation>
        <mention id="EHOST_Instance_276" />
        <annotator id="eHOST_2010">Jiyunsun</annotator>
        <span start="709" end="712" />
        <spannedText>dis</spannedText>
        <creationDate>Thu Jan 13 12:08:01 CET 2022</creationDate>
    </annotation>
    <classMention id="EHOST_Instance_276">
        <mentionClass id="NegCue">dis</mentionClass>
    </classMention>
    <annotation>
        <mention id="EHOST_Instance_277" />
        <annotator id="eHOST_2010">Jiyunsun</annotator>
        <span start="753" end="756" />
        <spannedText>not</spannedText>
        <creationDate>Wed Jan 12 15:22:20 CET 2022</creationDate>
    </annotation>
    <classMention id="EHOST_Instance_277">
        <mentionClass id="NegCue">not</mentionClass>
    </classMention>
    <annotation>
        <mention id="EHOST_Instance_278" />
        <annotator id="eHOST_2010">Jiyunsun</annotator>
        <span start="1215" end="1218" />
        <spannedText>not</spannedText>
        <creationDate>Wed Jan 12 15:23:25 CET 2022</creationDate>
    </annotation>
    <classMention id="EHOST_Instance_278">
        <mentionClass id="NegCue">not</mentionClass>
    </classMention>
    <annotation>
        <mention id="EHOST_Instance_279" />
        <annotator id="eHOST_2010">Jiyunsun</annotator>
        <span start="1853" end="1856" />
        <spannedText>not</spannedText>
        <creationDate>Wed Jan 12 15:23:53 CET 2022</creationDate>
    </annotation>
    <classMention id="EHOST_Instance_279">
        <mentionClass id="NegCue">not</mentionClass>
    </classMention>
    <annotation>
        <mention id="EHOST_Instance_280" />
        <annotator id="eHOST_2010">Jiyunsun</annotator>
        <span start="2209" end="2216" />
        <spannedText>without</spannedText>
        <creationDate>Wed Jan 12 15:24:16 CET 2022</creationDate>
    </annotation>
    <classMention id="EHOST_Instance_280">
        <mentionClass id="NegCue">without</mentionClass>
    </classMention>
    <annotation>
        <mention id="EHOST_Instance_281" />
        <annotator id="eHOST_2010">Jiyunsun</annotator>
        <span start="2546" end="2548" />
        <spannedText>no</spannedText>
        <creationDate>Wed Jan 12 15:24:33 CET 2022</creationDate>
    </annotation>
    <classMention id="EHOST_Instance_281">
        <mentionClass id="NegCue">no</mentionClass>
    </classMention>
    <annotation>
        <mention id="EHOST_Instance_282" />
        <annotator id="eHOST_2010">Jiyunsun</annotator>
        <span start="2610" end="2612" />
        <spannedText>no</spannedText>
        <creationDate>Wed Jan 12 15:24:37 CET 2022</creationDate>
    </annotation>
    <classMention id="EHOST_Instance_282">
        <mentionClass id="NegCue">no</mentionClass>
    </classMention>
    <annotation>
        <mention id="EHOST_Instance_283" />
        <annotator id="eHOST_2010">Jiyunsun</annotator>
        <span start="3480" end="3484" />
        <spannedText>less</spannedText>
        <creationDate>Wed Jan 12 15:25:50 CET 2022</creationDate>
    </annotation>
    <classMention id="EHOST_Instance_283">
        <mentionClass id="NegCue">less</mentionClass>
    </classMention>
    <annotation>
        <mention id="EHOST_Instance_284" />
        <annotator id="eHOST_2010">Jiyunsun</annotator>
        <span start="3739" end="3742" />
        <spannedText>not</spannedText>
        <creationDate>Wed Jan 12 15:26:15 CET 2022</creationDate>
    </annotation>
    <classMention id="EHOST_Instance_284">
        <mentionClass id="NegCue">not</mentionClass>
    </classMention>
    <annotation>
        <mention id="EHOST_Instance_285" />
        <annotator id="eHOST_2010">Jiyunsun</annotator>
        <span start="3814" end="3817" />
        <spannedText>not</spannedText>
        <creationDate>Wed Jan 12 15:26:23 CET 2022</creationDate>
    </annotation>
    <classMention id="EHOST_Instance_285">
        <mentionClass id="NegCue">not</mentionClass>
    </classMention>
    <annotation>
        <mention id="EHOST_Instance_286" />
        <annotator id="eHOST_2010">Jiyunsun</annotator>
        <span start="3969" end="3973" />
        <spannedText>none</spannedText>
        <creationDate>Wed Jan 12 15:26:36 CET 2022</creationDate>
    </annotation>
    <classMention id="EHOST_Instance_286">
        <mentionClass id="NegCue">none</mentionClass>
    </classMention>
    <annotation>
        <mention id="EHOST_Instance_287" />
        <annotator id="eHOST_2010">Jiyunsun</annotator>
        <span start="4749" end="4754" />
        <spannedText>never</spannedText>
        <creationDate>Wed Jan 12 15:27:10 CET 2022</creationDate>
    </annotation>
    <classMention id="EHOST_Instance_287">
        <mentionClass id="NegCue">never</mentionClass>
    </classMention>
    <annotation>
        <mention id="EHOST_Instance_288" />
        <annotator id="eHOST_2010">Jiyunsun</annotator>
        <span start="4867" end="4870" />
        <spannedText>not</spannedText>
        <creationDate>Wed Jan 12 15:27:19 CET 2022</creationDate>
    </annotation>
    <classMention id="EHOST_Instance_288">
        <mentionClass id="NegCue">not</mentionClass>
    </classMention>
    <annotation>
        <mention id="EHOST_Instance_289" />
        <annotator id="eHOST_2010">Jiyunsun</annotator>
        <span start="5583" end="5586" />
        <spannedText>not</spannedText>
        <creationDate>Wed Jan 12 15:27:49 CET 2022</creationDate>
    </annotation>
    <classMention id="EHOST_Instance_289">
        <mentionClass id="NegCue">not</mentionClass>
    </classMention>
    <annotation>
        <mention id="EHOST_Instance_290" />
        <annotator id="eHOST_2010">Jiyunsun</annotator>
        <span start="5666" end="5669" />
        <spannedText>n’t</spannedText>
        <creationDate>Thu Jan 13 12:08:57 CET 2022</creationDate>
    </annotation>
    <classMention id="EHOST_Instance_290">
        <mentionClass id="NegCue">n’t</mentionClass>
    </classMention>
    <annotation>
        <mention id="EHOST_Instance_291" />
        <annotator id="eHOST_2010">Jiyunsun</annotator>
        <span start="7554" end="7556" />
        <spannedText>un</spannedText>
        <creationDate>Wed Jan 12 15:30:36 CET 2022</creationDate>
    </annotation>
    <classMention id="EHOST_Instance_291">
        <mentionClass id="NegCue">un</mentionClass>
    </classMention>
    <annotation>
        <mention id="EHOST_Instance_292" />
        <annotator id="eHOST_2010">Jiyunsun</annotator>
        <span start="7611" end="7613" />
        <spannedText>no</spannedText>
        <creationDate>Wed Jan 12 15:30:52 CET 2022</creationDate>
    </annotation>
    <classMention id="EHOST_Instance_292">
        <mentionClass id="NegCue">no</mentionClass>
    </classMention>
    <annotation>
        <mention id="EHOST_Instance_293" />
        <annotator id="eHOST_2010">Jiyunsun</annotator>
        <span start="8309" end="8312" />
        <spannedText>not</spannedText>
        <creationDate>Wed Jan 12 15:31:24 CET 2022</creationDate>
    </annotation>
    <classMention id="EHOST_Instance_293">
        <mentionClass id="NegCue">not</mentionClass>
    </classMention>
    <annotation>
        <mention id="EHOST_Instance_294" />
        <annotator id="eHOST_2010">Jiyunsun</annotator>
        <span start="8719" end="8722" />
        <spannedText>not</spannedText>
        <creationDate>Wed Jan 12 15:32:12 CET 2022</creationDate>
    </annotation>
    <classMention id="EHOST_Instance_294">
        <mentionClass id="NegCue">not</mentionClass>
    </classMention>
    <annotation>
        <mention id="EHOST_Instance_295" />
        <annotator id="eHOST_2010">Jiyunsun</annotator>
        <span start="9002" end="9004" />
        <spannedText>no</spannedText>
        <creationDate>Wed Jan 12 15:32:29 CET 2022</creationDate>
    </annotation>
    <classMention id="EHOST_Instance_295">
        <mentionClass id="NegCue">no</mentionClass>
    </classMention>
    <annotation>
        <mention id="EHOST_Instance_296" />
        <annotator id="eHOST_2010">Jiyunsun</annotator>
        <span start="9408" end="9411" />
        <spannedText>Not</spannedText>
        <creationDate>Wed Jan 12 15:32:43 CET 2022</creationDate>
    </annotation>
    <classMention id="EHOST_Instance_296">
        <mentionClass id="NegCue">Not</mentionClass>
    </classMention>
    <annotation>
        <mention id="EHOST_Instance_297" />
        <annotator id="eHOST_2010">Jiyunsun</annotator>
        <span start="10063" end="10082" />
        <spannedText>nothing to decrease</spannedText>
        <creationDate>Wed Jan 12 15:33:28 CET 2022</creationDate>
    </annotation>
    <classMention id="EHOST_Instance_297">
        <mentionClass id="NegCue">nothing to decrease</mentionClass>
    </classMention>
    <annotation>
        <mention id="EHOST_Instance_298" />
        <annotator id="eHOST_2010">Jiyunsun</annotator>
        <span start="10705" end="10708" />
        <spannedText>not</spannedText>
        <creationDate>Wed Jan 12 15:35:30 CET 2022</creationDate>
    </annotation>
    <classMention id="EHOST_Instance_298">
        <mentionClass id="NegCue">not</mentionClass>
    </classMention>
    <annotation>
        <mention id="EHOST_Instance_299" />
        <annotator id="eHOST_2010">Jiyunsun</annotator>
        <span start="11455" end="11458" />
        <spannedText>not</spannedText>
        <creationDate>Wed Jan 12 19:03:25 CET 2022</creationDate>
    </annotation>
    <classMention id="EHOST_Instance_299">
        <mentionClass id="NegCue">not</mentionClass>
    </classMention>
    <annotation>
        <mention id="EHOST_Instance_300" />
        <annotator id="eHOST_2010">Jiyunsun</annotator>
        <span start="11712" end="11715" />
        <spannedText>not</spannedText>
        <creationDate>Wed Jan 12 19:03:47 CET 2022</creationDate>
    </annotation>
    <classMention id="EHOST_Instance_300">
        <mentionClass id="NegCue">not</mentionClass>
    </classMention>
    <annotation>
        <mention id="EHOST_Instance_301" />
        <annotator id="eHOST_2010">Jiyunsun</annotator>
        <span start="12183" end="12190" />
        <spannedText>without</spannedText>
        <creationDate>Wed Jan 12 19:04:09 CET 2022</creationDate>
    </annotation>
    <classMention id="EHOST_Instance_301">
        <mentionClass id="NegCue">without</mentionClass>
    </classMention>
    <annotation>
        <mention id="EHOST_Instance_302" />
        <annotator id="eHOST_2010">Jiyunsun</annotator>
        <span start="12536" end="12539" />
        <spannedText>not</spannedText>
        <creationDate>Wed Jan 12 19:07:44 CET 2022</creationDate>
    </annotation>
    <classMention id="EHOST_Instance_302">
        <mentionClass id="NegCue">not</mentionClass>
    </classMention>
    <annotation>
        <mention id="EHOST_Instance_303" />
        <annotator id="eHOST_2010">Jiyunsun</annotator>
        <span start="12813" end="12816" />
        <spannedText>not</spannedText>
        <creationDate>Wed Jan 12 19:11:02 CET 2022</creationDate>
    </annotation>
    <classMention id="EHOST_Instance_303">
        <mentionClass id="NegCue">not</mentionClass>
    </classMention>
    <annotation>
        <mention id="EHOST_Instance_304" />
        <annotator id="eHOST_2010">Jiyunsun</annotator>
        <span start="13253" end="13256" />
        <spannedText>not</spannedText>
        <creationDate>Wed Jan 12 19:11:40 CET 2022</creationDate>
    </annotation>
    <classMention id="EHOST_Instance_304">
        <mentionClass id="NegCue">not</mentionClass>
    </classMention>
    <annotation>
        <mention id="EHOST_Instance_305" />
        <annotator id="eHOST_2010">Jiyunsun</annotator>
        <span start="13442" end="13445" />
        <spannedText>n’t</spannedText>
        <creationDate>Thu Jan 13 12:09:52 CET 2022</creationDate>
    </annotation>
    <classMention id="EHOST_Instance_305">
        <mentionClass id="NegCue">n’t</mentionClass>
    </classMention>
    <annotation>
        <mention id="EHOST_Instance_306" />
        <annotator id="eHOST_2010">Jiyunsun</annotator>
        <span start="13970" end="13975" />
        <spannedText>never</spannedText>
        <creationDate>Wed Jan 12 19:12:13 CET 2022</creationDate>
    </annotation>
    <classMention id="EHOST_Instance_306">
        <mentionClass id="NegCue">never</mentionClass>
    </classMention>
    <annotation>
        <mention id="EHOST_Instance_307" />
        <annotator id="eHOST_2010">Jiyunsun</annotator>
        <span start="14038" end="14041" />
        <spannedText>not</spannedText>
        <creationDate>Wed Jan 12 19:12:20 CET 2022</creationDate>
    </annotation>
    <classMention id="EHOST_Instance_307">
        <mentionClass id="NegCue">not</mentionClass>
    </classMention>
    <annotation>
        <mention id="EHOST_Instance_308" />
        <annotator id="eHOST_2010">Jiyunsun</annotator>
        <span start="14488" end="14491" />
        <spannedText>not</spannedText>
        <creationDate>Wed Jan 12 19:12:37 CET 2022</creationDate>
    </annotation>
    <classMention id="EHOST_Instance_308">
        <mentionClass id="NegCue">not</mentionClass>
    </classMention>
    <annotation>
        <mention id="EHOST_Instance_309" />
        <annotator id="eHOST_2010">Jiyunsun</annotator>
        <span start="15364" end="15369" />
        <spannedText>never</spannedText>
        <creationDate>Wed Jan 12 19:13:04 CET 2022</creationDate>
    </annotation>
    <classMention id="EHOST_Instance_309">
        <mentionClass id="NegCue">never</mentionClass>
    </classMention>
    <annotation>
        <mention id="EHOST_Instance_310" />
        <annotator id="eHOST_2010">Jiyunsun</annotator>
        <span start="15375" end="15377" />
        <spannedText>in</spannedText>
        <creationDate>Wed Jan 12 19:15:03 CET 2022</creationDate>
    </annotation>
    <classMention id="EHOST_Instance_310">
        <mentionClass id="NegCue">in</mentionClass>
    </classMention>
    <annotation>
        <mention id="EHOST_Instance_311" />
        <annotator id="eHOST_2010">Jiyunsun</annotator>
        <span start="15391" end="15394" />
        <spannedText>not</spannedText>
        <creationDate>Wed Jan 12 19:16:25 CET 2022</creationDate>
    </annotation>
    <classMention id="EHOST_Instance_311">
        <mentionClass id="NegCue">not</mentionClass>
    </classMention>
    <annotation>
        <mention id="EHOST_Instance_312" />
        <annotator id="eHOST_2010">Jiyunsun</annotator>
        <span start="15576" end="15578" />
        <spannedText>de</spannedText>
        <creationDate>Wed Jan 12 19:17:19 CET 2022</creationDate>
    </annotation>
    <classMention id="EHOST_Instance_312">
        <mentionClass id="NegCue">de</mentionClass>
    </classMention>
    <annotation>
        <mention id="EHOST_Instance_313" />
        <annotator id="eHOST_2010">Jiyunsun</annotator>
        <span start="15656" end="15661" />
        <spannedText>never</spannedText>
        <creationDate>Wed Jan 12 19:17:38 CET 2022</creationDate>
    </annotation>
    <classMention id="EHOST_Instance_313">
        <mentionClass id="NegCue">never</mentionClass>
    </classMention>
    <annotation>
        <mention id="EHOST_Instance_314" />
        <annotator id="eHOST_2010">Jiyunsun</annotator>
        <span start="15828" end="15831" />
        <spannedText>not</spannedText>
        <creationDate>Wed Jan 12 19:17:49 CET 2022</creationDate>
    </annotation>
    <classMention id="EHOST_Instance_314">
        <mentionClass id="NegCue">not</mentionClass>
    </classMention>
    <eHOST_Adjudication_Status version="1.0">
        <Adjudication_Selected_Annotators version="1.0" />
        <Adjudication_Selected_Classes version="1.0" />
        <Adjudication_Others>
            <CHECK_OVERLAPPED_SPANS>false</CHECK_OVERLAPPED_SPANS>
            <CHECK_ATTRIBUTES>false</CHECK_ATTRIBUTES>
            <CHECK_RELATIONSHIP>false</CHECK_RELATIONSHIP>
            <CHECK_CLASS>false</CHECK_CLASS>
            <CHECK_COMMENT>false</CHECK_COMMENT>
        </Adjudication_Others>
    </eHOST_Adjudication_Status>
</annotations>

