<?xml version="1.0" encoding="UTF-8"?>
<annotations textSource="globalresearch-ca_20170312T001802.txt">
    <annotation>
        <mention id="EHOST_Instance_227" />
        <annotator id="eHOST_2010">Jiyunsun</annotator>
        <span start="10" end="12" />
        <spannedText>no</spannedText>
        <creationDate>Wed Jan 12 15:02:34 CET 2022</creationDate>
    </annotation>
    <classMention id="EHOST_Instance_227">
        <mentionClass id="NegCue">no</mentionClass>
    </classMention>
    <annotation>
        <mention id="EHOST_Instance_228" />
        <annotator id="eHOST_2010">Jiyunsun</annotator>
        <span start="283" end="286" />
        <spannedText>not</spannedText>
        <creationDate>Wed Jan 12 15:02:51 CET 2022</creationDate>
    </annotation>
    <classMention id="EHOST_Instance_228">
        <mentionClass id="NegCue">not</mentionClass>
    </classMention>
    <annotation>
        <mention id="EHOST_Instance_229" />
        <annotator id="eHOST_2010">Jiyunsun</annotator>
        <span start="403" end="409" />
        <spannedText>oppose</spannedText>
        <creationDate>Wed Jan 12 15:03:00 CET 2022</creationDate>
    </annotation>
    <classMention id="EHOST_Instance_229">
        <mentionClass id="NegCue">oppose</mentionClass>
    </classMention>
    <annotation>
        <mention id="EHOST_Instance_230" />
        <annotator id="eHOST_2010">Jiyunsun</annotator>
        <span start="962" end="968" />
        <spannedText>inject</spannedText>
        <creationDate>Wed Jan 12 15:04:02 CET 2022</creationDate>
    </annotation>
    <classMention id="EHOST_Instance_230">
        <mentionClass id="NegCue">inject</mentionClass>
    </classMention>
    <annotation>
        <mention id="EHOST_Instance_231" />
        <annotator id="eHOST_2010">Jiyunsun</annotator>
        <span start="1406" end="1410" />
        <spannedText>None</spannedText>
        <creationDate>Wed Jan 12 15:04:28 CET 2022</creationDate>
    </annotation>
    <classMention id="EHOST_Instance_231">
        <mentionClass id="NegCue">None</mentionClass>
    </classMention>
    <annotation>
        <mention id="EHOST_Instance_232" />
        <annotator id="eHOST_2010">Jiyunsun</annotator>
        <span start="1504" end="1508" />
        <spannedText>none</spannedText>
        <creationDate>Wed Jan 12 15:04:36 CET 2022</creationDate>
    </annotation>
    <classMention id="EHOST_Instance_232">
        <mentionClass id="NegCue">none</mentionClass>
    </classMention>
    <annotation>
        <mention id="EHOST_Instance_233" />
        <annotator id="eHOST_2010">Jiyunsun</annotator>
        <span start="1658" end="1660" />
        <spannedText>in</spannedText>
        <creationDate>Wed Jan 12 15:07:11 CET 2022</creationDate>
    </annotation>
    <classMention id="EHOST_Instance_233">
        <mentionClass id="NegCue">in</mentionClass>
    </classMention>
    <annotation>
        <mention id="EHOST_Instance_234" />
        <annotator id="eHOST_2010">Jiyunsun</annotator>
        <span start="1715" end="1717" />
        <spannedText>un</spannedText>
        <creationDate>Wed Jan 12 15:08:09 CET 2022</creationDate>
    </annotation>
    <classMention id="EHOST_Instance_234">
        <mentionClass id="NegCue">un</mentionClass>
    </classMention>
    <annotation>
        <mention id="EHOST_Instance_235" />
        <annotator id="eHOST_2010">Jiyunsun</annotator>
        <span start="1943" end="1948" />
        <spannedText>never</spannedText>
        <creationDate>Wed Jan 12 15:08:39 CET 2022</creationDate>
    </annotation>
    <classMention id="EHOST_Instance_235">
        <mentionClass id="NegCue">never</mentionClass>
    </classMention>
    <annotation>
        <mention id="EHOST_Instance_236" />
        <annotator id="eHOST_2010">Jiyunsun</annotator>
        <span start="1995" end="1997" />
        <spannedText>no</spannedText>
        <creationDate>Wed Jan 12 15:08:47 CET 2022</creationDate>
    </annotation>
    <classMention id="EHOST_Instance_236">
        <mentionClass id="NegCue">no</mentionClass>
    </classMention>
    <annotation>
        <mention id="EHOST_Instance_237" />
        <annotator id="eHOST_2010">Jiyunsun</annotator>
        <span start="2240" end="2242" />
        <spannedText>no</spannedText>
        <creationDate>Wed Jan 12 15:09:00 CET 2022</creationDate>
    </annotation>
    <classMention id="EHOST_Instance_237">
        <mentionClass id="NegCue">no</mentionClass>
    </classMention>
    <annotation>
        <mention id="EHOST_Instance_238" />
        <annotator id="eHOST_2010">Jiyunsun</annotator>
        <span start="2283" end="2286" />
        <spannedText>n’t</spannedText>
        <creationDate>Thu Jan 13 12:04:36 CET 2022</creationDate>
    </annotation>
    <classMention id="EHOST_Instance_238">
        <mentionClass id="NegCue">n’t</mentionClass>
    </classMention>
    <annotation>
        <mention id="EHOST_Instance_239" />
        <annotator id="eHOST_2010">Jiyunsun</annotator>
        <span start="2328" end="2331" />
        <spannedText>not</spannedText>
        <creationDate>Wed Jan 12 15:09:20 CET 2022</creationDate>
    </annotation>
    <classMention id="EHOST_Instance_239">
        <mentionClass id="NegCue">not</mentionClass>
    </classMention>
    <annotation>
        <mention id="EHOST_Instance_240" />
        <annotator id="eHOST_2010">Jiyunsun</annotator>
        <span start="2440" end="2444" />
        <spannedText>less</spannedText>
        <creationDate>Wed Jan 12 15:09:55 CET 2022</creationDate>
    </annotation>
    <classMention id="EHOST_Instance_240">
        <mentionClass id="NegCue">less</mentionClass>
    </classMention>
    <annotation>
        <mention id="EHOST_Instance_241" />
        <annotator id="eHOST_2010">Jiyunsun</annotator>
        <span start="2717" end="2720" />
        <spannedText>n’t</spannedText>
        <creationDate>Thu Jan 13 12:05:11 CET 2022</creationDate>
    </annotation>
    <classMention id="EHOST_Instance_241">
        <mentionClass id="NegCue">n’t</mentionClass>
    </classMention>
    <annotation>
        <mention id="EHOST_Instance_242" />
        <annotator id="eHOST_2010">Jiyunsun</annotator>
        <span start="4157" end="4160" />
        <spannedText>not</spannedText>
        <creationDate>Wed Jan 12 15:11:50 CET 2022</creationDate>
    </annotation>
    <classMention id="EHOST_Instance_242">
        <mentionClass id="NegCue">not</mentionClass>
    </classMention>
    <annotation>
        <mention id="EHOST_Instance_243" />
        <annotator id="eHOST_2010">Jiyunsun</annotator>
        <span start="4198" end="4200" />
        <spannedText>in</spannedText>
        <creationDate>Wed Jan 12 15:12:29 CET 2022</creationDate>
    </annotation>
    <classMention id="EHOST_Instance_243">
        <mentionClass id="NegCue">in</mentionClass>
    </classMention>
    <annotation>
        <mention id="EHOST_Instance_244" />
        <annotator id="eHOST_2010">Jiyunsun</annotator>
        <span start="4401" end="4404" />
        <spannedText>not</spannedText>
        <creationDate>Wed Jan 12 15:12:42 CET 2022</creationDate>
    </annotation>
    <classMention id="EHOST_Instance_244">
        <mentionClass id="NegCue">not</mentionClass>
    </classMention>
    <annotation>
        <mention id="EHOST_Instance_245" />
        <annotator id="eHOST_2010">Jiyunsun</annotator>
        <span start="4690" end="4693" />
        <spannedText>not</spannedText>
        <creationDate>Wed Jan 12 15:12:56 CET 2022</creationDate>
    </annotation>
    <classMention id="EHOST_Instance_245">
        <mentionClass id="NegCue">not</mentionClass>
    </classMention>
    <eHOST_Adjudication_Status version="1.0">
        <Adjudication_Selected_Annotators version="1.0" />
        <Adjudication_Selected_Classes version="1.0" />
        <Adjudication_Others>
            <CHECK_OVERLAPPED_SPANS>false</CHECK_OVERLAPPED_SPANS>
            <CHECK_ATTRIBUTES>false</CHECK_ATTRIBUTES>
            <CHECK_RELATIONSHIP>false</CHECK_RELATIONSHIP>
            <CHECK_CLASS>false</CHECK_CLASS>
            <CHECK_COMMENT>false</CHECK_COMMENT>
        </Adjudication_Others>
    </eHOST_Adjudication_Status>
</annotations>

