<?xml version="1.0" encoding="UTF-8"?>
<annotations textSource="greenmedinfo-com_20160402T131018.txt">
    <annotation>
        <mention id="EHOST_Instance_32" />
        <annotator id="eHOST_2010">Jiyunsun</annotator>
        <span start="24" end="35" />
        <spannedText>by no means</spannedText>
        <creationDate>Wed Jan 12 13:13:50 CET 2022</creationDate>
    </annotation>
    <classMention id="EHOST_Instance_32">
        <mentionClass id="NegCue">by no means</mentionClass>
    </classMention>
    <annotation>
        <mention id="EHOST_Instance_33" />
        <annotator id="eHOST_2010">Jiyunsun</annotator>
        <span start="297" end="300" />
        <spannedText>not</spannedText>
        <creationDate>Wed Jan 12 13:14:11 CET 2022</creationDate>
    </annotation>
    <classMention id="EHOST_Instance_33">
        <mentionClass id="NegCue">not</mentionClass>
    </classMention>
    <annotation>
        <mention id="EHOST_Instance_34" />
        <annotator id="eHOST_2010">Jiyunsun</annotator>
        <span start="339" end="342" />
        <spannedText>not</spannedText>
        <creationDate>Wed Jan 12 13:14:16 CET 2022</creationDate>
    </annotation>
    <classMention id="EHOST_Instance_34">
        <mentionClass id="NegCue">not</mentionClass>
    </classMention>
    <annotation>
        <mention id="EHOST_Instance_35" />
        <annotator id="eHOST_2010">Jiyunsun</annotator>
        <span start="398" end="401" />
        <spannedText>non</spannedText>
        <creationDate>Wed Jan 12 13:14:24 CET 2022</creationDate>
    </annotation>
    <classMention id="EHOST_Instance_35">
        <mentionClass id="NegCue">non</mentionClass>
    </classMention>
    <annotation>
        <mention id="EHOST_Instance_36" />
        <annotator id="eHOST_2010">Jiyunsun</annotator>
        <span start="727" end="731" />
        <spannedText>less</spannedText>
        <creationDate>Wed Jan 12 13:15:11 CET 2022</creationDate>
    </annotation>
    <classMention id="EHOST_Instance_36">
        <mentionClass id="NegCue">less</mentionClass>
    </classMention>
    <annotation>
        <mention id="EHOST_Instance_37" />
        <annotator id="eHOST_2010">Jiyunsun</annotator>
        <span start="1303" end="1309" />
        <spannedText>reduce</spannedText>
        <creationDate>Wed Jan 12 13:16:05 CET 2022</creationDate>
    </annotation>
    <classMention id="EHOST_Instance_37">
        <mentionClass id="NegCue">reduce</mentionClass>
    </classMention>
    <annotation>
        <mention id="EHOST_Instance_38" />
        <annotator id="eHOST_2010">Jiyunsun</annotator>
        <span start="1734" end="1737" />
        <span start="1799" end="1802" />
        <spannedText>n't ... nor</spannedText>
        <creationDate>Thu Jan 13 09:57:24 CET 2022</creationDate>
    </annotation>
    <classMention id="EHOST_Instance_38">
        <mentionClass id="NegCue">n't ... nor</mentionClass>
    </classMention>
    <annotation>
        <mention id="EHOST_Instance_39" />
        <annotator id="eHOST_2010">Jiyunsun</annotator>
        <span start="2347" end="2357" />
        <spannedText>prevention</spannedText>
        <creationDate>Wed Jan 12 13:17:42 CET 2022</creationDate>
    </annotation>
    <classMention id="EHOST_Instance_39">
        <mentionClass id="NegCue">prevention</mentionClass>
    </classMention>
    <annotation>
        <mention id="EHOST_Instance_40" />
        <annotator id="eHOST_2010">Jiyunsun</annotator>
        <span start="3416" end="3419" />
        <spannedText>not</spannedText>
        <creationDate>Wed Jan 12 13:18:29 CET 2022</creationDate>
    </annotation>
    <classMention id="EHOST_Instance_40">
        <mentionClass id="NegCue">not</mentionClass>
    </classMention>
    <annotation>
        <mention id="EHOST_Instance_41" />
        <annotator id="eHOST_2010">Jiyunsun</annotator>
        <span start="3504" end="3507" />
        <spannedText>not</spannedText>
        <creationDate>Wed Jan 12 13:18:35 CET 2022</creationDate>
    </annotation>
    <classMention id="EHOST_Instance_41">
        <mentionClass id="NegCue">not</mentionClass>
    </classMention>
    <annotation>
        <mention id="EHOST_Instance_42" />
        <annotator id="eHOST_2010">Jiyunsun</annotator>
        <span start="3665" end="3668" />
        <spannedText>not</spannedText>
        <creationDate>Wed Jan 12 13:18:44 CET 2022</creationDate>
    </annotation>
    <classMention id="EHOST_Instance_42">
        <mentionClass id="NegCue">not</mentionClass>
    </classMention>
    <eHOST_Adjudication_Status version="1.0">
        <Adjudication_Selected_Annotators version="1.0" />
        <Adjudication_Selected_Classes version="1.0" />
        <Adjudication_Others>
            <CHECK_OVERLAPPED_SPANS>false</CHECK_OVERLAPPED_SPANS>
            <CHECK_ATTRIBUTES>false</CHECK_ATTRIBUTES>
            <CHECK_RELATIONSHIP>false</CHECK_RELATIONSHIP>
            <CHECK_CLASS>false</CHECK_CLASS>
            <CHECK_COMMENT>false</CHECK_COMMENT>
        </Adjudication_Others>
    </eHOST_Adjudication_Status>
</annotations>

