<?xml version="1.0" encoding="UTF-8"?>
<annotations textSource="greenmedinfo-com_20170702T213636.txt">
    <annotation>
        <mention id="EHOST_Instance_43" />
        <annotator id="eHOST_2010">Jiyunsun</annotator>
        <span start="414" end="417" />
        <spannedText>not</spannedText>
        <creationDate>Wed Jan 12 13:21:03 CET 2022</creationDate>
    </annotation>
    <classMention id="EHOST_Instance_43">
        <mentionClass id="NegCue">not</mentionClass>
    </classMention>
    <annotation>
        <mention id="EHOST_Instance_44" />
        <annotator id="eHOST_2010">Jiyunsun</annotator>
        <span start="1192" end="1195" />
        <spannedText>not</spannedText>
        <creationDate>Wed Jan 12 13:21:47 CET 2022</creationDate>
    </annotation>
    <classMention id="EHOST_Instance_44">
        <mentionClass id="NegCue">not</mentionClass>
    </classMention>
    <annotation>
        <mention id="EHOST_Instance_45" />
        <annotator id="eHOST_2010">Jiyunsun</annotator>
        <span start="1278" end="1281" />
        <spannedText>not</spannedText>
        <creationDate>Wed Jan 12 13:21:55 CET 2022</creationDate>
    </annotation>
    <classMention id="EHOST_Instance_45">
        <mentionClass id="NegCue">not</mentionClass>
    </classMention>
    <annotation>
        <mention id="EHOST_Instance_46" />
        <annotator id="eHOST_2010">Jiyunsun</annotator>
        <span start="1511" end="1518" />
        <spannedText>without</spannedText>
        <creationDate>Wed Jan 12 13:22:18 CET 2022</creationDate>
    </annotation>
    <classMention id="EHOST_Instance_46">
        <mentionClass id="NegCue">without</mentionClass>
    </classMention>
    <annotation>
        <mention id="EHOST_Instance_47" />
        <annotator id="eHOST_2010">Jiyunsun</annotator>
        <span start="1900" end="1903" />
        <spannedText>non</spannedText>
        <creationDate>Wed Jan 12 13:22:40 CET 2022</creationDate>
    </annotation>
    <classMention id="EHOST_Instance_47">
        <mentionClass id="NegCue">non</mentionClass>
    </classMention>
    <annotation>
        <mention id="EHOST_Instance_48" />
        <annotator id="eHOST_2010">Jiyunsun</annotator>
        <span start="2025" end="2028" />
        <spannedText>non</spannedText>
        <creationDate>Wed Jan 12 13:23:02 CET 2022</creationDate>
    </annotation>
    <classMention id="EHOST_Instance_48">
        <mentionClass id="NegCue">non</mentionClass>
    </classMention>
    <annotation>
        <mention id="EHOST_Instance_49" />
        <annotator id="eHOST_2010">Jiyunsun</annotator>
        <span start="2210" end="2216" />
        <spannedText>deduce</spannedText>
        <creationDate>Wed Jan 12 13:23:14 CET 2022</creationDate>
    </annotation>
    <classMention id="EHOST_Instance_49">
        <mentionClass id="NegCue">deduce</mentionClass>
    </classMention>
    <annotation>
        <mention id="EHOST_Instance_50" />
        <annotator id="eHOST_2010">Jiyunsun</annotator>
        <span start="2634" end="2636" />
        <spannedText>un</spannedText>
        <creationDate>Wed Jan 12 13:23:57 CET 2022</creationDate>
    </annotation>
    <classMention id="EHOST_Instance_50">
        <mentionClass id="NegCue">un</mentionClass>
    </classMention>
    <annotation>
        <mention id="EHOST_Instance_51" />
        <annotator id="eHOST_2010">Jiyunsun</annotator>
        <span start="3258" end="3260" />
        <spannedText>no</spannedText>
        <creationDate>Wed Jan 12 13:25:09 CET 2022</creationDate>
    </annotation>
    <classMention id="EHOST_Instance_51">
        <mentionClass id="NegCue">no</mentionClass>
    </classMention>
    <annotation>
        <mention id="EHOST_Instance_52" />
        <annotator id="eHOST_2010">Jiyunsun</annotator>
        <span start="3967" end="3970" />
        <spannedText>not</spannedText>
        <creationDate>Wed Jan 12 13:25:40 CET 2022</creationDate>
    </annotation>
    <classMention id="EHOST_Instance_52">
        <mentionClass id="NegCue">not</mentionClass>
    </classMention>
    <annotation>
        <mention id="EHOST_Instance_53" />
        <annotator id="eHOST_2010">Jiyunsun</annotator>
        <span start="4932" end="4941" />
        <spannedText>reduction</spannedText>
        <creationDate>Wed Jan 12 13:26:42 CET 2022</creationDate>
    </annotation>
    <classMention id="EHOST_Instance_53">
        <mentionClass id="NegCue">reduction</mentionClass>
    </classMention>
    <annotation>
        <mention id="EHOST_Instance_54" />
        <annotator id="eHOST_2010">Jiyunsun</annotator>
        <span start="4973" end="4976" />
        <spannedText>not</spannedText>
        <creationDate>Wed Jan 12 13:26:47 CET 2022</creationDate>
    </annotation>
    <classMention id="EHOST_Instance_54">
        <mentionClass id="NegCue">not</mentionClass>
    </classMention>
    <annotation>
        <mention id="EHOST_Instance_55" />
        <annotator id="eHOST_2010">Jiyunsun</annotator>
        <span start="5152" end="5155" />
        <spannedText>not</spannedText>
        <creationDate>Wed Jan 12 13:26:56 CET 2022</creationDate>
    </annotation>
    <classMention id="EHOST_Instance_55">
        <mentionClass id="NegCue">not</mentionClass>
    </classMention>
    <annotation>
        <mention id="EHOST_Instance_56" />
        <annotator id="eHOST_2010">Jiyunsun</annotator>
        <span start="7019" end="7021" />
        <spannedText>in</spannedText>
        <creationDate>Wed Jan 12 13:28:47 CET 2022</creationDate>
    </annotation>
    <classMention id="EHOST_Instance_56">
        <mentionClass id="NegCue">in</mentionClass>
    </classMention>
    <annotation>
        <mention id="EHOST_Instance_57" />
        <annotator id="eHOST_2010">Jiyunsun</annotator>
        <span start="3153" end="3155" />
        <spannedText>no</spannedText>
        <creationDate>Thu Jan 13 09:58:54 CET 2022</creationDate>
    </annotation>
    <classMention id="EHOST_Instance_57">
        <mentionClass id="NegCue">no</mentionClass>
    </classMention>
    <annotation>
        <mention id="EHOST_Instance_58" />
        <annotator id="eHOST_2010">Extensible_Human_Oracle_Suite_of_Tools</annotator>
        <span start="1819" end="1822" />
        <spannedText>not</spannedText>
        <creationDate>Thu Jan 13 14:35:44 CET 2022</creationDate>
    </annotation>
    <classMention id="EHOST_Instance_58">
        <mentionClass id="NegCue">not</mentionClass>
    </classMention>
    <annotation>
        <mention id="EHOST_Instance_59" />
        <annotator id="eHOST_2010">Extensible_Human_Oracle_Suite_of_Tools</annotator>
        <span start="2283" end="2286" />
        <spannedText>not</spannedText>
        <creationDate>Thu Jan 13 14:35:49 CET 2022</creationDate>
    </annotation>
    <classMention id="EHOST_Instance_59">
        <mentionClass id="NegCue">not</mentionClass>
    </classMention>
    <eHOST_Adjudication_Status version="1.0">
        <Adjudication_Selected_Annotators version="1.0" />
        <Adjudication_Selected_Classes version="1.0" />
        <Adjudication_Others>
            <CHECK_OVERLAPPED_SPANS>false</CHECK_OVERLAPPED_SPANS>
            <CHECK_ATTRIBUTES>false</CHECK_ATTRIBUTES>
            <CHECK_RELATIONSHIP>false</CHECK_RELATIONSHIP>
            <CHECK_CLASS>false</CHECK_CLASS>
            <CHECK_COMMENT>false</CHECK_COMMENT>
        </Adjudication_Others>
    </eHOST_Adjudication_Status>
</annotations>

