<?xml version="1.0" encoding="UTF-8"?>
<annotations textSource="greenmedinfo-com_20170703T045312.txt">
    <annotation>
        <mention id="EHOST_Instance_16" />
        <annotator id="eHOST_2010">Jiyunsun</annotator>
        <span start="188" end="190" />
        <spannedText>in</spannedText>
        <creationDate>Wed Jan 12 12:58:35 CET 2022</creationDate>
    </annotation>
    <classMention id="EHOST_Instance_16">
        <mentionClass id="NegCue">in</mentionClass>
    </classMention>
    <annotation>
        <mention id="EHOST_Instance_17" />
        <annotator id="eHOST_2010">Jiyunsun</annotator>
        <span start="241" end="244" />
        <spannedText>not</spannedText>
        <creationDate>Wed Jan 12 12:58:47 CET 2022</creationDate>
    </annotation>
    <classMention id="EHOST_Instance_17">
        <mentionClass id="NegCue">not</mentionClass>
    </classMention>
    <annotation>
        <mention id="EHOST_Instance_18" />
        <annotator id="eHOST_2010">Jiyunsun</annotator>
        <span start="1715" end="1718" />
        <spannedText>non</spannedText>
        <creationDate>Wed Jan 12 13:00:52 CET 2022</creationDate>
    </annotation>
    <classMention id="EHOST_Instance_18">
        <mentionClass id="NegCue">non</mentionClass>
    </classMention>
    <annotation>
        <mention id="EHOST_Instance_19" />
        <annotator id="eHOST_2010">Jiyunsun</annotator>
        <span start="1806" end="1809" />
        <spannedText>not</spannedText>
        <creationDate>Wed Jan 12 13:01:02 CET 2022</creationDate>
    </annotation>
    <classMention id="EHOST_Instance_19">
        <mentionClass id="NegCue">not</mentionClass>
    </classMention>
    <annotation>
        <mention id="EHOST_Instance_20" />
        <annotator id="eHOST_2010">Jiyunsun</annotator>
        <span start="1961" end="1963" />
        <spannedText>un</spannedText>
        <creationDate>Wed Jan 12 13:02:04 CET 2022</creationDate>
    </annotation>
    <classMention id="EHOST_Instance_20">
        <mentionClass id="NegCue">un</mentionClass>
    </classMention>
    <annotation>
        <mention id="EHOST_Instance_21" />
        <annotator id="eHOST_2010">Jiyunsun</annotator>
        <span start="2034" end="2037" />
        <spannedText>non</spannedText>
        <creationDate>Wed Jan 12 13:02:15 CET 2022</creationDate>
    </annotation>
    <classMention id="EHOST_Instance_21">
        <mentionClass id="NegCue">non</mentionClass>
    </classMention>
    <annotation>
        <mention id="EHOST_Instance_22" />
        <annotator id="eHOST_2010">Jiyunsun</annotator>
        <span start="2153" end="2158" />
        <spannedText>never</spannedText>
        <creationDate>Wed Jan 12 13:02:25 CET 2022</creationDate>
    </annotation>
    <classMention id="EHOST_Instance_22">
        <mentionClass id="NegCue">never</mentionClass>
    </classMention>
    <annotation>
        <mention id="EHOST_Instance_23" />
        <annotator id="eHOST_2010">Jiyunsun</annotator>
        <span start="4484" end="4487" />
        <spannedText>not</spannedText>
        <creationDate>Wed Jan 12 13:05:36 CET 2022</creationDate>
    </annotation>
    <classMention id="EHOST_Instance_23">
        <mentionClass id="NegCue">not</mentionClass>
    </classMention>
    <annotation>
        <mention id="EHOST_Instance_24" />
        <annotator id="eHOST_2010">Jiyunsun</annotator>
        <span start="5183" end="5185" />
        <spannedText>un</spannedText>
        <creationDate>Wed Jan 12 13:07:18 CET 2022</creationDate>
    </annotation>
    <classMention id="EHOST_Instance_24">
        <mentionClass id="NegCue">un</mentionClass>
    </classMention>
    <annotation>
        <mention id="EHOST_Instance_25" />
        <annotator id="eHOST_2010">Jiyunsun</annotator>
        <span start="5414" end="5416" />
        <spannedText>un</spannedText>
        <creationDate>Wed Jan 12 13:09:06 CET 2022</creationDate>
    </annotation>
    <classMention id="EHOST_Instance_25">
        <mentionClass id="NegCue">un</mentionClass>
    </classMention>
    <annotation>
        <mention id="EHOST_Instance_26" />
        <annotator id="eHOST_2010">Jiyunsun</annotator>
        <span start="6247" end="6250" />
        <spannedText>non</spannedText>
        <creationDate>Wed Jan 12 13:10:01 CET 2022</creationDate>
    </annotation>
    <classMention id="EHOST_Instance_26">
        <mentionClass id="NegCue">non</mentionClass>
    </classMention>
    <annotation>
        <mention id="EHOST_Instance_27" />
        <annotator id="eHOST_2010">Jiyunsun</annotator>
        <span start="7195" end="7198" />
        <spannedText>not</spannedText>
        <creationDate>Wed Jan 12 13:11:13 CET 2022</creationDate>
    </annotation>
    <classMention id="EHOST_Instance_27">
        <mentionClass id="NegCue">not</mentionClass>
    </classMention>
    <annotation>
        <mention id="EHOST_Instance_28" />
        <annotator id="eHOST_2010">Jiyunsun</annotator>
        <span start="7759" end="7762" />
        <spannedText>Not</spannedText>
        <creationDate>Wed Jan 12 13:12:05 CET 2022</creationDate>
    </annotation>
    <classMention id="EHOST_Instance_28">
        <mentionClass id="NegCue">Not</mentionClass>
    </classMention>
    <annotation>
        <mention id="EHOST_Instance_29" />
        <annotator id="eHOST_2010">Jiyunsun</annotator>
        <span start="8083" end="8086" />
        <spannedText>non</spannedText>
        <creationDate>Wed Jan 12 13:12:25 CET 2022</creationDate>
    </annotation>
    <classMention id="EHOST_Instance_29">
        <mentionClass id="NegCue">non</mentionClass>
    </classMention>
    <annotation>
        <mention id="EHOST_Instance_30" />
        <annotator id="eHOST_2010">Jiyunsun</annotator>
        <span start="4451" end="4453" />
        <spannedText>im</spannedText>
        <creationDate>Thu Jan 13 09:52:10 CET 2022</creationDate>
    </annotation>
    <classMention id="EHOST_Instance_30">
        <mentionClass id="NegCue">im</mentionClass>
    </classMention>
    <annotation>
        <mention id="EHOST_Instance_31" />
        <annotator id="eHOST_2010">Jiyunsun</annotator>
        <span start="6560" end="6563" />
        <spannedText>not</spannedText>
        <creationDate>Thu Jan 13 09:53:01 CET 2022</creationDate>
    </annotation>
    <classMention id="EHOST_Instance_31">
        <mentionClass id="NegCue">not</mentionClass>
    </classMention>
    <eHOST_Adjudication_Status version="1.0">
        <Adjudication_Selected_Annotators version="1.0" />
        <Adjudication_Selected_Classes version="1.0" />
        <Adjudication_Others>
            <CHECK_OVERLAPPED_SPANS>false</CHECK_OVERLAPPED_SPANS>
            <CHECK_ATTRIBUTES>false</CHECK_ATTRIBUTES>
            <CHECK_RELATIONSHIP>false</CHECK_RELATIONSHIP>
            <CHECK_CLASS>false</CHECK_CLASS>
            <CHECK_COMMENT>false</CHECK_COMMENT>
        </Adjudication_Others>
    </eHOST_Adjudication_Status>
</annotations>

