<?xml version="1.0" encoding="UTF-8"?>
<annotations textSource="HealthyChildren-org_20151012T214316.txt">
    <annotation>
        <mention id="EHOST_Instance_1" />
        <annotator id="eHOST_2010">Extensible_Human_Oracle_Suite_of_Tools</annotator>
        <span start="779" end="782" />
        <spannedText>not</spannedText>
        <creationDate>Tue Jan 11 22:31:29 CET 2022</creationDate>
    </annotation>
    <classMention id="EHOST_Instance_1">
        <mentionClass id="NegCue">not</mentionClass>
    </classMention>
    <annotation>
        <mention id="EHOST_Instance_2" />
        <annotator id="eHOST_2010">Jiyunsun</annotator>
        <span start="919" end="923" />
        <spannedText>less</spannedText>
        <creationDate>Wed Jan 12 10:31:41 CET 2022</creationDate>
    </annotation>
    <classMention id="EHOST_Instance_2">
        <mentionClass id="NegCue">less</mentionClass>
    </classMention>
    <annotation>
        <mention id="EHOST_Instance_3" />
        <annotator id="eHOST_2010">Jiyunsun</annotator>
        <span start="991" end="996" />
        <spannedText>never</spannedText>
        <creationDate>Wed Jan 12 10:32:18 CET 2022</creationDate>
    </annotation>
    <classMention id="EHOST_Instance_3">
        <mentionClass id="NegCue">never</mentionClass>
    </classMention>
    <annotation>
        <mention id="EHOST_Instance_4" />
        <annotator id="eHOST_2010">Jiyunsun</annotator>
        <span start="1234" end="1239" />
        <spannedText>never</spannedText>
        <creationDate>Wed Jan 12 10:35:01 CET 2022</creationDate>
    </annotation>
    <classMention id="EHOST_Instance_4">
        <mentionClass id="NegCue">never</mentionClass>
    </classMention>
    <annotation>
        <mention id="EHOST_Instance_5" />
        <annotator id="eHOST_2010">Jiyunsun</annotator>
        <span start="1346" end="1349" />
        <spannedText>not</spannedText>
        <creationDate>Wed Jan 12 10:35:11 CET 2022</creationDate>
    </annotation>
    <classMention id="EHOST_Instance_5">
        <mentionClass id="NegCue">not</mentionClass>
    </classMention>
    <annotation>
        <mention id="EHOST_Instance_6" />
        <annotator id="eHOST_2010">Jiyunsun</annotator>
        <span start="1372" end="1377" />
        <spannedText>never</spannedText>
        <creationDate>Wed Jan 12 10:35:20 CET 2022</creationDate>
    </annotation>
    <classMention id="EHOST_Instance_6">
        <mentionClass id="NegCue">never</mentionClass>
    </classMention>
    <annotation>
        <mention id="EHOST_Instance_7" />
        <annotator id="eHOST_2010">Jiyunsun</annotator>
        <span start="1790" end="1793" />
        <spannedText>not</spannedText>
        <creationDate>Wed Jan 12 10:36:06 CET 2022</creationDate>
    </annotation>
    <classMention id="EHOST_Instance_7">
        <mentionClass id="NegCue">not</mentionClass>
    </classMention>
    <annotation>
        <mention id="EHOST_Instance_8" />
        <annotator id="eHOST_2010">Jiyunsun</annotator>
        <span start="2210" end="2213" />
        <spannedText>not</spannedText>
        <creationDate>Wed Jan 12 10:37:58 CET 2022</creationDate>
    </annotation>
    <classMention id="EHOST_Instance_8">
        <mentionClass id="NegCue">not</mentionClass>
    </classMention>
    <annotation>
        <mention id="EHOST_Instance_9" />
        <annotator id="eHOST_2010">Jiyunsun</annotator>
        <span start="2867" end="2870" />
        <spannedText>not</spannedText>
        <creationDate>Wed Jan 12 10:38:39 CET 2022</creationDate>
    </annotation>
    <classMention id="EHOST_Instance_9">
        <mentionClass id="NegCue">not</mentionClass>
    </classMention>
    <annotation>
        <mention id="EHOST_Instance_10" />
        <annotator id="eHOST_2010">Jiyunsun</annotator>
        <span start="3124" end="3128" />
        <spannedText>less</spannedText>
        <creationDate>Wed Jan 12 10:48:42 CET 2022</creationDate>
    </annotation>
    <classMention id="EHOST_Instance_10">
        <mentionClass id="NegCue">less</mentionClass>
    </classMention>
    <annotation>
        <mention id="EHOST_Instance_11" />
        <annotator id="eHOST_2010">Jiyunsun</annotator>
        <span start="3522" end="3528" />
        <spannedText>rarely</spannedText>
        <creationDate>Wed Jan 12 10:49:06 CET 2022</creationDate>
    </annotation>
    <classMention id="EHOST_Instance_11">
        <mentionClass id="NegCue">rarely</mentionClass>
    </classMention>
    <annotation>
        <mention id="EHOST_Instance_12" />
        <annotator id="eHOST_2010">Jiyunsun</annotator>
        <span start="3625" end="3629" />
        <spannedText>rare</spannedText>
        <creationDate>Wed Jan 12 10:49:16 CET 2022</creationDate>
    </annotation>
    <classMention id="EHOST_Instance_12">
        <mentionClass id="NegCue">rare</mentionClass>
    </classMention>
    <annotation>
        <mention id="EHOST_Instance_13" />
        <annotator id="eHOST_2010">Jiyunsun</annotator>
        <span start="4585" end="4588" />
        <spannedText>not</spannedText>
        <creationDate>Wed Jan 12 10:50:23 CET 2022</creationDate>
    </annotation>
    <classMention id="EHOST_Instance_13">
        <mentionClass id="NegCue">not</mentionClass>
    </classMention>
    <annotation>
        <mention id="EHOST_Instance_14" />
        <annotator id="eHOST_2010">Jiyunsun</annotator>
        <span start="5141" end="5144" />
        <spannedText>not</spannedText>
        <creationDate>Wed Jan 12 10:50:47 CET 2022</creationDate>
    </annotation>
    <classMention id="EHOST_Instance_14">
        <mentionClass id="NegCue">not</mentionClass>
    </classMention>
    <annotation>
        <mention id="EHOST_Instance_15" />
        <annotator id="eHOST_2010">Jiyunsun</annotator>
        <span start="3591" end="3594" />
        <spannedText>not</spannedText>
        <creationDate>Thu Jan 13 09:48:58 CET 2022</creationDate>
    </annotation>
    <classMention id="EHOST_Instance_15">
        <mentionClass id="NegCue">not</mentionClass>
    </classMention>
    <eHOST_Adjudication_Status version="1.0">
        <Adjudication_Selected_Annotators version="1.0" />
        <Adjudication_Selected_Classes version="1.0" />
        <Adjudication_Others>
            <CHECK_OVERLAPPED_SPANS>false</CHECK_OVERLAPPED_SPANS>
            <CHECK_ATTRIBUTES>false</CHECK_ATTRIBUTES>
            <CHECK_RELATIONSHIP>false</CHECK_RELATIONSHIP>
            <CHECK_CLASS>false</CHECK_CLASS>
            <CHECK_COMMENT>false</CHECK_COMMENT>
        </Adjudication_Others>
    </eHOST_Adjudication_Status>
</annotations>

