<?xml version="1.0" encoding="UTF-8"?>
<annotations textSource="health-gov-on-ca_20170109T215856.txt">
    <annotation>
        <mention id="EHOST_Instance_60" />
        <annotator id="eHOST_2010">Jiyunsun</annotator>
        <span start="798" end="801" />
        <spannedText>not</spannedText>
        <creationDate>Wed Jan 12 13:30:29 CET 2022</creationDate>
    </annotation>
    <classMention id="EHOST_Instance_60">
        <mentionClass id="NegCue">not</mentionClass>
    </classMention>
    <annotation>
        <mention id="EHOST_Instance_61" />
        <annotator id="eHOST_2010">Jiyunsun</annotator>
        <span start="876" end="878" />
        <spannedText>no</spannedText>
        <creationDate>Wed Jan 12 13:30:50 CET 2022</creationDate>
    </annotation>
    <classMention id="EHOST_Instance_61">
        <mentionClass id="NegCue">no</mentionClass>
    </classMention>
    <annotation>
        <mention id="EHOST_Instance_62" />
        <annotator id="eHOST_2010">Jiyunsun</annotator>
        <span start="1554" end="1556" />
        <spannedText>ir</spannedText>
        <creationDate>Wed Jan 12 13:34:43 CET 2022</creationDate>
    </annotation>
    <classMention id="EHOST_Instance_62">
        <mentionClass id="NegCue">ir</mentionClass>
    </classMention>
    <annotation>
        <mention id="EHOST_Instance_63" />
        <annotator id="eHOST_2010">Jiyunsun</annotator>
        <span start="1687" end="1690" />
        <spannedText>not</spannedText>
        <creationDate>Wed Jan 12 13:35:20 CET 2022</creationDate>
    </annotation>
    <classMention id="EHOST_Instance_63">
        <mentionClass id="NegCue">not</mentionClass>
    </classMention>
    <annotation>
        <mention id="EHOST_Instance_64" />
        <annotator id="eHOST_2010">Jiyunsun</annotator>
        <span start="2855" end="2862" />
        <spannedText>without</spannedText>
        <creationDate>Wed Jan 12 13:38:14 CET 2022</creationDate>
    </annotation>
    <classMention id="EHOST_Instance_64">
        <mentionClass id="NegCue">without</mentionClass>
    </classMention>
    <annotation>
        <mention id="EHOST_Instance_65" />
        <annotator id="eHOST_2010">Jiyunsun</annotator>
        <span start="4757" end="4760" />
        <spannedText>not</spannedText>
        <creationDate>Wed Jan 12 13:40:08 CET 2022</creationDate>
    </annotation>
    <classMention id="EHOST_Instance_65">
        <mentionClass id="NegCue">not</mentionClass>
    </classMention>
    <annotation>
        <mention id="EHOST_Instance_66" />
        <annotator id="eHOST_2010">Jiyunsun</annotator>
        <span start="4797" end="4800" />
        <spannedText>not</spannedText>
        <creationDate>Wed Jan 12 13:40:13 CET 2022</creationDate>
    </annotation>
    <classMention id="EHOST_Instance_66">
        <mentionClass id="NegCue">not</mentionClass>
    </classMention>
    <annotation>
        <mention id="EHOST_Instance_67" />
        <annotator id="eHOST_2010">Jiyunsun</annotator>
        <span start="5782" end="5785" />
        <spannedText>not</spannedText>
        <creationDate>Wed Jan 12 14:55:55 CET 2022</creationDate>
    </annotation>
    <classMention id="EHOST_Instance_67">
        <mentionClass id="NegCue">not</mentionClass>
    </classMention>
    <annotation>
        <mention id="EHOST_Instance_68" />
        <annotator id="eHOST_2010">Jiyunsun</annotator>
        <span start="5864" end="5866" />
        <spannedText>no</spannedText>
        <creationDate>Wed Jan 12 14:56:07 CET 2022</creationDate>
    </annotation>
    <classMention id="EHOST_Instance_68">
        <mentionClass id="NegCue">no</mentionClass>
    </classMention>
    <annotation>
        <mention id="EHOST_Instance_69" />
        <annotator id="eHOST_2010">Jiyunsun</annotator>
        <span start="6090" end="6092" />
        <spannedText>no</spannedText>
        <creationDate>Wed Jan 12 14:56:17 CET 2022</creationDate>
    </annotation>
    <classMention id="EHOST_Instance_69">
        <mentionClass id="NegCue">no</mentionClass>
    </classMention>
    <annotation>
        <mention id="EHOST_Instance_70" />
        <annotator id="eHOST_2010">Jiyunsun</annotator>
        <span start="6469" end="6472" />
        <spannedText>not</spannedText>
        <creationDate>Wed Jan 12 14:56:34 CET 2022</creationDate>
    </annotation>
    <classMention id="EHOST_Instance_70">
        <mentionClass id="NegCue">not</mentionClass>
    </classMention>
    <annotation>
        <mention id="EHOST_Instance_71" />
        <annotator id="eHOST_2010">Jiyunsun</annotator>
        <span start="6575" end="6578" />
        <spannedText>not</spannedText>
        <creationDate>Wed Jan 12 14:56:44 CET 2022</creationDate>
    </annotation>
    <classMention id="EHOST_Instance_71">
        <mentionClass id="NegCue">not</mentionClass>
    </classMention>
    <annotation>
        <mention id="EHOST_Instance_72" />
        <annotator id="eHOST_2010">Extensible_Human_Oracle_Suite_of_Tools</annotator>
        <span start="701" end="704" />
        <spannedText>not</spannedText>
        <creationDate>Thu Jan 13 14:37:04 CET 2022</creationDate>
    </annotation>
    <classMention id="EHOST_Instance_72">
        <mentionClass id="NegCue">not</mentionClass>
    </classMention>
    <annotation>
        <mention id="EHOST_Instance_73" />
        <annotator id="eHOST_2010">Extensible_Human_Oracle_Suite_of_Tools</annotator>
        <span start="3466" end="3469" />
        <spannedText>not</spannedText>
        <creationDate>Thu Jan 13 14:37:19 CET 2022</creationDate>
    </annotation>
    <classMention id="EHOST_Instance_73">
        <mentionClass id="NegCue">not</mentionClass>
    </classMention>
    <annotation>
        <mention id="EHOST_Instance_74" />
        <annotator id="eHOST_2010">Extensible_Human_Oracle_Suite_of_Tools</annotator>
        <span start="6537" end="6540" />
        <spannedText>not</spannedText>
        <creationDate>Thu Jan 13 14:37:35 CET 2022</creationDate>
    </annotation>
    <classMention id="EHOST_Instance_74">
        <mentionClass id="NegCue">not</mentionClass>
    </classMention>
    <eHOST_Adjudication_Status version="1.0">
        <Adjudication_Selected_Annotators version="1.0" />
        <Adjudication_Selected_Classes version="1.0" />
        <Adjudication_Others>
            <CHECK_OVERLAPPED_SPANS>false</CHECK_OVERLAPPED_SPANS>
            <CHECK_ATTRIBUTES>false</CHECK_ATTRIBUTES>
            <CHECK_RELATIONSHIP>false</CHECK_RELATIONSHIP>
            <CHECK_CLASS>false</CHECK_CLASS>
            <CHECK_COMMENT>false</CHECK_COMMENT>
        </Adjudication_Others>
    </eHOST_Adjudication_Status>
</annotations>

