<?xml version="1.0" encoding="UTF-8"?>
<annotations textSource="Heavy-com_20161018T051334.txt">
    <annotation>
        <mention id="EHOST_Instance_246" />
        <annotator id="eHOST_2010">Jiyunsun</annotator>
        <span start="786" end="790" />
        <spannedText>anti</spannedText>
        <creationDate>Wed Jan 12 19:18:44 CET 2022</creationDate>
    </annotation>
    <classMention id="EHOST_Instance_246">
        <mentionClass id="NegCue">anti</mentionClass>
    </classMention>
    <annotation>
        <mention id="EHOST_Instance_247" />
        <annotator id="eHOST_2010">Jiyunsun</annotator>
        <span start="1093" end="1097" />
        <spannedText>Anti</spannedText>
        <creationDate>Wed Jan 12 19:19:01 CET 2022</creationDate>
    </annotation>
    <classMention id="EHOST_Instance_247">
        <mentionClass id="NegCue">Anti</mentionClass>
    </classMention>
    <annotation>
        <mention id="EHOST_Instance_248" />
        <annotator id="eHOST_2010">Jiyunsun</annotator>
        <span start="1619" end="1622" />
        <spannedText>not</spannedText>
        <creationDate>Wed Jan 12 19:19:29 CET 2022</creationDate>
    </annotation>
    <classMention id="EHOST_Instance_248">
        <mentionClass id="NegCue">not</mentionClass>
    </classMention>
    <annotation>
        <mention id="EHOST_Instance_249" />
        <annotator id="eHOST_2010">Jiyunsun</annotator>
        <span start="1754" end="1760" />
        <spannedText>nobody</spannedText>
        <creationDate>Wed Jan 12 19:19:42 CET 2022</creationDate>
    </annotation>
    <classMention id="EHOST_Instance_249">
        <mentionClass id="NegCue">nobody</mentionClass>
    </classMention>
    <annotation>
        <mention id="EHOST_Instance_250" />
        <annotator id="eHOST_2010">Jiyunsun</annotator>
        <span start="1946" end="1953" />
        <spannedText>without</spannedText>
        <creationDate>Wed Jan 12 19:19:51 CET 2022</creationDate>
    </annotation>
    <classMention id="EHOST_Instance_250">
        <mentionClass id="NegCue">without</mentionClass>
    </classMention>
    <annotation>
        <mention id="EHOST_Instance_251" />
        <annotator id="eHOST_2010">Jiyunsun</annotator>
        <span start="1974" end="1976" />
        <spannedText>un</spannedText>
        <creationDate>Wed Jan 12 19:20:38 CET 2022</creationDate>
    </annotation>
    <classMention id="EHOST_Instance_251">
        <mentionClass id="NegCue">un</mentionClass>
    </classMention>
    <annotation>
        <mention id="EHOST_Instance_252" />
        <annotator id="eHOST_2010">Jiyunsun</annotator>
        <span start="2088" end="2092" />
        <spannedText>anti</spannedText>
        <creationDate>Wed Jan 12 19:22:58 CET 2022</creationDate>
    </annotation>
    <classMention id="EHOST_Instance_252">
        <mentionClass id="NegCue">anti</mentionClass>
    </classMention>
    <annotation>
        <mention id="EHOST_Instance_253" />
        <annotator id="eHOST_2010">Jiyunsun</annotator>
        <span start="2278" end="2280" />
        <spannedText>no</spannedText>
        <creationDate>Wed Jan 12 19:24:47 CET 2022</creationDate>
    </annotation>
    <classMention id="EHOST_Instance_253">
        <mentionClass id="NegCue">no</mentionClass>
    </classMention>
    <annotation>
        <mention id="EHOST_Instance_254" />
        <annotator id="eHOST_2010">Jiyunsun</annotator>
        <span start="3186" end="3190" />
        <spannedText>anti</spannedText>
        <creationDate>Wed Jan 12 19:26:40 CET 2022</creationDate>
    </annotation>
    <classMention id="EHOST_Instance_254">
        <mentionClass id="NegCue">anti</mentionClass>
    </classMention>
    <annotation>
        <mention id="EHOST_Instance_255" />
        <annotator id="eHOST_2010">Jiyunsun</annotator>
        <span start="3417" end="3424" />
        <spannedText>nothing</spannedText>
        <creationDate>Wed Jan 12 19:26:51 CET 2022</creationDate>
    </annotation>
    <classMention id="EHOST_Instance_255">
        <mentionClass id="NegCue">nothing</mentionClass>
    </classMention>
    <annotation>
        <mention id="EHOST_Instance_256" />
        <annotator id="eHOST_2010">Jiyunsun</annotator>
        <span start="3431" end="3435" />
        <spannedText>Anti</spannedText>
        <creationDate>Wed Jan 12 19:26:56 CET 2022</creationDate>
    </annotation>
    <classMention id="EHOST_Instance_256">
        <mentionClass id="NegCue">Anti</mentionClass>
    </classMention>
    <annotation>
        <mention id="EHOST_Instance_257" />
        <annotator id="eHOST_2010">Jiyunsun</annotator>
        <span start="3460" end="3464" />
        <spannedText>anti</spannedText>
        <creationDate>Wed Jan 12 19:27:01 CET 2022</creationDate>
    </annotation>
    <classMention id="EHOST_Instance_257">
        <mentionClass id="NegCue">anti</mentionClass>
    </classMention>
    <annotation>
        <mention id="EHOST_Instance_258" />
        <annotator id="eHOST_2010">Jiyunsun</annotator>
        <span start="3505" end="3508" />
        <spannedText>not</spannedText>
        <creationDate>Wed Jan 12 19:27:06 CET 2022</creationDate>
    </annotation>
    <classMention id="EHOST_Instance_258">
        <mentionClass id="NegCue">not</mentionClass>
    </classMention>
    <annotation>
        <mention id="EHOST_Instance_259" />
        <annotator id="eHOST_2010">Jiyunsun</annotator>
        <span start="3725" end="3729" />
        <spannedText>Anti</spannedText>
        <creationDate>Wed Jan 12 19:27:24 CET 2022</creationDate>
    </annotation>
    <classMention id="EHOST_Instance_259">
        <mentionClass id="NegCue">Anti</mentionClass>
    </classMention>
    <annotation>
        <mention id="EHOST_Instance_260" />
        <annotator id="eHOST_2010">Jiyunsun</annotator>
        <span start="3884" end="3886" />
        <spannedText>no</spannedText>
        <creationDate>Wed Jan 12 19:27:38 CET 2022</creationDate>
    </annotation>
    <classMention id="EHOST_Instance_260">
        <mentionClass id="NegCue">no</mentionClass>
    </classMention>
    <annotation>
        <mention id="EHOST_Instance_261" />
        <annotator id="eHOST_2010">Jiyunsun</annotator>
        <span start="3915" end="3919" />
        <spannedText>anti</spannedText>
        <creationDate>Wed Jan 12 19:27:45 CET 2022</creationDate>
    </annotation>
    <classMention id="EHOST_Instance_261">
        <mentionClass id="NegCue">anti</mentionClass>
    </classMention>
    <annotation>
        <mention id="EHOST_Instance_262" />
        <annotator id="eHOST_2010">Jiyunsun</annotator>
        <span start="4049" end="4052" />
        <spannedText>Non</spannedText>
        <creationDate>Wed Jan 12 19:27:54 CET 2022</creationDate>
    </annotation>
    <classMention id="EHOST_Instance_262">
        <mentionClass id="NegCue">Non</mentionClass>
    </classMention>
    <annotation>
        <mention id="EHOST_Instance_263" />
        <annotator id="eHOST_2010">Jiyunsun</annotator>
        <span start="4183" end="4187" />
        <spannedText>anti</spannedText>
        <creationDate>Wed Jan 12 19:28:07 CET 2022</creationDate>
    </annotation>
    <classMention id="EHOST_Instance_263">
        <mentionClass id="NegCue">anti</mentionClass>
    </classMention>
    <annotation>
        <mention id="EHOST_Instance_264" />
        <annotator id="eHOST_2010">Jiyunsun</annotator>
        <span start="4271" end="4275" />
        <spannedText>anti</spannedText>
        <creationDate>Wed Jan 12 19:29:06 CET 2022</creationDate>
    </annotation>
    <classMention id="EHOST_Instance_264">
        <mentionClass id="NegCue">anti</mentionClass>
    </classMention>
    <annotation>
        <mention id="EHOST_Instance_265" />
        <annotator id="eHOST_2010">Jiyunsun</annotator>
        <span start="4670" end="4673" />
        <spannedText>dis</spannedText>
        <creationDate>Wed Jan 12 19:31:10 CET 2022</creationDate>
    </annotation>
    <classMention id="EHOST_Instance_265">
        <mentionClass id="NegCue">dis</mentionClass>
    </classMention>
    <annotation>
        <mention id="EHOST_Instance_266" />
        <annotator id="eHOST_2010">Jiyunsun</annotator>
        <span start="4791" end="4793" />
        <spannedText>no</spannedText>
        <creationDate>Wed Jan 12 19:33:24 CET 2022</creationDate>
    </annotation>
    <classMention id="EHOST_Instance_266">
        <mentionClass id="NegCue">no</mentionClass>
    </classMention>
    <annotation>
        <mention id="EHOST_Instance_267" />
        <annotator id="eHOST_2010">Jiyunsun</annotator>
        <span start="4959" end="4962" />
        <spannedText>dis</spannedText>
        <creationDate>Wed Jan 12 19:33:57 CET 2022</creationDate>
    </annotation>
    <classMention id="EHOST_Instance_267">
        <mentionClass id="NegCue">dis</mentionClass>
    </classMention>
    <annotation>
        <mention id="EHOST_Instance_268" />
        <annotator id="eHOST_2010">Jiyunsun</annotator>
        <span start="6159" end="6163" />
        <spannedText>anti</spannedText>
        <creationDate>Wed Jan 12 19:37:35 CET 2022</creationDate>
    </annotation>
    <classMention id="EHOST_Instance_268">
        <mentionClass id="NegCue">anti</mentionClass>
    </classMention>
    <annotation>
        <mention id="EHOST_Instance_269" />
        <annotator id="eHOST_2010">Jiyunsun</annotator>
        <span start="6300" end="6307" />
        <spannedText>without</spannedText>
        <creationDate>Wed Jan 12 19:37:45 CET 2022</creationDate>
    </annotation>
    <classMention id="EHOST_Instance_269">
        <mentionClass id="NegCue">without</mentionClass>
    </classMention>
    <annotation>
        <mention id="EHOST_Instance_270" />
        <annotator id="eHOST_2010">Jiyunsun</annotator>
        <span start="6736" end="6738" />
        <spannedText>no</spannedText>
        <creationDate>Wed Jan 12 19:39:04 CET 2022</creationDate>
    </annotation>
    <classMention id="EHOST_Instance_270">
        <mentionClass id="NegCue">no</mentionClass>
    </classMention>
    <annotation>
        <mention id="EHOST_Instance_271" />
        <annotator id="eHOST_2010">Jiyunsun</annotator>
        <span start="6988" end="6991" />
        <spannedText>n’t</spannedText>
        <creationDate>Thu Jan 13 12:06:57 CET 2022</creationDate>
    </annotation>
    <classMention id="EHOST_Instance_271">
        <mentionClass id="NegCue">n’t</mentionClass>
    </classMention>
    <annotation>
        <mention id="EHOST_Instance_272" />
        <annotator id="eHOST_2010">Jiyunsun</annotator>
        <span start="7129" end="7132" />
        <spannedText>n’t</spannedText>
        <creationDate>Thu Jan 13 12:07:22 CET 2022</creationDate>
    </annotation>
    <classMention id="EHOST_Instance_272">
        <mentionClass id="NegCue">n’t</mentionClass>
    </classMention>
    <annotation>
        <mention id="EHOST_Instance_273" />
        <annotator id="eHOST_2010">Extensible_Human_Oracle_Suite_of_Tools</annotator>
        <span start="1779" end="1781" />
        <spannedText>no</spannedText>
        <creationDate>Thu Jan 13 14:39:50 CET 2022</creationDate>
    </annotation>
    <classMention id="EHOST_Instance_273">
        <mentionClass id="NegCue">no</mentionClass>
    </classMention>
    <eHOST_Adjudication_Status version="1.0">
        <Adjudication_Selected_Annotators version="1.0" />
        <Adjudication_Selected_Classes version="1.0" />
        <Adjudication_Others>
            <CHECK_OVERLAPPED_SPANS>false</CHECK_OVERLAPPED_SPANS>
            <CHECK_ATTRIBUTES>false</CHECK_ATTRIBUTES>
            <CHECK_RELATIONSHIP>false</CHECK_RELATIONSHIP>
            <CHECK_CLASS>false</CHECK_CLASS>
            <CHECK_COMMENT>false</CHECK_COMMENT>
        </Adjudication_Others>
    </eHOST_Adjudication_Status>
</annotations>

