<?xml version="1.0" encoding="UTF-8"?>
<annotations textSource="Hepatitis-B-Foundation_20160630T014450.txt">
    <annotation>
        <mention id="EHOST_Instance_75" />
        <annotator id="eHOST_2010">Jiyunsun</annotator>
        <span start="30" end="33" />
        <spannedText>non</spannedText>
        <creationDate>Wed Jan 12 19:39:59 CET 2022</creationDate>
    </annotation>
    <classMention id="EHOST_Instance_75">
        <mentionClass id="NegCue">non</mentionClass>
    </classMention>
    <annotation>
        <mention id="EHOST_Instance_76" />
        <annotator id="eHOST_2010">Jiyunsun</annotator>
        <span start="114" end="117" />
        <spannedText>non</spannedText>
        <creationDate>Wed Jan 12 19:40:05 CET 2022</creationDate>
    </annotation>
    <classMention id="EHOST_Instance_76">
        <mentionClass id="NegCue">non</mentionClass>
    </classMention>
    <annotation>
        <mention id="EHOST_Instance_77" />
        <annotator id="eHOST_2010">Jiyunsun</annotator>
        <span start="347" end="350" />
        <spannedText>not</spannedText>
        <creationDate>Wed Jan 12 19:40:17 CET 2022</creationDate>
    </annotation>
    <classMention id="EHOST_Instance_77">
        <mentionClass id="NegCue">not</mentionClass>
    </classMention>
    <annotation>
        <mention id="EHOST_Instance_78" />
        <annotator id="eHOST_2010">Jiyunsun</annotator>
        <span start="648" end="651" />
        <spannedText>not</spannedText>
        <creationDate>Wed Jan 12 19:40:23 CET 2022</creationDate>
    </annotation>
    <classMention id="EHOST_Instance_78">
        <mentionClass id="NegCue">not</mentionClass>
    </classMention>
    <annotation>
        <mention id="EHOST_Instance_79" />
        <annotator id="eHOST_2010">Jiyunsun</annotator>
        <span start="312" end="315" />
        <spannedText>non</spannedText>
        <creationDate>Wed Jan 12 19:40:32 CET 2022</creationDate>
    </annotation>
    <classMention id="EHOST_Instance_79">
        <mentionClass id="NegCue">non</mentionClass>
    </classMention>
    <annotation>
        <mention id="EHOST_Instance_80" />
        <annotator id="eHOST_2010">Jiyunsun</annotator>
        <span start="534" end="538" />
        <spannedText>anti</spannedText>
        <creationDate>Wed Jan 12 19:41:41 CET 2022</creationDate>
    </annotation>
    <classMention id="EHOST_Instance_80">
        <mentionClass id="NegCue">anti</mentionClass>
    </classMention>
    <annotation>
        <mention id="EHOST_Instance_81" />
        <annotator id="eHOST_2010">Jiyunsun</annotator>
        <span start="837" end="841" />
        <spannedText>anti</spannedText>
        <creationDate>Wed Jan 12 19:42:15 CET 2022</creationDate>
    </annotation>
    <classMention id="EHOST_Instance_81">
        <mentionClass id="NegCue">anti</mentionClass>
    </classMention>
    <annotation>
        <mention id="EHOST_Instance_82" />
        <annotator id="eHOST_2010">Jiyunsun</annotator>
        <span start="1028" end="1031" />
        <spannedText>non</spannedText>
        <creationDate>Wed Jan 12 19:42:24 CET 2022</creationDate>
    </annotation>
    <classMention id="EHOST_Instance_82">
        <mentionClass id="NegCue">non</mentionClass>
    </classMention>
    <annotation>
        <mention id="EHOST_Instance_83" />
        <annotator id="eHOST_2010">Jiyunsun</annotator>
        <span start="1619" end="1623" />
        <spannedText>anti</spannedText>
        <creationDate>Wed Jan 12 19:44:10 CET 2022</creationDate>
    </annotation>
    <classMention id="EHOST_Instance_83">
        <mentionClass id="NegCue">anti</mentionClass>
    </classMention>
    <annotation>
        <mention id="EHOST_Instance_84" />
        <annotator id="eHOST_2010">Jiyunsun</annotator>
        <span start="1784" end="1787" />
        <spannedText>non</spannedText>
        <creationDate>Wed Jan 12 19:44:20 CET 2022</creationDate>
    </annotation>
    <classMention id="EHOST_Instance_84">
        <mentionClass id="NegCue">non</mentionClass>
    </classMention>
    <annotation>
        <mention id="EHOST_Instance_85" />
        <annotator id="eHOST_2010">Jiyunsun</annotator>
        <span start="2052" end="2056" />
        <spannedText>anti</spannedText>
        <creationDate>Wed Jan 12 19:44:36 CET 2022</creationDate>
    </annotation>
    <classMention id="EHOST_Instance_85">
        <mentionClass id="NegCue">anti</mentionClass>
    </classMention>
    <annotation>
        <mention id="EHOST_Instance_86" />
        <annotator id="eHOST_2010">Jiyunsun</annotator>
        <span start="2124" end="2127" />
        <spannedText>not</spannedText>
        <creationDate>Wed Jan 12 19:45:45 CET 2022</creationDate>
    </annotation>
    <classMention id="EHOST_Instance_86">
        <mentionClass id="NegCue">not</mentionClass>
    </classMention>
    <annotation>
        <mention id="EHOST_Instance_87" />
        <annotator id="eHOST_2010">Jiyunsun</annotator>
        <span start="28744" end="28746" />
        <spannedText>no</spannedText>
        <creationDate>Wed Jan 12 19:46:04 CET 2022</creationDate>
    </annotation>
    <classMention id="EHOST_Instance_87">
        <mentionClass id="NegCue">no</mentionClass>
    </classMention>
    <annotation>
        <mention id="EHOST_Instance_88" />
        <annotator id="eHOST_2010">Jiyunsun</annotator>
        <span start="2221" end="2225" />
        <spannedText>Anti</spannedText>
        <creationDate>Wed Jan 12 19:46:17 CET 2022</creationDate>
    </annotation>
    <classMention id="EHOST_Instance_88">
        <mentionClass id="NegCue">Anti</mentionClass>
    </classMention>
    <annotation>
        <mention id="EHOST_Instance_89" />
        <annotator id="eHOST_2010">Jiyunsun</annotator>
        <span start="2422" end="2425" />
        <spannedText>n’t</spannedText>
        <creationDate>Thu Jan 13 11:12:37 CET 2022</creationDate>
    </annotation>
    <classMention id="EHOST_Instance_89">
        <mentionClass id="NegCue">n’t</mentionClass>
    </classMention>
    <annotation>
        <mention id="EHOST_Instance_90" />
        <annotator id="eHOST_2010">Jiyunsun</annotator>
        <span start="2453" end="2457" />
        <spannedText>anti</spannedText>
        <creationDate>Wed Jan 12 19:46:38 CET 2022</creationDate>
    </annotation>
    <classMention id="EHOST_Instance_90">
        <mentionClass id="NegCue">anti</mentionClass>
    </classMention>
    <annotation>
        <mention id="EHOST_Instance_91" />
        <annotator id="eHOST_2010">Jiyunsun</annotator>
        <span start="2786" end="2789" />
        <spannedText>non</spannedText>
        <creationDate>Wed Jan 12 19:47:04 CET 2022</creationDate>
    </annotation>
    <classMention id="EHOST_Instance_91">
        <mentionClass id="NegCue">non</mentionClass>
    </classMention>
    <annotation>
        <mention id="EHOST_Instance_92" />
        <annotator id="eHOST_2010">Jiyunsun</annotator>
        <span start="2930" end="2932" />
        <spannedText>no</spannedText>
        <creationDate>Wed Jan 12 19:47:13 CET 2022</creationDate>
    </annotation>
    <classMention id="EHOST_Instance_92">
        <mentionClass id="NegCue">no</mentionClass>
    </classMention>
    <annotation>
        <mention id="EHOST_Instance_93" />
        <annotator id="eHOST_2010">Jiyunsun</annotator>
        <span start="3222" end="3225" />
        <spannedText>non</spannedText>
        <creationDate>Wed Jan 12 19:47:30 CET 2022</creationDate>
    </annotation>
    <classMention id="EHOST_Instance_93">
        <mentionClass id="NegCue">non</mentionClass>
    </classMention>
    <annotation>
        <mention id="EHOST_Instance_94" />
        <annotator id="eHOST_2010">Jiyunsun</annotator>
        <span start="3387" end="3390" />
        <spannedText>non</spannedText>
        <creationDate>Wed Jan 12 19:47:40 CET 2022</creationDate>
    </annotation>
    <classMention id="EHOST_Instance_94">
        <mentionClass id="NegCue">non</mentionClass>
    </classMention>
    <annotation>
        <mention id="EHOST_Instance_95" />
        <annotator id="eHOST_2010">Jiyunsun</annotator>
        <span start="3520" end="3523" />
        <spannedText>not</spannedText>
        <creationDate>Wed Jan 12 19:47:53 CET 2022</creationDate>
    </annotation>
    <classMention id="EHOST_Instance_95">
        <mentionClass id="NegCue">not</mentionClass>
    </classMention>
    <annotation>
        <mention id="EHOST_Instance_96" />
        <annotator id="eHOST_2010">Jiyunsun</annotator>
        <span start="3663" end="3666" />
        <spannedText>non</spannedText>
        <creationDate>Wed Jan 12 19:48:40 CET 2022</creationDate>
    </annotation>
    <classMention id="EHOST_Instance_96">
        <mentionClass id="NegCue">non</mentionClass>
    </classMention>
    <annotation>
        <mention id="EHOST_Instance_97" />
        <annotator id="eHOST_2010">Jiyunsun</annotator>
        <span start="3819" end="3821" />
        <spannedText>un</spannedText>
        <creationDate>Wed Jan 12 19:49:54 CET 2022</creationDate>
    </annotation>
    <classMention id="EHOST_Instance_97">
        <mentionClass id="NegCue">un</mentionClass>
    </classMention>
    <annotation>
        <mention id="EHOST_Instance_98" />
        <annotator id="eHOST_2010">Jiyunsun</annotator>
        <span start="4050" end="4054" />
        <spannedText>anti</spannedText>
        <creationDate>Wed Jan 12 19:50:36 CET 2022</creationDate>
    </annotation>
    <classMention id="EHOST_Instance_98">
        <mentionClass id="NegCue">anti</mentionClass>
    </classMention>
    <annotation>
        <mention id="EHOST_Instance_99" />
        <annotator id="eHOST_2010">Jiyunsun</annotator>
        <span start="4084" end="4087" />
        <spannedText>not</spannedText>
        <creationDate>Wed Jan 12 19:50:43 CET 2022</creationDate>
    </annotation>
    <classMention id="EHOST_Instance_99">
        <mentionClass id="NegCue">not</mentionClass>
    </classMention>
    <annotation>
        <mention id="EHOST_Instance_100" />
        <annotator id="eHOST_2010">Jiyunsun</annotator>
        <span start="4125" end="4129" />
        <spannedText>anti</spannedText>
        <creationDate>Wed Jan 12 19:50:52 CET 2022</creationDate>
    </annotation>
    <classMention id="EHOST_Instance_100">
        <mentionClass id="NegCue">anti</mentionClass>
    </classMention>
    <annotation>
        <mention id="EHOST_Instance_101" />
        <annotator id="eHOST_2010">Jiyunsun</annotator>
        <span start="28254" end="28257" />
        <spannedText>not</spannedText>
        <creationDate>Wed Jan 12 19:57:00 CET 2022</creationDate>
    </annotation>
    <classMention id="EHOST_Instance_101">
        <mentionClass id="NegCue">not</mentionClass>
    </classMention>
    <annotation>
        <mention id="EHOST_Instance_102" />
        <annotator id="eHOST_2010">Jiyunsun</annotator>
        <span start="4844" end="4847" />
        <spannedText>non</spannedText>
        <creationDate>Wed Jan 12 19:57:22 CET 2022</creationDate>
    </annotation>
    <classMention id="EHOST_Instance_102">
        <mentionClass id="NegCue">non</mentionClass>
    </classMention>
    <annotation>
        <mention id="EHOST_Instance_103" />
        <annotator id="eHOST_2010">Jiyunsun</annotator>
        <span start="4872" end="4874" />
        <spannedText>no</spannedText>
        <creationDate>Wed Jan 12 19:57:38 CET 2022</creationDate>
    </annotation>
    <classMention id="EHOST_Instance_103">
        <mentionClass id="NegCue">no</mentionClass>
    </classMention>
    <annotation>
        <mention id="EHOST_Instance_104" />
        <annotator id="eHOST_2010">Jiyunsun</annotator>
        <span start="5238" end="5241" />
        <spannedText>not</spannedText>
        <creationDate>Wed Jan 12 19:57:56 CET 2022</creationDate>
    </annotation>
    <classMention id="EHOST_Instance_104">
        <mentionClass id="NegCue">not</mentionClass>
    </classMention>
    <annotation>
        <mention id="EHOST_Instance_105" />
        <annotator id="eHOST_2010">Jiyunsun</annotator>
        <span start="5292" end="5295" />
        <spannedText>non</spannedText>
        <creationDate>Wed Jan 12 19:58:03 CET 2022</creationDate>
    </annotation>
    <classMention id="EHOST_Instance_105">
        <mentionClass id="NegCue">non</mentionClass>
    </classMention>
    <annotation>
        <mention id="EHOST_Instance_106" />
        <annotator id="eHOST_2010">Jiyunsun</annotator>
        <span start="5455" end="5458" />
        <spannedText>n’t</spannedText>
        <creationDate>Thu Jan 13 11:15:53 CET 2022</creationDate>
    </annotation>
    <classMention id="EHOST_Instance_106">
        <mentionClass id="NegCue">n’t</mentionClass>
    </classMention>
    <annotation>
        <mention id="EHOST_Instance_107" />
        <annotator id="eHOST_2010">Jiyunsun</annotator>
        <span start="6391" end="6394" />
        <spannedText>non</spannedText>
        <creationDate>Wed Jan 12 20:01:20 CET 2022</creationDate>
    </annotation>
    <classMention id="EHOST_Instance_107">
        <mentionClass id="NegCue">non</mentionClass>
    </classMention>
    <annotation>
        <mention id="EHOST_Instance_108" />
        <annotator id="eHOST_2010">Jiyunsun</annotator>
        <span start="6804" end="6807" />
        <spannedText>not</spannedText>
        <creationDate>Wed Jan 12 20:15:09 CET 2022</creationDate>
    </annotation>
    <classMention id="EHOST_Instance_108">
        <mentionClass id="NegCue">not</mentionClass>
    </classMention>
    <annotation>
        <mention id="EHOST_Instance_109" />
        <annotator id="eHOST_2010">Jiyunsun</annotator>
        <span start="7008" end="7012" />
        <spannedText>anti</spannedText>
        <creationDate>Wed Jan 12 20:20:23 CET 2022</creationDate>
    </annotation>
    <classMention id="EHOST_Instance_109">
        <mentionClass id="NegCue">anti</mentionClass>
    </classMention>
    <annotation>
        <mention id="EHOST_Instance_110" />
        <annotator id="eHOST_2010">Jiyunsun</annotator>
        <span start="7272" end="7274" />
        <spannedText>un</spannedText>
        <creationDate>Wed Jan 12 20:21:47 CET 2022</creationDate>
    </annotation>
    <classMention id="EHOST_Instance_110">
        <mentionClass id="NegCue">un</mentionClass>
    </classMention>
    <annotation>
        <mention id="EHOST_Instance_111" />
        <annotator id="eHOST_2010">Jiyunsun</annotator>
        <span start="7523" end="7527" />
        <spannedText>anti</spannedText>
        <creationDate>Wed Jan 12 20:23:07 CET 2022</creationDate>
    </annotation>
    <classMention id="EHOST_Instance_111">
        <mentionClass id="NegCue">anti</mentionClass>
    </classMention>
    <annotation>
        <mention id="EHOST_Instance_112" />
        <annotator id="eHOST_2010">Jiyunsun</annotator>
        <span start="7751" end="7754" />
        <spannedText>n’t</spannedText>
        <creationDate>Thu Jan 13 11:17:42 CET 2022</creationDate>
    </annotation>
    <classMention id="EHOST_Instance_112">
        <mentionClass id="NegCue">n’t</mentionClass>
    </classMention>
    <annotation>
        <mention id="EHOST_Instance_113" />
        <annotator id="eHOST_2010">Jiyunsun</annotator>
        <span start="7946" end="7949" />
        <spannedText>non</spannedText>
        <creationDate>Wed Jan 12 20:23:53 CET 2022</creationDate>
    </annotation>
    <classMention id="EHOST_Instance_113">
        <mentionClass id="NegCue">non</mentionClass>
    </classMention>
    <annotation>
        <mention id="EHOST_Instance_114" />
        <annotator id="eHOST_2010">Jiyunsun</annotator>
        <span start="7998" end="8001" />
        <spannedText>not</spannedText>
        <creationDate>Wed Jan 12 20:24:04 CET 2022</creationDate>
    </annotation>
    <classMention id="EHOST_Instance_114">
        <mentionClass id="NegCue">not</mentionClass>
    </classMention>
    <annotation>
        <mention id="EHOST_Instance_115" />
        <annotator id="eHOST_2010">Jiyunsun</annotator>
        <span start="8074" end="8077" />
        <spannedText>not</spannedText>
        <creationDate>Wed Jan 12 20:24:53 CET 2022</creationDate>
    </annotation>
    <classMention id="EHOST_Instance_115">
        <mentionClass id="NegCue">not</mentionClass>
    </classMention>
    <annotation>
        <mention id="EHOST_Instance_116" />
        <annotator id="eHOST_2010">Jiyunsun</annotator>
        <span start="8254" end="8257" />
        <spannedText>n’t</spannedText>
        <creationDate>Thu Jan 13 11:19:24 CET 2022</creationDate>
    </annotation>
    <classMention id="EHOST_Instance_116">
        <mentionClass id="NegCue">n’t</mentionClass>
    </classMention>
    <annotation>
        <mention id="EHOST_Instance_117" />
        <annotator id="eHOST_2010">Jiyunsun</annotator>
        <span start="8372" end="8375" />
        <spannedText>not</spannedText>
        <creationDate>Wed Jan 12 20:29:12 CET 2022</creationDate>
    </annotation>
    <classMention id="EHOST_Instance_117">
        <mentionClass id="NegCue">not</mentionClass>
    </classMention>
    <annotation>
        <mention id="EHOST_Instance_118" />
        <annotator id="eHOST_2010">Jiyunsun</annotator>
        <span start="9137" end="9139" />
        <span start="9155" end="9157" />
        <spannedText>no ... or</spannedText>
        <creationDate>Wed Jan 12 20:31:46 CET 2022</creationDate>
    </annotation>
    <classMention id="EHOST_Instance_118">
        <mentionClass id="NegCue">no ... or</mentionClass>
    </classMention>
    <annotation>
        <mention id="EHOST_Instance_119" />
        <annotator id="eHOST_2010">Jiyunsun</annotator>
        <span start="9277" end="9280" />
        <spannedText>non</spannedText>
        <creationDate>Wed Jan 12 20:32:13 CET 2022</creationDate>
    </annotation>
    <classMention id="EHOST_Instance_119">
        <mentionClass id="NegCue">non</mentionClass>
    </classMention>
    <annotation>
        <mention id="EHOST_Instance_120" />
        <annotator id="eHOST_2010">Jiyunsun</annotator>
        <span start="9377" end="9381" />
        <spannedText>anti</spannedText>
        <creationDate>Wed Jan 12 20:32:23 CET 2022</creationDate>
    </annotation>
    <classMention id="EHOST_Instance_120">
        <mentionClass id="NegCue">anti</mentionClass>
    </classMention>
    <annotation>
        <mention id="EHOST_Instance_121" />
        <annotator id="eHOST_2010">Jiyunsun</annotator>
        <span start="9459" end="9463" />
        <spannedText>anti</spannedText>
        <creationDate>Wed Jan 12 20:32:29 CET 2022</creationDate>
    </annotation>
    <classMention id="EHOST_Instance_121">
        <mentionClass id="NegCue">anti</mentionClass>
    </classMention>
    <annotation>
        <mention id="EHOST_Instance_122" />
        <annotator id="eHOST_2010">Jiyunsun</annotator>
        <span start="9665" end="9668" />
        <spannedText>non</spannedText>
        <creationDate>Wed Jan 12 20:32:41 CET 2022</creationDate>
    </annotation>
    <classMention id="EHOST_Instance_122">
        <mentionClass id="NegCue">non</mentionClass>
    </classMention>
    <annotation>
        <mention id="EHOST_Instance_123" />
        <annotator id="eHOST_2010">Jiyunsun</annotator>
        <span start="9839" end="9842" />
        <spannedText>non</spannedText>
        <creationDate>Wed Jan 12 20:32:50 CET 2022</creationDate>
    </annotation>
    <classMention id="EHOST_Instance_123">
        <mentionClass id="NegCue">non</mentionClass>
    </classMention>
    <annotation>
        <mention id="EHOST_Instance_124" />
        <annotator id="eHOST_2010">Jiyunsun</annotator>
        <span start="10575" end="10577" />
        <spannedText>in</spannedText>
        <creationDate>Wed Jan 12 20:35:35 CET 2022</creationDate>
    </annotation>
    <classMention id="EHOST_Instance_124">
        <mentionClass id="NegCue">in</mentionClass>
    </classMention>
    <annotation>
        <mention id="EHOST_Instance_125" />
        <annotator id="eHOST_2010">Jiyunsun</annotator>
        <span start="10672" end="10675" />
        <spannedText>non</spannedText>
        <creationDate>Wed Jan 12 20:38:03 CET 2022</creationDate>
    </annotation>
    <classMention id="EHOST_Instance_125">
        <mentionClass id="NegCue">non</mentionClass>
    </classMention>
    <annotation>
        <mention id="EHOST_Instance_126" />
        <annotator id="eHOST_2010">Jiyunsun</annotator>
        <span start="10708" end="10714" />
        <spannedText>unless</spannedText>
        <creationDate>Wed Jan 12 20:38:59 CET 2022</creationDate>
    </annotation>
    <classMention id="EHOST_Instance_126">
        <mentionClass id="NegCue">unless</mentionClass>
    </classMention>
    <annotation>
        <mention id="EHOST_Instance_127" />
        <annotator id="eHOST_2010">Jiyunsun</annotator>
        <span start="10893" end="10897" />
        <spannedText>anti</spannedText>
        <creationDate>Wed Jan 12 20:39:11 CET 2022</creationDate>
    </annotation>
    <classMention id="EHOST_Instance_127">
        <mentionClass id="NegCue">anti</mentionClass>
    </classMention>
    <annotation>
        <mention id="EHOST_Instance_128" />
        <annotator id="eHOST_2010">Jiyunsun</annotator>
        <span start="10951" end="10954" />
        <spannedText>not</spannedText>
        <creationDate>Wed Jan 12 20:39:19 CET 2022</creationDate>
    </annotation>
    <classMention id="EHOST_Instance_128">
        <mentionClass id="NegCue">not</mentionClass>
    </classMention>
    <annotation>
        <mention id="EHOST_Instance_129" />
        <annotator id="eHOST_2010">Jiyunsun</annotator>
        <span start="11044" end="11047" />
        <spannedText>non</spannedText>
        <creationDate>Wed Jan 12 20:40:22 CET 2022</creationDate>
    </annotation>
    <classMention id="EHOST_Instance_129">
        <mentionClass id="NegCue">non</mentionClass>
    </classMention>
    <annotation>
        <mention id="EHOST_Instance_130" />
        <annotator id="eHOST_2010">Jiyunsun</annotator>
        <span start="11186" end="11190" />
        <spannedText>less</spannedText>
        <creationDate>Wed Jan 12 20:42:09 CET 2022</creationDate>
    </annotation>
    <classMention id="EHOST_Instance_130">
        <mentionClass id="NegCue">less</mentionClass>
    </classMention>
    <annotation>
        <mention id="EHOST_Instance_131" />
        <annotator id="eHOST_2010">Jiyunsun</annotator>
        <span start="11291" end="11294" />
        <spannedText>not</spannedText>
        <creationDate>Wed Jan 12 20:42:54 CET 2022</creationDate>
    </annotation>
    <classMention id="EHOST_Instance_131">
        <mentionClass id="NegCue">not</mentionClass>
    </classMention>
    <annotation>
        <mention id="EHOST_Instance_132" />
        <annotator id="eHOST_2010">Jiyunsun</annotator>
        <span start="11403" end="11406" />
        <spannedText>not</spannedText>
        <creationDate>Wed Jan 12 20:43:02 CET 2022</creationDate>
    </annotation>
    <classMention id="EHOST_Instance_132">
        <mentionClass id="NegCue">not</mentionClass>
    </classMention>
    <annotation>
        <mention id="EHOST_Instance_133" />
        <annotator id="eHOST_2010">Jiyunsun</annotator>
        <span start="11483" end="11486" />
        <spannedText>not</spannedText>
        <creationDate>Wed Jan 12 20:43:25 CET 2022</creationDate>
    </annotation>
    <classMention id="EHOST_Instance_133">
        <mentionClass id="NegCue">not</mentionClass>
    </classMention>
    <annotation>
        <mention id="EHOST_Instance_134" />
        <annotator id="eHOST_2010">Jiyunsun</annotator>
        <span start="11501" end="11504" />
        <spannedText>non</spannedText>
        <creationDate>Wed Jan 12 20:43:49 CET 2022</creationDate>
    </annotation>
    <classMention id="EHOST_Instance_134">
        <mentionClass id="NegCue">non</mentionClass>
    </classMention>
    <annotation>
        <mention id="EHOST_Instance_135" />
        <annotator id="eHOST_2010">Jiyunsun</annotator>
        <span start="11719" end="11722" />
        <spannedText>not</spannedText>
        <creationDate>Wed Jan 12 20:44:22 CET 2022</creationDate>
    </annotation>
    <classMention id="EHOST_Instance_135">
        <mentionClass id="NegCue">not</mentionClass>
    </classMention>
    <annotation>
        <mention id="EHOST_Instance_136" />
        <annotator id="eHOST_2010">Jiyunsun</annotator>
        <span start="11785" end="11788" />
        <spannedText>n’t</spannedText>
        <creationDate>Thu Jan 13 11:21:33 CET 2022</creationDate>
    </annotation>
    <classMention id="EHOST_Instance_136">
        <mentionClass id="NegCue">n’t</mentionClass>
    </classMention>
    <annotation>
        <mention id="EHOST_Instance_137" />
        <annotator id="eHOST_2010">Jiyunsun</annotator>
        <span start="11835" end="11838" />
        <spannedText>not</spannedText>
        <creationDate>Wed Jan 12 20:44:36 CET 2022</creationDate>
    </annotation>
    <classMention id="EHOST_Instance_137">
        <mentionClass id="NegCue">not</mentionClass>
    </classMention>
    <annotation>
        <mention id="EHOST_Instance_138" />
        <annotator id="eHOST_2010">Jiyunsun</annotator>
        <span start="12083" end="12087" />
        <spannedText>anti</spannedText>
        <creationDate>Wed Jan 12 20:44:52 CET 2022</creationDate>
    </annotation>
    <classMention id="EHOST_Instance_138">
        <mentionClass id="NegCue">anti</mentionClass>
    </classMention>
    <annotation>
        <mention id="EHOST_Instance_139" />
        <annotator id="eHOST_2010">Jiyunsun</annotator>
        <span start="12099" end="12103" />
        <spannedText>anti</spannedText>
        <creationDate>Wed Jan 12 20:46:01 CET 2022</creationDate>
    </annotation>
    <classMention id="EHOST_Instance_139">
        <mentionClass id="NegCue">anti</mentionClass>
    </classMention>
    <annotation>
        <mention id="EHOST_Instance_140" />
        <annotator id="eHOST_2010">Jiyunsun</annotator>
        <span start="12281" end="12285" />
        <spannedText>anti</spannedText>
        <creationDate>Wed Jan 12 20:46:39 CET 2022</creationDate>
    </annotation>
    <classMention id="EHOST_Instance_140">
        <mentionClass id="NegCue">anti</mentionClass>
    </classMention>
    <annotation>
        <mention id="EHOST_Instance_141" />
        <annotator id="eHOST_2010">Jiyunsun</annotator>
        <span start="13002" end="13006" />
        <spannedText>anti</spannedText>
        <creationDate>Wed Jan 12 20:48:59 CET 2022</creationDate>
    </annotation>
    <classMention id="EHOST_Instance_141">
        <mentionClass id="NegCue">anti</mentionClass>
    </classMention>
    <annotation>
        <mention id="EHOST_Instance_142" />
        <annotator id="eHOST_2010">Jiyunsun</annotator>
        <span start="13269" end="13272" />
        <spannedText>not</spannedText>
        <creationDate>Wed Jan 12 20:49:41 CET 2022</creationDate>
    </annotation>
    <classMention id="EHOST_Instance_142">
        <mentionClass id="NegCue">not</mentionClass>
    </classMention>
    <annotation>
        <mention id="EHOST_Instance_143" />
        <annotator id="eHOST_2010">Jiyunsun</annotator>
        <span start="13322" end="13325" />
        <spannedText>non</spannedText>
        <creationDate>Wed Jan 12 20:49:49 CET 2022</creationDate>
    </annotation>
    <classMention id="EHOST_Instance_143">
        <mentionClass id="NegCue">non</mentionClass>
    </classMention>
    <annotation>
        <mention id="EHOST_Instance_144" />
        <annotator id="eHOST_2010">Jiyunsun</annotator>
        <span start="13617" end="13620" />
        <spannedText>not</spannedText>
        <creationDate>Wed Jan 12 20:50:02 CET 2022</creationDate>
    </annotation>
    <classMention id="EHOST_Instance_144">
        <mentionClass id="NegCue">not</mentionClass>
    </classMention>
    <annotation>
        <mention id="EHOST_Instance_145" />
        <annotator id="eHOST_2010">Jiyunsun</annotator>
        <span start="13635" end="13638" />
        <spannedText>not</spannedText>
        <creationDate>Thu Jan 13 11:22:41 CET 2022</creationDate>
    </annotation>
    <classMention id="EHOST_Instance_145">
        <mentionClass id="NegCue">not</mentionClass>
    </classMention>
    <annotation>
        <mention id="EHOST_Instance_146" />
        <annotator id="eHOST_2010">Jiyunsun</annotator>
        <span start="13730" end="13733" />
        <spannedText>not</spannedText>
        <creationDate>Wed Jan 12 20:50:40 CET 2022</creationDate>
    </annotation>
    <classMention id="EHOST_Instance_146">
        <mentionClass id="NegCue">not</mentionClass>
    </classMention>
    <annotation>
        <mention id="EHOST_Instance_147" />
        <annotator id="eHOST_2010">Jiyunsun</annotator>
        <span start="13840" end="13843" />
        <spannedText>not</spannedText>
        <creationDate>Wed Jan 12 20:50:56 CET 2022</creationDate>
    </annotation>
    <classMention id="EHOST_Instance_147">
        <mentionClass id="NegCue">not</mentionClass>
    </classMention>
    <annotation>
        <mention id="EHOST_Instance_148" />
        <annotator id="eHOST_2010">Jiyunsun</annotator>
        <span start="13960" end="13963" />
        <spannedText>n’t</spannedText>
        <creationDate>Thu Jan 13 11:23:37 CET 2022</creationDate>
    </annotation>
    <classMention id="EHOST_Instance_148">
        <mentionClass id="NegCue">n’t</mentionClass>
    </classMention>
    <annotation>
        <mention id="EHOST_Instance_149" />
        <annotator id="eHOST_2010">Jiyunsun</annotator>
        <span start="14338" end="14341" />
        <spannedText>non</spannedText>
        <creationDate>Wed Jan 12 21:00:51 CET 2022</creationDate>
    </annotation>
    <classMention id="EHOST_Instance_149">
        <mentionClass id="NegCue">non</mentionClass>
    </classMention>
    <annotation>
        <mention id="EHOST_Instance_150" />
        <annotator id="eHOST_2010">Jiyunsun</annotator>
        <span start="14740" end="14745" />
        <spannedText>don’t</spannedText>
        <creationDate>Wed Jan 12 20:52:06 CET 2022</creationDate>
    </annotation>
    <classMention id="EHOST_Instance_150">
        <mentionClass id="NegCue">don’t</mentionClass>
    </classMention>
    <annotation>
        <mention id="EHOST_Instance_151" />
        <annotator id="eHOST_2010">Jiyunsun</annotator>
        <span start="14435" end="14438" />
        <spannedText>n’t</spannedText>
        <creationDate>Thu Jan 13 11:25:25 CET 2022</creationDate>
    </annotation>
    <classMention id="EHOST_Instance_151">
        <mentionClass id="NegCue">n’t</mentionClass>
    </classMention>
    <annotation>
        <mention id="EHOST_Instance_152" />
        <annotator id="eHOST_2010">Jiyunsun</annotator>
        <span start="14558" end="14561" />
        <spannedText>n’t</spannedText>
        <creationDate>Thu Jan 13 11:26:13 CET 2022</creationDate>
    </annotation>
    <classMention id="EHOST_Instance_152">
        <mentionClass id="NegCue">n’t</mentionClass>
    </classMention>
    <annotation>
        <mention id="EHOST_Instance_153" />
        <annotator id="eHOST_2010">Jiyunsun</annotator>
        <span start="14763" end="14768" />
        <spannedText>don’t</spannedText>
        <creationDate>Wed Jan 12 20:52:31 CET 2022</creationDate>
    </annotation>
    <classMention id="EHOST_Instance_153">
        <mentionClass id="NegCue">don’t</mentionClass>
    </classMention>
    <annotation>
        <mention id="EHOST_Instance_154" />
        <annotator id="eHOST_2010">Jiyunsun</annotator>
        <span start="14905" end="14908" />
        <spannedText>not</spannedText>
        <creationDate>Wed Jan 12 20:52:40 CET 2022</creationDate>
    </annotation>
    <classMention id="EHOST_Instance_154">
        <mentionClass id="NegCue">not</mentionClass>
    </classMention>
    <annotation>
        <mention id="EHOST_Instance_155" />
        <annotator id="eHOST_2010">Jiyunsun</annotator>
        <span start="14956" end="14959" />
        <spannedText>not</spannedText>
        <creationDate>Wed Jan 12 20:52:49 CET 2022</creationDate>
    </annotation>
    <classMention id="EHOST_Instance_155">
        <mentionClass id="NegCue">not</mentionClass>
    </classMention>
    <annotation>
        <mention id="EHOST_Instance_156" />
        <annotator id="eHOST_2010">Jiyunsun</annotator>
        <span start="15040" end="15043" />
        <spannedText>not</spannedText>
        <creationDate>Wed Jan 12 20:52:58 CET 2022</creationDate>
    </annotation>
    <classMention id="EHOST_Instance_156">
        <mentionClass id="NegCue">not</mentionClass>
    </classMention>
    <annotation>
        <mention id="EHOST_Instance_157" />
        <annotator id="eHOST_2010">Jiyunsun</annotator>
        <span start="15097" end="15101" />
        <spannedText>anti</spannedText>
        <creationDate>Wed Jan 12 20:53:05 CET 2022</creationDate>
    </annotation>
    <classMention id="EHOST_Instance_157">
        <mentionClass id="NegCue">anti</mentionClass>
    </classMention>
    <annotation>
        <mention id="EHOST_Instance_158" />
        <annotator id="eHOST_2010">Jiyunsun</annotator>
        <span start="15201" end="15204" />
        <spannedText>not</spannedText>
        <creationDate>Wed Jan 12 20:53:13 CET 2022</creationDate>
    </annotation>
    <classMention id="EHOST_Instance_158">
        <mentionClass id="NegCue">not</mentionClass>
    </classMention>
    <annotation>
        <mention id="EHOST_Instance_159" />
        <annotator id="eHOST_2010">Jiyunsun</annotator>
        <span start="15249" end="15251" />
        <spannedText>un</spannedText>
        <creationDate>Wed Jan 12 21:03:08 CET 2022</creationDate>
    </annotation>
    <classMention id="EHOST_Instance_159">
        <mentionClass id="NegCue">un</mentionClass>
    </classMention>
    <annotation>
        <mention id="EHOST_Instance_160" />
        <annotator id="eHOST_2010">Jiyunsun</annotator>
        <span start="15483" end="15486" />
        <spannedText>not</spannedText>
        <creationDate>Wed Jan 12 20:53:43 CET 2022</creationDate>
    </annotation>
    <classMention id="EHOST_Instance_160">
        <mentionClass id="NegCue">not</mentionClass>
    </classMention>
    <annotation>
        <mention id="EHOST_Instance_161" />
        <annotator id="eHOST_2010">Jiyunsun</annotator>
        <span start="15616" end="15620" />
        <spannedText>anti</spannedText>
        <creationDate>Wed Jan 12 20:53:53 CET 2022</creationDate>
    </annotation>
    <classMention id="EHOST_Instance_161">
        <mentionClass id="NegCue">anti</mentionClass>
    </classMention>
    <annotation>
        <mention id="EHOST_Instance_162" />
        <annotator id="eHOST_2010">Jiyunsun</annotator>
        <span start="15734" end="15737" />
        <spannedText>not</spannedText>
        <creationDate>Wed Jan 12 20:54:14 CET 2022</creationDate>
    </annotation>
    <classMention id="EHOST_Instance_162">
        <mentionClass id="NegCue">not</mentionClass>
    </classMention>
    <annotation>
        <mention id="EHOST_Instance_163" />
        <annotator id="eHOST_2010">Jiyunsun</annotator>
        <span start="15873" end="15876" />
        <spannedText>non</spannedText>
        <creationDate>Wed Jan 12 20:54:23 CET 2022</creationDate>
    </annotation>
    <classMention id="EHOST_Instance_163">
        <mentionClass id="NegCue">non</mentionClass>
    </classMention>
    <annotation>
        <mention id="EHOST_Instance_164" />
        <annotator id="eHOST_2010">Jiyunsun</annotator>
        <span start="15898" end="15902" />
        <spannedText>anti</spannedText>
        <creationDate>Wed Jan 12 21:10:05 CET 2022</creationDate>
    </annotation>
    <classMention id="EHOST_Instance_164">
        <mentionClass id="NegCue">anti</mentionClass>
    </classMention>
    <annotation>
        <mention id="EHOST_Instance_165" />
        <annotator id="eHOST_2010">Jiyunsun</annotator>
        <span start="15998" end="16003" />
        <spannedText>never</spannedText>
        <creationDate>Wed Jan 12 20:54:38 CET 2022</creationDate>
    </annotation>
    <classMention id="EHOST_Instance_165">
        <mentionClass id="NegCue">never</mentionClass>
    </classMention>
    <annotation>
        <mention id="EHOST_Instance_166" />
        <annotator id="eHOST_2010">Jiyunsun</annotator>
        <span start="16012" end="16016" />
        <spannedText>anti</spannedText>
        <creationDate>Wed Jan 12 21:12:02 CET 2022</creationDate>
    </annotation>
    <classMention id="EHOST_Instance_166">
        <mentionClass id="NegCue">anti</mentionClass>
    </classMention>
    <annotation>
        <mention id="EHOST_Instance_167" />
        <annotator id="eHOST_2010">Jiyunsun</annotator>
        <span start="16240" end="16243" />
        <spannedText>not</spannedText>
        <creationDate>Wed Jan 12 20:54:58 CET 2022</creationDate>
    </annotation>
    <classMention id="EHOST_Instance_167">
        <mentionClass id="NegCue">not</mentionClass>
    </classMention>
    <annotation>
        <mention id="EHOST_Instance_168" />
        <annotator id="eHOST_2010">Jiyunsun</annotator>
        <span start="6343" end="6345" />
        <spannedText>no</spannedText>
        <creationDate>Wed Jan 12 20:55:46 CET 2022</creationDate>
    </annotation>
    <classMention id="EHOST_Instance_168">
        <mentionClass id="NegCue">no</mentionClass>
    </classMention>
    <annotation>
        <mention id="EHOST_Instance_169" />
        <annotator id="eHOST_2010">Jiyunsun</annotator>
        <span start="10192" end="10199" />
        <spannedText>without</spannedText>
        <creationDate>Wed Jan 12 20:57:33 CET 2022</creationDate>
    </annotation>
    <classMention id="EHOST_Instance_169">
        <mentionClass id="NegCue">without</mentionClass>
    </classMention>
    <annotation>
        <mention id="EHOST_Instance_170" />
        <annotator id="eHOST_2010">Jiyunsun</annotator>
        <span start="10369" end="10372" />
        <spannedText>not</spannedText>
        <creationDate>Wed Jan 12 20:57:45 CET 2022</creationDate>
    </annotation>
    <classMention id="EHOST_Instance_170">
        <mentionClass id="NegCue">not</mentionClass>
    </classMention>
    <annotation>
        <mention id="EHOST_Instance_171" />
        <annotator id="eHOST_2010">Jiyunsun</annotator>
        <span start="16110" end="16113" />
        <spannedText>not</spannedText>
        <creationDate>Wed Jan 12 21:12:31 CET 2022</creationDate>
    </annotation>
    <classMention id="EHOST_Instance_171">
        <mentionClass id="NegCue">not</mentionClass>
    </classMention>
    <annotation>
        <mention id="EHOST_Instance_172" />
        <annotator id="eHOST_2010">Jiyunsun</annotator>
        <span start="16083" end="16086" />
        <spannedText>not</spannedText>
        <creationDate>Wed Jan 12 21:12:39 CET 2022</creationDate>
    </annotation>
    <classMention id="EHOST_Instance_172">
        <mentionClass id="NegCue">not</mentionClass>
    </classMention>
    <annotation>
        <mention id="EHOST_Instance_173" />
        <annotator id="eHOST_2010">Jiyunsun</annotator>
        <span start="16381" end="16384" />
        <spannedText>non</spannedText>
        <creationDate>Wed Jan 12 21:12:59 CET 2022</creationDate>
    </annotation>
    <classMention id="EHOST_Instance_173">
        <mentionClass id="NegCue">non</mentionClass>
    </classMention>
    <annotation>
        <mention id="EHOST_Instance_174" />
        <annotator id="eHOST_2010">Jiyunsun</annotator>
        <span start="16430" end="16435" />
        <spannedText>won’t</spannedText>
        <creationDate>Wed Jan 12 21:13:07 CET 2022</creationDate>
    </annotation>
    <classMention id="EHOST_Instance_174">
        <mentionClass id="NegCue">won’t</mentionClass>
    </classMention>
    <annotation>
        <mention id="EHOST_Instance_175" />
        <annotator id="eHOST_2010">Jiyunsun</annotator>
        <span start="16463" end="16469" />
        <spannedText>either</spannedText>
        <creationDate>Wed Jan 12 21:13:21 CET 2022</creationDate>
    </annotation>
    <classMention id="EHOST_Instance_175">
        <mentionClass id="NegCue">either</mentionClass>
    </classMention>
    <annotation>
        <mention id="EHOST_Instance_176" />
        <annotator id="eHOST_2010">Jiyunsun</annotator>
        <span start="16530" end="16533" />
        <spannedText>not</spannedText>
        <creationDate>Wed Jan 12 21:13:32 CET 2022</creationDate>
    </annotation>
    <classMention id="EHOST_Instance_176">
        <mentionClass id="NegCue">not</mentionClass>
    </classMention>
    <annotation>
        <mention id="EHOST_Instance_177" />
        <annotator id="eHOST_2010">Jiyunsun</annotator>
        <span start="16621" end="16625" />
        <spannedText>anti</spannedText>
        <creationDate>Wed Jan 12 21:14:34 CET 2022</creationDate>
    </annotation>
    <classMention id="EHOST_Instance_177">
        <mentionClass id="NegCue">anti</mentionClass>
    </classMention>
    <annotation>
        <mention id="EHOST_Instance_178" />
        <annotator id="eHOST_2010">Jiyunsun</annotator>
        <span start="16847" end="16850" />
        <spannedText>non</spannedText>
        <creationDate>Wed Jan 12 21:16:45 CET 2022</creationDate>
    </annotation>
    <classMention id="EHOST_Instance_178">
        <mentionClass id="NegCue">non</mentionClass>
    </classMention>
    <annotation>
        <mention id="EHOST_Instance_179" />
        <annotator id="eHOST_2010">Jiyunsun</annotator>
        <span start="17028" end="17031" />
        <spannedText>NON</spannedText>
        <creationDate>Wed Jan 12 21:20:17 CET 2022</creationDate>
    </annotation>
    <classMention id="EHOST_Instance_179">
        <mentionClass id="NegCue">NON</mentionClass>
    </classMention>
    <annotation>
        <mention id="EHOST_Instance_180" />
        <annotator id="eHOST_2010">Jiyunsun</annotator>
        <span start="17789" end="17792" />
        <spannedText>not</spannedText>
        <creationDate>Wed Jan 12 21:31:15 CET 2022</creationDate>
    </annotation>
    <classMention id="EHOST_Instance_180">
        <mentionClass id="NegCue">not</mentionClass>
    </classMention>
    <annotation>
        <mention id="EHOST_Instance_181" />
        <annotator id="eHOST_2010">Jiyunsun</annotator>
        <span start="18256" end="18259" />
        <spannedText>not</spannedText>
        <creationDate>Wed Jan 12 21:31:28 CET 2022</creationDate>
    </annotation>
    <classMention id="EHOST_Instance_181">
        <mentionClass id="NegCue">not</mentionClass>
    </classMention>
    <annotation>
        <mention id="EHOST_Instance_182" />
        <annotator id="eHOST_2010">Jiyunsun</annotator>
        <span start="18441" end="18444" />
        <spannedText>not</spannedText>
        <creationDate>Wed Jan 12 21:32:45 CET 2022</creationDate>
    </annotation>
    <classMention id="EHOST_Instance_182">
        <mentionClass id="NegCue">not</mentionClass>
    </classMention>
    <annotation>
        <mention id="EHOST_Instance_183" />
        <annotator id="eHOST_2010">Jiyunsun</annotator>
        <span start="18577" end="18579" />
        <span start="18580" end="18586" />
        <spannedText>no ... longer</spannedText>
        <creationDate>Wed Jan 12 21:43:01 CET 2022</creationDate>
    </annotation>
    <classMention id="EHOST_Instance_183">
        <mentionClass id="NegCue">no ... longer</mentionClass>
    </classMention>
    <annotation>
        <mention id="EHOST_Instance_184" />
        <annotator id="eHOST_2010">Jiyunsun</annotator>
        <span start="18908" end="18911" />
        <spannedText>not</spannedText>
        <creationDate>Wed Jan 12 21:43:18 CET 2022</creationDate>
    </annotation>
    <classMention id="EHOST_Instance_184">
        <mentionClass id="NegCue">not</mentionClass>
    </classMention>
    <annotation>
        <mention id="EHOST_Instance_185" />
        <annotator id="eHOST_2010">Jiyunsun</annotator>
        <span start="19081" end="19084" />
        <spannedText>non</spannedText>
        <creationDate>Wed Jan 12 21:43:32 CET 2022</creationDate>
    </annotation>
    <classMention id="EHOST_Instance_185">
        <mentionClass id="NegCue">non</mentionClass>
    </classMention>
    <annotation>
        <mention id="EHOST_Instance_186" />
        <annotator id="eHOST_2010">Jiyunsun</annotator>
        <span start="19175" end="19179" />
        <spannedText>anti</spannedText>
        <creationDate>Wed Jan 12 21:43:42 CET 2022</creationDate>
    </annotation>
    <classMention id="EHOST_Instance_186">
        <mentionClass id="NegCue">anti</mentionClass>
    </classMention>
    <annotation>
        <mention id="EHOST_Instance_187" />
        <annotator id="eHOST_2010">Jiyunsun</annotator>
        <span start="19320" end="19323" />
        <spannedText>not</spannedText>
        <creationDate>Wed Jan 12 21:44:46 CET 2022</creationDate>
    </annotation>
    <classMention id="EHOST_Instance_187">
        <mentionClass id="NegCue">not</mentionClass>
    </classMention>
    <annotation>
        <mention id="EHOST_Instance_188" />
        <annotator id="eHOST_2010">Jiyunsun</annotator>
        <span start="19448" end="19451" />
        <spannedText>not</spannedText>
        <creationDate>Wed Jan 12 21:45:06 CET 2022</creationDate>
    </annotation>
    <classMention id="EHOST_Instance_188">
        <mentionClass id="NegCue">not</mentionClass>
    </classMention>
    <annotation>
        <mention id="EHOST_Instance_189" />
        <annotator id="eHOST_2010">Jiyunsun</annotator>
        <span start="21687" end="21690" />
        <spannedText>not</spannedText>
        <creationDate>Wed Jan 12 21:46:15 CET 2022</creationDate>
    </annotation>
    <classMention id="EHOST_Instance_189">
        <mentionClass id="NegCue">not</mentionClass>
    </classMention>
    <annotation>
        <mention id="EHOST_Instance_190" />
        <annotator id="eHOST_2010">Jiyunsun</annotator>
        <span start="22018" end="22021" />
        <spannedText>n’t</spannedText>
        <creationDate>Thu Jan 13 11:34:46 CET 2022</creationDate>
    </annotation>
    <classMention id="EHOST_Instance_190">
        <mentionClass id="NegCue">n’t</mentionClass>
    </classMention>
    <annotation>
        <mention id="EHOST_Instance_191" />
        <annotator id="eHOST_2010">Jiyunsun</annotator>
        <span start="22206" end="22209" />
        <spannedText>n’t</spannedText>
        <creationDate>Thu Jan 13 11:34:00 CET 2022</creationDate>
    </annotation>
    <classMention id="EHOST_Instance_191">
        <mentionClass id="NegCue">n’t</mentionClass>
    </classMention>
    <annotation>
        <mention id="EHOST_Instance_192" />
        <annotator id="eHOST_2010">Jiyunsun</annotator>
        <span start="22499" end="22502" />
        <spannedText>not</spannedText>
        <creationDate>Wed Jan 12 21:47:04 CET 2022</creationDate>
    </annotation>
    <classMention id="EHOST_Instance_192">
        <mentionClass id="NegCue">not</mentionClass>
    </classMention>
    <annotation>
        <mention id="EHOST_Instance_193" />
        <annotator id="eHOST_2010">Jiyunsun</annotator>
        <span start="22669" end="22672" />
        <spannedText>not</spannedText>
        <creationDate>Wed Jan 12 21:47:18 CET 2022</creationDate>
    </annotation>
    <classMention id="EHOST_Instance_193">
        <mentionClass id="NegCue">not</mentionClass>
    </classMention>
    <annotation>
        <mention id="EHOST_Instance_194" />
        <annotator id="eHOST_2010">Jiyunsun</annotator>
        <span start="22766" end="22768" />
        <spannedText>no</spannedText>
        <creationDate>Wed Jan 12 21:47:28 CET 2022</creationDate>
    </annotation>
    <classMention id="EHOST_Instance_194">
        <mentionClass id="NegCue">no</mentionClass>
    </classMention>
    <annotation>
        <mention id="EHOST_Instance_195" />
        <annotator id="eHOST_2010">Jiyunsun</annotator>
        <span start="22910" end="22913" />
        <spannedText>n’t</spannedText>
        <creationDate>Thu Jan 13 11:32:43 CET 2022</creationDate>
    </annotation>
    <classMention id="EHOST_Instance_195">
        <mentionClass id="NegCue">n’t</mentionClass>
    </classMention>
    <annotation>
        <mention id="EHOST_Instance_196" />
        <annotator id="eHOST_2010">Jiyunsun</annotator>
        <span start="24728" end="24731" />
        <spannedText>n’t</spannedText>
        <creationDate>Thu Jan 13 11:30:19 CET 2022</creationDate>
    </annotation>
    <classMention id="EHOST_Instance_196">
        <mentionClass id="NegCue">n’t</mentionClass>
    </classMention>
    <annotation>
        <mention id="EHOST_Instance_197" />
        <annotator id="eHOST_2010">Jiyunsun</annotator>
        <span start="24864" end="24867" />
        <spannedText>not</spannedText>
        <creationDate>Wed Jan 12 21:49:06 CET 2022</creationDate>
    </annotation>
    <classMention id="EHOST_Instance_197">
        <mentionClass id="NegCue">not</mentionClass>
    </classMention>
    <annotation>
        <mention id="EHOST_Instance_198" />
        <annotator id="eHOST_2010">Jiyunsun</annotator>
        <span start="25824" end="25827" />
        <spannedText>non</spannedText>
        <creationDate>Wed Jan 12 21:49:43 CET 2022</creationDate>
    </annotation>
    <classMention id="EHOST_Instance_198">
        <mentionClass id="NegCue">non</mentionClass>
    </classMention>
    <annotation>
        <mention id="EHOST_Instance_199" />
        <annotator id="eHOST_2010">Jiyunsun</annotator>
        <span start="26149" end="26152" />
        <spannedText>not</spannedText>
        <creationDate>Wed Jan 12 21:50:09 CET 2022</creationDate>
    </annotation>
    <classMention id="EHOST_Instance_199">
        <mentionClass id="NegCue">not</mentionClass>
    </classMention>
    <annotation>
        <mention id="EHOST_Instance_200" />
        <annotator id="eHOST_2010">Jiyunsun</annotator>
        <span start="26346" end="26349" />
        <spannedText>not</spannedText>
        <creationDate>Wed Jan 12 21:50:21 CET 2022</creationDate>
    </annotation>
    <classMention id="EHOST_Instance_200">
        <mentionClass id="NegCue">not</mentionClass>
    </classMention>
    <annotation>
        <mention id="EHOST_Instance_201" />
        <annotator id="eHOST_2010">Jiyunsun</annotator>
        <span start="26649" end="26651" />
        <spannedText>no</spannedText>
        <creationDate>Wed Jan 12 21:50:35 CET 2022</creationDate>
    </annotation>
    <classMention id="EHOST_Instance_201">
        <mentionClass id="NegCue">no</mentionClass>
    </classMention>
    <annotation>
        <mention id="EHOST_Instance_202" />
        <annotator id="eHOST_2010">Jiyunsun</annotator>
        <span start="27293" end="27296" />
        <spannedText>not</spannedText>
        <creationDate>Wed Jan 12 21:50:58 CET 2022</creationDate>
    </annotation>
    <classMention id="EHOST_Instance_202">
        <mentionClass id="NegCue">not</mentionClass>
    </classMention>
    <annotation>
        <mention id="EHOST_Instance_203" />
        <annotator id="eHOST_2010">Jiyunsun</annotator>
        <span start="27720" end="27723" />
        <spannedText>n’t</spannedText>
        <creationDate>Thu Jan 13 11:28:51 CET 2022</creationDate>
    </annotation>
    <classMention id="EHOST_Instance_203">
        <mentionClass id="NegCue">n’t</mentionClass>
    </classMention>
    <annotation>
        <mention id="EHOST_Instance_204" />
        <annotator id="eHOST_2010">Jiyunsun</annotator>
        <span start="7287" end="7290" />
        <spannedText>not</spannedText>
        <creationDate>Wed Jan 12 21:52:00 CET 2022</creationDate>
    </annotation>
    <classMention id="EHOST_Instance_204">
        <mentionClass id="NegCue">not</mentionClass>
    </classMention>
    <annotation>
        <mention id="EHOST_Instance_205" />
        <annotator id="eHOST_2010">Jiyunsun</annotator>
        <span start="9717" end="9720" />
        <spannedText>not</spannedText>
        <creationDate>Wed Jan 12 21:52:17 CET 2022</creationDate>
    </annotation>
    <classMention id="EHOST_Instance_205">
        <mentionClass id="NegCue">not</mentionClass>
    </classMention>
    <annotation>
        <mention id="EHOST_Instance_206" />
        <annotator id="eHOST_2010">Jiyunsun</annotator>
        <span start="11633" end="11636" />
        <spannedText>not</spannedText>
        <creationDate>Wed Jan 12 21:52:36 CET 2022</creationDate>
    </annotation>
    <classMention id="EHOST_Instance_206">
        <mentionClass id="NegCue">not</mentionClass>
    </classMention>
    <annotation>
        <mention id="EHOST_Instance_207" />
        <annotator id="eHOST_2010">Jiyunsun</annotator>
        <span start="13090" end="13093" />
        <spannedText>not</spannedText>
        <creationDate>Wed Jan 12 21:52:53 CET 2022</creationDate>
    </annotation>
    <classMention id="EHOST_Instance_207">
        <mentionClass id="NegCue">not</mentionClass>
    </classMention>
    <annotation>
        <mention id="EHOST_Instance_208" />
        <annotator id="eHOST_2010">Jiyunsun</annotator>
        <span start="18580" end="18586" />
        <spannedText>longer</spannedText>
        <creationDate>Wed Jan 12 21:53:13 CET 2022</creationDate>
    </annotation>
    <classMention id="EHOST_Instance_208">
        <mentionClass id="NegCue">longer</mentionClass>
    </classMention>
    <annotation>
        <mention id="EHOST_Instance_209" />
        <annotator id="eHOST_2010">Jiyunsun</annotator>
        <span start="21857" end="21860" />
        <spannedText>not</spannedText>
        <creationDate>Wed Jan 12 21:55:13 CET 2022</creationDate>
    </annotation>
    <classMention id="EHOST_Instance_209">
        <mentionClass id="NegCue">not</mentionClass>
    </classMention>
    <annotation>
        <mention id="EHOST_Instance_210" />
        <annotator id="eHOST_2010">Jiyunsun</annotator>
        <span start="28434" end="28437" />
        <spannedText>not</spannedText>
        <creationDate>Wed Jan 12 21:55:26 CET 2022</creationDate>
    </annotation>
    <classMention id="EHOST_Instance_210">
        <mentionClass id="NegCue">not</mentionClass>
    </classMention>
    <annotation>
        <mention id="EHOST_Instance_211" />
        <annotator id="eHOST_2010">Jiyunsun</annotator>
        <span start="25599" end="25602" />
        <spannedText>not</spannedText>
        <creationDate>Wed Jan 12 21:55:50 CET 2022</creationDate>
    </annotation>
    <classMention id="EHOST_Instance_211">
        <mentionClass id="NegCue">not</mentionClass>
    </classMention>
    <annotation>
        <mention id="EHOST_Instance_212" />
        <annotator id="eHOST_2010">Jiyunsun</annotator>
        <span start="25449" end="25452" />
        <spannedText>not</spannedText>
        <creationDate>Wed Jan 12 21:55:58 CET 2022</creationDate>
    </annotation>
    <classMention id="EHOST_Instance_212">
        <mentionClass id="NegCue">not</mentionClass>
    </classMention>
    <annotation>
        <mention id="EHOST_Instance_213" />
        <annotator id="eHOST_2010">Jiyunsun</annotator>
        <span start="25325" end="25328" />
        <spannedText>not</spannedText>
        <creationDate>Wed Jan 12 21:56:10 CET 2022</creationDate>
    </annotation>
    <classMention id="EHOST_Instance_213">
        <mentionClass id="NegCue">not</mentionClass>
    </classMention>
    <annotation>
        <mention id="EHOST_Instance_214" />
        <annotator id="eHOST_2010">Jiyunsun</annotator>
        <span start="25214" end="25217" />
        <spannedText>not</spannedText>
        <creationDate>Wed Jan 12 21:56:32 CET 2022</creationDate>
    </annotation>
    <classMention id="EHOST_Instance_214">
        <mentionClass id="NegCue">not</mentionClass>
    </classMention>
    <annotation>
        <mention id="EHOST_Instance_215" />
        <annotator id="eHOST_2010">Jiyunsun</annotator>
        <span start="14812" end="14815" />
        <spannedText>not</spannedText>
        <creationDate>Wed Jan 12 21:56:53 CET 2022</creationDate>
    </annotation>
    <classMention id="EHOST_Instance_215">
        <mentionClass id="NegCue">not</mentionClass>
    </classMention>
    <annotation>
        <mention id="EHOST_Instance_216" />
        <annotator id="eHOST_2010">Jiyunsun</annotator>
        <span start="15149" end="15152" />
        <spannedText>not</spannedText>
        <creationDate>Wed Jan 12 21:57:00 CET 2022</creationDate>
    </annotation>
    <classMention id="EHOST_Instance_216">
        <mentionClass id="NegCue">not</mentionClass>
    </classMention>
    <annotation>
        <mention id="EHOST_Instance_217" />
        <annotator id="eHOST_2010">Jiyunsun</annotator>
        <span start="24112" end="24115" />
        <spannedText>not</spannedText>
        <creationDate>Wed Jan 12 21:57:22 CET 2022</creationDate>
    </annotation>
    <classMention id="EHOST_Instance_217">
        <mentionClass id="NegCue">not</mentionClass>
    </classMention>
    <annotation>
        <mention id="EHOST_Instance_218" />
        <annotator id="eHOST_2010">Jiyunsun</annotator>
        <span start="22728" end="22731" />
        <spannedText>not</spannedText>
        <creationDate>Wed Jan 12 21:57:43 CET 2022</creationDate>
    </annotation>
    <classMention id="EHOST_Instance_218">
        <mentionClass id="NegCue">not</mentionClass>
    </classMention>
    <annotation>
        <mention id="EHOST_Instance_219" />
        <annotator id="eHOST_2010">Jiyunsun</annotator>
        <span start="22164" end="22167" />
        <spannedText>not</spannedText>
        <creationDate>Wed Jan 12 21:57:49 CET 2022</creationDate>
    </annotation>
    <classMention id="EHOST_Instance_219">
        <mentionClass id="NegCue">not</mentionClass>
    </classMention>
    <annotation>
        <mention id="EHOST_Instance_220" />
        <annotator id="eHOST_2010">Jiyunsun</annotator>
        <span start="15245" end="15248" />
        <spannedText>not</spannedText>
        <creationDate>Wed Jan 12 21:58:21 CET 2022</creationDate>
    </annotation>
    <classMention id="EHOST_Instance_220">
        <mentionClass id="NegCue">not</mentionClass>
    </classMention>
    <annotation>
        <mention id="EHOST_Instance_221" />
        <annotator id="eHOST_2010">Jiyunsun</annotator>
        <span start="6582" end="6585" />
        <spannedText>Non</spannedText>
        <creationDate>Wed Jan 12 21:59:34 CET 2022</creationDate>
    </annotation>
    <classMention id="EHOST_Instance_221">
        <mentionClass id="NegCue">Non</mentionClass>
    </classMention>
    <eHOST_Adjudication_Status version="1.0">
        <Adjudication_Selected_Annotators version="1.0" />
        <Adjudication_Selected_Classes version="1.0" />
        <Adjudication_Others>
            <CHECK_OVERLAPPED_SPANS>false</CHECK_OVERLAPPED_SPANS>
            <CHECK_ATTRIBUTES>false</CHECK_ATTRIBUTES>
            <CHECK_RELATIONSHIP>false</CHECK_RELATIONSHIP>
            <CHECK_CLASS>false</CHECK_CLASS>
            <CHECK_COMMENT>false</CHECK_COMMENT>
        </Adjudication_Others>
    </eHOST_Adjudication_Status>
</annotations>

