<?xml version="1.0" encoding="UTF-8"?>
<annotations textSource="fitfortravel-scot-nhs-uk_20160608T202918.txt">
    <annotation>
        <mention id="EHOST_Instance_19471" />
        <annotator id="eHOST_2010">Giorgio Malinverni</annotator>
        <span start="609" end="612" />
        <spannedText>not</spannedText>
        <creationDate>Thu Jan 13 00:45:45 CET 2022</creationDate>
    </annotation>
    <classMention id="EHOST_Instance_19471">
        <mentionClass id="NegCue">not</mentionClass>
    </classMention>
    <annotation>
        <mention id="EHOST_Instance_19472" />
        <annotator id="eHOST_2010">Giorgio Malinverni</annotator>
        <span start="1848" end="1852" />
        <spannedText>none</spannedText>
        <creationDate>Thu Jan 13 00:46:41 CET 2022</creationDate>
    </annotation>
    <classMention id="EHOST_Instance_19472">
        <mentionClass id="NegCue">none</mentionClass>
    </classMention>
    <annotation>
        <mention id="EHOST_Instance_19473" />
        <annotator id="eHOST_2010">Giorgio Malinverni</annotator>
        <span start="2947" end="2950" />
        <spannedText>not</spannedText>
        <creationDate>Thu Jan 13 00:47:38 CET 2022</creationDate>
    </annotation>
    <classMention id="EHOST_Instance_19473">
        <mentionClass id="NegCue">not</mentionClass>
    </classMention>
    <annotation>
        <mention id="EHOST_Instance_19474" />
        <annotator id="eHOST_2010">Giorgio Malinverni</annotator>
        <span start="2981" end="2984" />
        <spannedText>not</spannedText>
        <creationDate>Thu Jan 13 00:47:40 CET 2022</creationDate>
    </annotation>
    <classMention id="EHOST_Instance_19474">
        <mentionClass id="NegCue">not</mentionClass>
    </classMention>
    <annotation>
        <mention id="EHOST_Instance_19475" />
        <annotator id="eHOST_2010">Giorgio Malinverni</annotator>
        <span start="3685" end="3687" />
        <spannedText>no</spannedText>
        <creationDate>Thu Jan 13 00:48:24 CET 2022</creationDate>
    </annotation>
    <classMention id="EHOST_Instance_19475">
        <mentionClass id="NegCue">no</mentionClass>
    </classMention>
    <annotation>
        <mention id="EHOST_Instance_19476" />
        <annotator id="eHOST_2010">Giorgio Malinverni</annotator>
        <span start="4350" end="4353" />
        <spannedText>not</spannedText>
        <creationDate>Thu Jan 13 00:49:04 CET 2022</creationDate>
    </annotation>
    <classMention id="EHOST_Instance_19476">
        <mentionClass id="NegCue">not</mentionClass>
    </classMention>
    <annotation>
        <mention id="EHOST_Instance_19477" />
        <annotator id="eHOST_2010">Giorgio Malinverni</annotator>
        <span start="4743" end="4746" />
        <spannedText>not</spannedText>
        <creationDate>Thu Jan 13 00:49:25 CET 2022</creationDate>
    </annotation>
    <classMention id="EHOST_Instance_19477">
        <mentionClass id="NegCue">not</mentionClass>
    </classMention>
    <eHOST_Adjudication_Status version="1.0">
        <Adjudication_Selected_Annotators version="1.0" />
        <Adjudication_Selected_Classes version="1.0" />
        <Adjudication_Others>
            <CHECK_OVERLAPPED_SPANS>false</CHECK_OVERLAPPED_SPANS>
            <CHECK_ATTRIBUTES>false</CHECK_ATTRIBUTES>
            <CHECK_RELATIONSHIP>false</CHECK_RELATIONSHIP>
            <CHECK_CLASS>false</CHECK_CLASS>
            <CHECK_COMMENT>false</CHECK_COMMENT>
        </Adjudication_Others>
    </eHOST_Adjudication_Status>
</annotations>

