<?xml version="1.0" encoding="UTF-8"?>
<annotations textSource="Fox-News_20161029T114432.txt">
    <annotation>
        <mention id="EHOST_Instance_19517" />
        <annotator id="eHOST_2010">Giorgio Malinverni</annotator>
        <span start="335" end="342" />
        <spannedText>without</spannedText>
        <creationDate>Wed Jan 12 17:53:15 CET 2022</creationDate>
    </annotation>
    <classMention id="EHOST_Instance_19517">
        <mentionClass id="NegCue">without</mentionClass>
    </classMention>
    <annotation>
        <mention id="EHOST_Instance_19518" />
        <annotator id="eHOST_2010">Giorgio Malinverni</annotator>
        <span start="445" end="452" />
        <spannedText>without</spannedText>
        <creationDate>Wed Jan 12 17:53:25 CET 2022</creationDate>
    </annotation>
    <classMention id="EHOST_Instance_19518">
        <mentionClass id="NegCue">without</mentionClass>
    </classMention>
    <annotation>
        <mention id="EHOST_Instance_19519" />
        <annotator id="eHOST_2010">Giorgio Malinverni</annotator>
        <span start="709" end="712" />
        <spannedText>dis</spannedText>
        <creationDate>Wed Jan 12 17:54:37 CET 2022</creationDate>
    </annotation>
    <classMention id="EHOST_Instance_19519">
        <mentionClass id="NegCue">dis</mentionClass>
    </classMention>
    <annotation>
        <mention id="EHOST_Instance_19520" />
        <annotator id="eHOST_2010">Giorgio Malinverni</annotator>
        <span start="753" end="756" />
        <spannedText>not</spannedText>
        <creationDate>Wed Jan 12 17:54:50 CET 2022</creationDate>
    </annotation>
    <classMention id="EHOST_Instance_19520">
        <mentionClass id="NegCue">not</mentionClass>
    </classMention>
    <annotation>
        <mention id="EHOST_Instance_19521" />
        <annotator id="eHOST_2010">Giorgio Malinverni</annotator>
        <span start="1215" end="1218" />
        <spannedText>not</spannedText>
        <creationDate>Wed Jan 12 18:01:05 CET 2022</creationDate>
    </annotation>
    <classMention id="EHOST_Instance_19521">
        <mentionClass id="NegCue">not</mentionClass>
    </classMention>
    <annotation>
        <mention id="EHOST_Instance_19522" />
        <annotator id="eHOST_2010">Giorgio Malinverni</annotator>
        <span start="1551" end="1556" />
        <spannedText>never</spannedText>
        <creationDate>Wed Jan 12 18:01:21 CET 2022</creationDate>
    </annotation>
    <classMention id="EHOST_Instance_19522">
        <mentionClass id="NegCue">never</mentionClass>
    </classMention>
    <annotation>
        <mention id="EHOST_Instance_19523" />
        <annotator id="eHOST_2010">Giorgio Malinverni</annotator>
        <span start="1853" end="1856" />
        <spannedText>not</spannedText>
        <creationDate>Wed Jan 12 18:01:46 CET 2022</creationDate>
    </annotation>
    <classMention id="EHOST_Instance_19523">
        <mentionClass id="NegCue">not</mentionClass>
    </classMention>
    <annotation>
        <mention id="EHOST_Instance_19524" />
        <annotator id="eHOST_2010">Giorgio Malinverni</annotator>
        <span start="1930" end="1935" />
        <spannedText>never</spannedText>
        <creationDate>Wed Jan 12 18:02:01 CET 2022</creationDate>
    </annotation>
    <classMention id="EHOST_Instance_19524">
        <mentionClass id="NegCue">never</mentionClass>
    </classMention>
    <annotation>
        <mention id="EHOST_Instance_19525" />
        <annotator id="eHOST_2010">Giorgio Malinverni</annotator>
        <span start="2209" end="2216" />
        <spannedText>without</spannedText>
        <creationDate>Wed Jan 12 18:02:28 CET 2022</creationDate>
    </annotation>
    <classMention id="EHOST_Instance_19525">
        <mentionClass id="NegCue">without</mentionClass>
    </classMention>
    <annotation>
        <mention id="EHOST_Instance_19526" />
        <annotator id="eHOST_2010">Giorgio Malinverni</annotator>
        <span start="2546" end="2548" />
        <spannedText>no</spannedText>
        <creationDate>Wed Jan 12 18:03:15 CET 2022</creationDate>
    </annotation>
    <classMention id="EHOST_Instance_19526">
        <mentionClass id="NegCue">no</mentionClass>
    </classMention>
    <annotation>
        <mention id="EHOST_Instance_19527" />
        <annotator id="eHOST_2010">Giorgio Malinverni</annotator>
        <span start="2610" end="2619" />
        <spannedText>no longer</spannedText>
        <creationDate>Wed Jan 12 18:03:24 CET 2022</creationDate>
    </annotation>
    <classMention id="EHOST_Instance_19527">
        <mentionClass id="NegCue">no longer</mentionClass>
    </classMention>
    <annotation>
        <mention id="EHOST_Instance_19528" />
        <annotator id="eHOST_2010">Giorgio Malinverni</annotator>
        <span start="3480" end="3484" />
        <spannedText>less</spannedText>
        <creationDate>Wed Jan 12 18:04:53 CET 2022</creationDate>
    </annotation>
    <classMention id="EHOST_Instance_19528">
        <mentionClass id="NegCue">less</mentionClass>
    </classMention>
    <annotation>
        <mention id="EHOST_Instance_19529" />
        <annotator id="eHOST_2010">Giorgio Malinverni</annotator>
        <span start="3739" end="3742" />
        <spannedText>not</spannedText>
        <creationDate>Wed Jan 12 18:05:26 CET 2022</creationDate>
    </annotation>
    <classMention id="EHOST_Instance_19529">
        <mentionClass id="NegCue">not</mentionClass>
    </classMention>
    <annotation>
        <mention id="EHOST_Instance_19530" />
        <annotator id="eHOST_2010">Giorgio Malinverni</annotator>
        <span start="3814" end="3817" />
        <span start="3823" end="3825" />
        <spannedText>not ... or</spannedText>
        <creationDate>Wed Jan 12 18:05:38 CET 2022</creationDate>
    </annotation>
    <classMention id="EHOST_Instance_19530">
        <mentionClass id="NegCue">not ... or</mentionClass>
    </classMention>
    <annotation>
        <mention id="EHOST_Instance_19531" />
        <annotator id="eHOST_2010">Giorgio Malinverni</annotator>
        <span start="3969" end="3973" />
        <spannedText>none</spannedText>
        <creationDate>Wed Jan 12 18:09:16 CET 2022</creationDate>
    </annotation>
    <classMention id="EHOST_Instance_19531">
        <mentionClass id="NegCue">none</mentionClass>
    </classMention>
    <annotation>
        <mention id="EHOST_Instance_19532" />
        <annotator id="eHOST_2010">Giorgio Malinverni</annotator>
        <span start="4749" end="4754" />
        <spannedText>never</spannedText>
        <creationDate>Wed Jan 12 18:10:32 CET 2022</creationDate>
    </annotation>
    <classMention id="EHOST_Instance_19532">
        <mentionClass id="NegCue">never</mentionClass>
    </classMention>
    <annotation>
        <mention id="EHOST_Instance_19533" />
        <annotator id="eHOST_2010">Giorgio Malinverni</annotator>
        <span start="4867" end="4870" />
        <spannedText>not</spannedText>
        <creationDate>Wed Jan 12 18:10:41 CET 2022</creationDate>
    </annotation>
    <classMention id="EHOST_Instance_19533">
        <mentionClass id="NegCue">not</mentionClass>
    </classMention>
    <annotation>
        <mention id="EHOST_Instance_19534" />
        <annotator id="eHOST_2010">Giorgio Malinverni</annotator>
        <span start="5583" end="5586" />
        <spannedText>not</spannedText>
        <creationDate>Wed Jan 12 18:12:20 CET 2022</creationDate>
    </annotation>
    <classMention id="EHOST_Instance_19534">
        <mentionClass id="NegCue">not</mentionClass>
    </classMention>
    <annotation>
        <mention id="EHOST_Instance_19535" />
        <annotator id="eHOST_2010">Giorgio Malinverni</annotator>
        <span start="5666" end="5669" />
        <spannedText>n’t</spannedText>
        <creationDate>Wed Jan 12 18:13:51 CET 2022</creationDate>
    </annotation>
    <classMention id="EHOST_Instance_19535">
        <mentionClass id="NegCue">n’t</mentionClass>
    </classMention>
    <annotation>
        <mention id="EHOST_Instance_19536" />
        <annotator id="eHOST_2010">Giorgio Malinverni</annotator>
        <span start="7554" end="7556" />
        <spannedText>un</spannedText>
        <creationDate>Wed Jan 12 18:18:37 CET 2022</creationDate>
    </annotation>
    <classMention id="EHOST_Instance_19536">
        <mentionClass id="NegCue">un</mentionClass>
    </classMention>
    <annotation>
        <mention id="EHOST_Instance_19537" />
        <annotator id="eHOST_2010">Giorgio Malinverni</annotator>
        <span start="7611" end="7613" />
        <spannedText>no</spannedText>
        <creationDate>Wed Jan 12 18:18:57 CET 2022</creationDate>
    </annotation>
    <classMention id="EHOST_Instance_19537">
        <mentionClass id="NegCue">no</mentionClass>
    </classMention>
    <annotation>
        <mention id="EHOST_Instance_19538" />
        <annotator id="eHOST_2010">Giorgio Malinverni</annotator>
        <span start="8309" end="8312" />
        <spannedText>not</spannedText>
        <creationDate>Wed Jan 12 18:20:26 CET 2022</creationDate>
    </annotation>
    <classMention id="EHOST_Instance_19538">
        <mentionClass id="NegCue">not</mentionClass>
    </classMention>
    <annotation>
        <mention id="EHOST_Instance_19539" />
        <annotator id="eHOST_2010">Giorgio Malinverni</annotator>
        <span start="8719" end="8722" />
        <spannedText>not</spannedText>
        <creationDate>Wed Jan 12 18:20:53 CET 2022</creationDate>
    </annotation>
    <classMention id="EHOST_Instance_19539">
        <mentionClass id="NegCue">not</mentionClass>
    </classMention>
    <annotation>
        <mention id="EHOST_Instance_19540" />
        <annotator id="eHOST_2010">Giorgio Malinverni</annotator>
        <span start="9002" end="9004" />
        <spannedText>no</spannedText>
        <creationDate>Wed Jan 12 18:21:44 CET 2022</creationDate>
    </annotation>
    <classMention id="EHOST_Instance_19540">
        <mentionClass id="NegCue">no</mentionClass>
    </classMention>
    <annotation>
        <mention id="EHOST_Instance_19541" />
        <annotator id="eHOST_2010">Giorgio Malinverni</annotator>
        <span start="9408" end="9411" />
        <spannedText>Not</spannedText>
        <creationDate>Wed Jan 12 18:22:43 CET 2022</creationDate>
    </annotation>
    <classMention id="EHOST_Instance_19541">
        <mentionClass id="NegCue">Not</mentionClass>
    </classMention>
    <annotation>
        <mention id="EHOST_Instance_19542" />
        <annotator id="eHOST_2010">Giorgio Malinverni</annotator>
        <span start="10063" end="10070" />
        <spannedText>nothing</spannedText>
        <creationDate>Wed Jan 12 18:24:54 CET 2022</creationDate>
    </annotation>
    <classMention id="EHOST_Instance_19542">
        <mentionClass id="NegCue">nothing</mentionClass>
    </classMention>
    <annotation>
        <mention id="EHOST_Instance_19543" />
        <annotator id="eHOST_2010">Giorgio Malinverni</annotator>
        <span start="10705" end="10713" />
        <span start="10741" end="10744" />
        <span start="10768" end="10775" />
        <spannedText>not just ... but ... as well</spannedText>
        <creationDate>Wed Jan 12 18:26:05 CET 2022</creationDate>
    </annotation>
    <classMention id="EHOST_Instance_19543">
        <mentionClass id="NegCue">not just ... but ... as well</mentionClass>
    </classMention>
    <annotation>
        <mention id="EHOST_Instance_19544" />
        <annotator id="eHOST_2010">Giorgio Malinverni</annotator>
        <span start="11455" end="11458" />
        <spannedText>not</spannedText>
        <creationDate>Wed Jan 12 18:29:09 CET 2022</creationDate>
    </annotation>
    <classMention id="EHOST_Instance_19544">
        <mentionClass id="NegCue">not</mentionClass>
    </classMention>
    <annotation>
        <mention id="EHOST_Instance_19545" />
        <annotator id="eHOST_2010">Giorgio Malinverni</annotator>
        <span start="11712" end="11715" />
        <spannedText>not</spannedText>
        <creationDate>Wed Jan 12 18:29:41 CET 2022</creationDate>
    </annotation>
    <classMention id="EHOST_Instance_19545">
        <mentionClass id="NegCue">not</mentionClass>
    </classMention>
    <annotation>
        <mention id="EHOST_Instance_19546" />
        <annotator id="eHOST_2010">Giorgio Malinverni</annotator>
        <span start="12183" end="12190" />
        <spannedText>without</spannedText>
        <creationDate>Wed Jan 12 18:31:15 CET 2022</creationDate>
    </annotation>
    <classMention id="EHOST_Instance_19546">
        <mentionClass id="NegCue">without</mentionClass>
    </classMention>
    <annotation>
        <mention id="EHOST_Instance_19547" />
        <annotator id="eHOST_2010">Giorgio Malinverni</annotator>
        <span start="12536" end="12539" />
        <spannedText>not</spannedText>
        <creationDate>Wed Jan 12 18:32:10 CET 2022</creationDate>
    </annotation>
    <classMention id="EHOST_Instance_19547">
        <mentionClass id="NegCue">not</mentionClass>
    </classMention>
    <annotation>
        <mention id="EHOST_Instance_19548" />
        <annotator id="eHOST_2010">Giorgio Malinverni</annotator>
        <span start="12813" end="12816" />
        <spannedText>not</spannedText>
        <creationDate>Wed Jan 12 18:32:41 CET 2022</creationDate>
    </annotation>
    <classMention id="EHOST_Instance_19548">
        <mentionClass id="NegCue">not</mentionClass>
    </classMention>
    <annotation>
        <mention id="EHOST_Instance_19549" />
        <annotator id="eHOST_2010">Giorgio Malinverni</annotator>
        <span start="13253" end="13256" />
        <spannedText>not</spannedText>
        <creationDate>Wed Jan 12 18:33:18 CET 2022</creationDate>
    </annotation>
    <classMention id="EHOST_Instance_19549">
        <mentionClass id="NegCue">not</mentionClass>
    </classMention>
    <annotation>
        <mention id="EHOST_Instance_19550" />
        <annotator id="eHOST_2010">Giorgio Malinverni</annotator>
        <span start="13442" end="13445" />
        <spannedText>n’t</spannedText>
        <creationDate>Wed Jan 12 18:33:40 CET 2022</creationDate>
    </annotation>
    <classMention id="EHOST_Instance_19550">
        <mentionClass id="NegCue">n’t</mentionClass>
    </classMention>
    <annotation>
        <mention id="EHOST_Instance_19551" />
        <annotator id="eHOST_2010">Giorgio Malinverni</annotator>
        <span start="13970" end="13975" />
        <spannedText>never</spannedText>
        <creationDate>Wed Jan 12 18:34:12 CET 2022</creationDate>
    </annotation>
    <classMention id="EHOST_Instance_19551">
        <mentionClass id="NegCue">never</mentionClass>
    </classMention>
    <annotation>
        <mention id="EHOST_Instance_19552" />
        <annotator id="eHOST_2010">Giorgio Malinverni</annotator>
        <span start="14038" end="14041" />
        <spannedText>not</spannedText>
        <creationDate>Wed Jan 12 18:34:20 CET 2022</creationDate>
    </annotation>
    <classMention id="EHOST_Instance_19552">
        <mentionClass id="NegCue">not</mentionClass>
    </classMention>
    <annotation>
        <mention id="EHOST_Instance_19553" />
        <annotator id="eHOST_2010">Giorgio Malinverni</annotator>
        <span start="15391" end="15394" />
        <spannedText>not</spannedText>
        <creationDate>Wed Jan 12 18:35:50 CET 2022</creationDate>
    </annotation>
    <classMention id="EHOST_Instance_19553">
        <mentionClass id="NegCue">not</mentionClass>
    </classMention>
    <annotation>
        <mention id="EHOST_Instance_19554" />
        <annotator id="eHOST_2010">Giorgio Malinverni</annotator>
        <span start="15656" end="15661" />
        <spannedText>never</spannedText>
        <creationDate>Wed Jan 12 18:36:39 CET 2022</creationDate>
    </annotation>
    <classMention id="EHOST_Instance_19554">
        <mentionClass id="NegCue">never</mentionClass>
    </classMention>
    <annotation>
        <mention id="EHOST_Instance_19555" />
        <annotator id="eHOST_2010">Giorgio Malinverni</annotator>
        <span start="15828" end="15831" />
        <spannedText>not</spannedText>
        <creationDate>Wed Jan 12 18:36:47 CET 2022</creationDate>
    </annotation>
    <classMention id="EHOST_Instance_19555">
        <mentionClass id="NegCue">not</mentionClass>
    </classMention>
    <eHOST_Adjudication_Status version="1.0">
        <Adjudication_Selected_Annotators version="1.0" />
        <Adjudication_Selected_Classes version="1.0" />
        <Adjudication_Others>
            <CHECK_OVERLAPPED_SPANS>false</CHECK_OVERLAPPED_SPANS>
            <CHECK_ATTRIBUTES>false</CHECK_ATTRIBUTES>
            <CHECK_RELATIONSHIP>false</CHECK_RELATIONSHIP>
            <CHECK_CLASS>false</CHECK_CLASS>
            <CHECK_COMMENT>false</CHECK_COMMENT>
        </Adjudication_Others>
    </eHOST_Adjudication_Status>
</annotations>

