<?xml version="1.0" encoding="UTF-8"?>
<annotations textSource="globalresearch-ca_20170312T001802.txt">
    <annotation>
        <mention id="EHOST_Instance_19478" />
        <annotator id="eHOST_2010">Giorgio Malinverni</annotator>
        <span start="10" end="12" />
        <spannedText>no</spannedText>
        <creationDate>Thu Jan 13 01:16:18 CET 2022</creationDate>
    </annotation>
    <classMention id="EHOST_Instance_19478">
        <mentionClass id="NegCue">no</mentionClass>
    </classMention>
    <annotation>
        <mention id="EHOST_Instance_19479" />
        <annotator id="eHOST_2010">Giorgio Malinverni</annotator>
        <span start="283" end="286" />
        <spannedText>not</spannedText>
        <creationDate>Thu Jan 13 01:16:37 CET 2022</creationDate>
    </annotation>
    <classMention id="EHOST_Instance_19479">
        <mentionClass id="NegCue">not</mentionClass>
    </classMention>
    <annotation>
        <mention id="EHOST_Instance_19480" />
        <annotator id="eHOST_2010">Giorgio Malinverni</annotator>
        <span start="1293" end="1295" />
        <spannedText>un</spannedText>
        <creationDate>Thu Jan 13 01:18:12 CET 2022</creationDate>
    </annotation>
    <classMention id="EHOST_Instance_19480">
        <mentionClass id="NegCue">un</mentionClass>
    </classMention>
    <annotation>
        <mention id="EHOST_Instance_19481" />
        <annotator id="eHOST_2010">Giorgio Malinverni</annotator>
        <span start="1406" end="1410" />
        <spannedText>None</spannedText>
        <creationDate>Thu Jan 13 01:18:19 CET 2022</creationDate>
    </annotation>
    <classMention id="EHOST_Instance_19481">
        <mentionClass id="NegCue">None</mentionClass>
    </classMention>
    <annotation>
        <mention id="EHOST_Instance_19482" />
        <annotator id="eHOST_2010">Giorgio Malinverni</annotator>
        <span start="1476" end="1478" />
        <spannedText>un</spannedText>
        <creationDate>Thu Jan 13 01:18:29 CET 2022</creationDate>
    </annotation>
    <classMention id="EHOST_Instance_19482">
        <mentionClass id="NegCue">un</mentionClass>
    </classMention>
    <annotation>
        <mention id="EHOST_Instance_19483" />
        <annotator id="eHOST_2010">Giorgio Malinverni</annotator>
        <span start="1504" end="1508" />
        <spannedText>none</spannedText>
        <creationDate>Thu Jan 13 01:18:33 CET 2022</creationDate>
    </annotation>
    <classMention id="EHOST_Instance_19483">
        <mentionClass id="NegCue">none</mentionClass>
    </classMention>
    <annotation>
        <mention id="EHOST_Instance_19484" />
        <annotator id="eHOST_2010">Giorgio Malinverni</annotator>
        <span start="1529" end="1531" />
        <spannedText>un</spannedText>
        <creationDate>Thu Jan 13 01:18:44 CET 2022</creationDate>
    </annotation>
    <classMention id="EHOST_Instance_19484">
        <mentionClass id="NegCue">un</mentionClass>
    </classMention>
    <annotation>
        <mention id="EHOST_Instance_19485" />
        <annotator id="eHOST_2010">Giorgio Malinverni</annotator>
        <span start="1658" end="1660" />
        <spannedText>in</spannedText>
        <creationDate>Thu Jan 13 01:18:57 CET 2022</creationDate>
    </annotation>
    <classMention id="EHOST_Instance_19485">
        <mentionClass id="NegCue">in</mentionClass>
    </classMention>
    <annotation>
        <mention id="EHOST_Instance_19486" />
        <annotator id="eHOST_2010">Giorgio Malinverni</annotator>
        <span start="1715" end="1717" />
        <spannedText>un</spannedText>
        <creationDate>Thu Jan 13 01:19:10 CET 2022</creationDate>
    </annotation>
    <classMention id="EHOST_Instance_19486">
        <mentionClass id="NegCue">un</mentionClass>
    </classMention>
    <annotation>
        <mention id="EHOST_Instance_19487" />
        <annotator id="eHOST_2010">Giorgio Malinverni</annotator>
        <span start="1761" end="1763" />
        <spannedText>un</spannedText>
        <creationDate>Thu Jan 13 01:19:20 CET 2022</creationDate>
    </annotation>
    <classMention id="EHOST_Instance_19487">
        <mentionClass id="NegCue">un</mentionClass>
    </classMention>
    <annotation>
        <mention id="EHOST_Instance_19488" />
        <annotator id="eHOST_2010">Giorgio Malinverni</annotator>
        <span start="1995" end="1997" />
        <spannedText>no</spannedText>
        <creationDate>Thu Jan 13 01:19:44 CET 2022</creationDate>
    </annotation>
    <classMention id="EHOST_Instance_19488">
        <mentionClass id="NegCue">no</mentionClass>
    </classMention>
    <annotation>
        <mention id="EHOST_Instance_19489" />
        <annotator id="eHOST_2010">Giorgio Malinverni</annotator>
        <span start="2240" end="2242" />
        <spannedText>no</spannedText>
        <creationDate>Thu Jan 13 01:20:10 CET 2022</creationDate>
    </annotation>
    <classMention id="EHOST_Instance_19489">
        <mentionClass id="NegCue">no</mentionClass>
    </classMention>
    <annotation>
        <mention id="EHOST_Instance_19490" />
        <annotator id="eHOST_2010">Giorgio Malinverni</annotator>
        <span start="2328" end="2331" />
        <spannedText>not</spannedText>
        <creationDate>Thu Jan 13 01:20:15 CET 2022</creationDate>
    </annotation>
    <classMention id="EHOST_Instance_19490">
        <mentionClass id="NegCue">not</mentionClass>
    </classMention>
    <annotation>
        <mention id="EHOST_Instance_19491" />
        <annotator id="eHOST_2010">Giorgio Malinverni</annotator>
        <span start="2440" end="2444" />
        <spannedText>less</spannedText>
        <creationDate>Thu Jan 13 01:20:28 CET 2022</creationDate>
    </annotation>
    <classMention id="EHOST_Instance_19491">
        <mentionClass id="NegCue">less</mentionClass>
    </classMention>
    <annotation>
        <mention id="EHOST_Instance_19492" />
        <annotator id="eHOST_2010">Giorgio Malinverni</annotator>
        <span start="2717" end="2720" />
        <spannedText>n’t</spannedText>
        <creationDate>Thu Jan 13 01:20:57 CET 2022</creationDate>
    </annotation>
    <classMention id="EHOST_Instance_19492">
        <mentionClass id="NegCue">n’t</mentionClass>
    </classMention>
    <annotation>
        <mention id="EHOST_Instance_19493" />
        <annotator id="eHOST_2010">Giorgio Malinverni</annotator>
        <span start="3820" end="3823" />
        <spannedText>n’t</spannedText>
        <creationDate>Thu Jan 13 01:23:00 CET 2022</creationDate>
    </annotation>
    <classMention id="EHOST_Instance_19493">
        <mentionClass id="NegCue">n’t</mentionClass>
    </classMention>
    <annotation>
        <mention id="EHOST_Instance_19494" />
        <annotator id="eHOST_2010">Giorgio Malinverni</annotator>
        <span start="4157" end="4160" />
        <spannedText>not</spannedText>
        <creationDate>Thu Jan 13 01:23:32 CET 2022</creationDate>
    </annotation>
    <classMention id="EHOST_Instance_19494">
        <mentionClass id="NegCue">not</mentionClass>
    </classMention>
    <annotation>
        <mention id="EHOST_Instance_19495" />
        <annotator id="eHOST_2010">Giorgio Malinverni</annotator>
        <span start="4184" end="4186" />
        <spannedText>in</spannedText>
        <creationDate>Thu Jan 13 01:23:44 CET 2022</creationDate>
    </annotation>
    <classMention id="EHOST_Instance_19495">
        <mentionClass id="NegCue">in</mentionClass>
    </classMention>
    <annotation>
        <mention id="EHOST_Instance_19496" />
        <annotator id="eHOST_2010">Giorgio Malinverni</annotator>
        <span start="4198" end="4200" />
        <spannedText>in</spannedText>
        <creationDate>Thu Jan 13 01:23:56 CET 2022</creationDate>
    </annotation>
    <classMention id="EHOST_Instance_19496">
        <mentionClass id="NegCue">in</mentionClass>
    </classMention>
    <annotation>
        <mention id="EHOST_Instance_19497" />
        <annotator id="eHOST_2010">Giorgio Malinverni</annotator>
        <span start="4401" end="4404" />
        <spannedText>not</spannedText>
        <creationDate>Thu Jan 13 01:24:05 CET 2022</creationDate>
    </annotation>
    <classMention id="EHOST_Instance_19497">
        <mentionClass id="NegCue">not</mentionClass>
    </classMention>
    <annotation>
        <mention id="EHOST_Instance_19498" />
        <annotator id="eHOST_2010">Giorgio Malinverni</annotator>
        <span start="4690" end="4700" />
        <spannedText>not always</spannedText>
        <creationDate>Thu Jan 13 01:24:16 CET 2022</creationDate>
    </annotation>
    <classMention id="EHOST_Instance_19498">
        <mentionClass id="NegCue">not always</mentionClass>
    </classMention>
    <annotation>
        <mention id="EHOST_Instance_19499" />
        <annotator id="eHOST_2010">Giorgio Malinverni</annotator>
        <span start="4972" end="4979" />
        <spannedText>without</spannedText>
        <creationDate>Thu Jan 13 01:24:31 CET 2022</creationDate>
    </annotation>
    <classMention id="EHOST_Instance_19499">
        <mentionClass id="NegCue">without</mentionClass>
    </classMention>
    <eHOST_Adjudication_Status version="1.0">
        <Adjudication_Selected_Annotators version="1.0" />
        <Adjudication_Selected_Classes version="1.0" />
        <Adjudication_Others>
            <CHECK_OVERLAPPED_SPANS>false</CHECK_OVERLAPPED_SPANS>
            <CHECK_ATTRIBUTES>false</CHECK_ATTRIBUTES>
            <CHECK_RELATIONSHIP>false</CHECK_RELATIONSHIP>
            <CHECK_CLASS>false</CHECK_CLASS>
            <CHECK_COMMENT>false</CHECK_COMMENT>
        </Adjudication_Others>
    </eHOST_Adjudication_Status>
</annotations>

