<?xml version="1.0" encoding="UTF-8"?>
<annotations textSource="greenmedinfo-com_20170702T213636.txt">
    <annotation>
        <mention id="EHOST_Instance_19295" />
        <annotator id="eHOST_2010">Giorgio Malinverni</annotator>
        <span start="414" end="417" />
        <spannedText>not</spannedText>
        <creationDate>Thu Jan 13 00:07:06 CET 2022</creationDate>
    </annotation>
    <classMention id="EHOST_Instance_19295">
        <mentionClass id="NegCue">not</mentionClass>
    </classMention>
    <annotation>
        <mention id="EHOST_Instance_19296" />
        <annotator id="eHOST_2010">Giorgio Malinverni</annotator>
        <span start="787" end="789" />
        <spannedText>un</spannedText>
        <creationDate>Thu Jan 13 00:08:50 CET 2022</creationDate>
    </annotation>
    <classMention id="EHOST_Instance_19296">
        <mentionClass id="NegCue">un</mentionClass>
    </classMention>
    <annotation>
        <mention id="EHOST_Instance_19297" />
        <annotator id="eHOST_2010">Giorgio Malinverni</annotator>
        <span start="1192" end="1195" />
        <spannedText>not</spannedText>
        <creationDate>Thu Jan 13 00:09:45 CET 2022</creationDate>
    </annotation>
    <classMention id="EHOST_Instance_19297">
        <mentionClass id="NegCue">not</mentionClass>
    </classMention>
    <annotation>
        <mention id="EHOST_Instance_19298" />
        <annotator id="eHOST_2010">Giorgio Malinverni</annotator>
        <span start="1278" end="1281" />
        <spannedText>not</spannedText>
        <creationDate>Thu Jan 13 00:09:50 CET 2022</creationDate>
    </annotation>
    <classMention id="EHOST_Instance_19298">
        <mentionClass id="NegCue">not</mentionClass>
    </classMention>
    <annotation>
        <mention id="EHOST_Instance_19299" />
        <annotator id="eHOST_2010">Giorgio Malinverni</annotator>
        <span start="1819" end="1822" />
        <spannedText>not</spannedText>
        <creationDate>Thu Jan 13 00:11:10 CET 2022</creationDate>
    </annotation>
    <classMention id="EHOST_Instance_19299">
        <mentionClass id="NegCue">not</mentionClass>
    </classMention>
    <annotation>
        <mention id="EHOST_Instance_19300" />
        <annotator id="eHOST_2010">Giorgio Malinverni</annotator>
        <span start="1900" end="1903" />
        <spannedText>non</spannedText>
        <creationDate>Thu Jan 13 00:11:24 CET 2022</creationDate>
    </annotation>
    <classMention id="EHOST_Instance_19300">
        <mentionClass id="NegCue">non</mentionClass>
    </classMention>
    <annotation>
        <mention id="EHOST_Instance_19301" />
        <annotator id="eHOST_2010">Giorgio Malinverni</annotator>
        <span start="2025" end="2028" />
        <spannedText>non</spannedText>
        <creationDate>Thu Jan 13 00:11:45 CET 2022</creationDate>
    </annotation>
    <classMention id="EHOST_Instance_19301">
        <mentionClass id="NegCue">non</mentionClass>
    </classMention>
    <annotation>
        <mention id="EHOST_Instance_19302" />
        <annotator id="eHOST_2010">Giorgio Malinverni</annotator>
        <span start="1511" end="1518" />
        <spannedText>without</spannedText>
        <creationDate>Thu Jan 13 00:13:34 CET 2022</creationDate>
    </annotation>
    <classMention id="EHOST_Instance_19302">
        <mentionClass id="NegCue">without</mentionClass>
    </classMention>
    <annotation>
        <mention id="EHOST_Instance_19303" />
        <annotator id="eHOST_2010">Giorgio Malinverni</annotator>
        <span start="2283" end="2286" />
        <spannedText>not</spannedText>
        <creationDate>Thu Jan 13 00:13:25 CET 2022</creationDate>
    </annotation>
    <classMention id="EHOST_Instance_19303">
        <mentionClass id="NegCue">not</mentionClass>
    </classMention>
    <annotation>
        <mention id="EHOST_Instance_19304" />
        <annotator id="eHOST_2010">Giorgio Malinverni</annotator>
        <span start="3153" end="3155" />
        <spannedText>no</spannedText>
        <creationDate>Thu Jan 13 00:17:33 CET 2022</creationDate>
    </annotation>
    <classMention id="EHOST_Instance_19304">
        <mentionClass id="NegCue">no</mentionClass>
    </classMention>
    <annotation>
        <mention id="EHOST_Instance_19305" />
        <annotator id="eHOST_2010">Giorgio Malinverni</annotator>
        <span start="3258" end="3260" />
        <spannedText>no</spannedText>
        <creationDate>Thu Jan 13 00:17:49 CET 2022</creationDate>
    </annotation>
    <classMention id="EHOST_Instance_19305">
        <mentionClass id="NegCue">no</mentionClass>
    </classMention>
    <annotation>
        <mention id="EHOST_Instance_19306" />
        <annotator id="eHOST_2010">Giorgio Malinverni</annotator>
        <span start="3411" end="3415" />
        <spannedText>less</spannedText>
        <creationDate>Thu Jan 13 00:18:17 CET 2022</creationDate>
    </annotation>
    <classMention id="EHOST_Instance_19306">
        <mentionClass id="NegCue">less</mentionClass>
    </classMention>
    <annotation>
        <mention id="EHOST_Instance_19307" />
        <annotator id="eHOST_2010">Giorgio Malinverni</annotator>
        <span start="3967" end="3970" />
        <spannedText>not</spannedText>
        <creationDate>Thu Jan 13 00:19:08 CET 2022</creationDate>
    </annotation>
    <classMention id="EHOST_Instance_19307">
        <mentionClass id="NegCue">not</mentionClass>
    </classMention>
    <annotation>
        <mention id="EHOST_Instance_19308" />
        <annotator id="eHOST_2010">Giorgio Malinverni</annotator>
        <span start="4973" end="4983" />
        <spannedText>not always</spannedText>
        <creationDate>Thu Jan 13 00:20:53 CET 2022</creationDate>
    </annotation>
    <classMention id="EHOST_Instance_19308">
        <mentionClass id="NegCue">not always</mentionClass>
    </classMention>
    <annotation>
        <mention id="EHOST_Instance_19309" />
        <annotator id="eHOST_2010">Giorgio Malinverni</annotator>
        <span start="5152" end="5155" />
        <spannedText>not</spannedText>
        <creationDate>Thu Jan 13 00:21:04 CET 2022</creationDate>
    </annotation>
    <classMention id="EHOST_Instance_19309">
        <mentionClass id="NegCue">not</mentionClass>
    </classMention>
    <annotation>
        <mention id="EHOST_Instance_19310" />
        <annotator id="eHOST_2010">Giorgio Malinverni</annotator>
        <span start="5388" end="5392" />
        <spannedText>less</spannedText>
        <creationDate>Thu Jan 13 00:21:29 CET 2022</creationDate>
    </annotation>
    <classMention id="EHOST_Instance_19310">
        <mentionClass id="NegCue">less</mentionClass>
    </classMention>
    <annotation>
        <mention id="EHOST_Instance_19311" />
        <annotator id="eHOST_2010">Giorgio Malinverni</annotator>
        <span start="7019" end="7021" />
        <spannedText>in</spannedText>
        <creationDate>Thu Jan 13 00:24:46 CET 2022</creationDate>
    </annotation>
    <classMention id="EHOST_Instance_19311">
        <mentionClass id="NegCue">in</mentionClass>
    </classMention>
    <eHOST_Adjudication_Status version="1.0">
        <Adjudication_Selected_Annotators version="1.0" />
        <Adjudication_Selected_Classes version="1.0" />
        <Adjudication_Others>
            <CHECK_OVERLAPPED_SPANS>false</CHECK_OVERLAPPED_SPANS>
            <CHECK_ATTRIBUTES>false</CHECK_ATTRIBUTES>
            <CHECK_RELATIONSHIP>false</CHECK_RELATIONSHIP>
            <CHECK_CLASS>false</CHECK_CLASS>
            <CHECK_COMMENT>false</CHECK_COMMENT>
        </Adjudication_Others>
    </eHOST_Adjudication_Status>
</annotations>

