<?xml version="1.0" encoding="UTF-8"?>
<annotations textSource="greenmedinfo-com_20170703T045312.txt">
    <annotation>
        <mention id="EHOST_Instance_19264" />
        <annotator id="eHOST_2010">Giorgio Malinverni</annotator>
        <span start="241" end="244" />
        <spannedText>not</spannedText>
        <creationDate>Wed Jan 12 19:05:02 CET 2022</creationDate>
    </annotation>
    <classMention id="EHOST_Instance_19264">
        <mentionClass id="NegCue">not</mentionClass>
    </classMention>
    <annotation>
        <mention id="EHOST_Instance_19265" />
        <annotator id="eHOST_2010">Giorgio Malinverni</annotator>
        <span start="1522" end="1524" />
        <spannedText>in</spannedText>
        <creationDate>Wed Jan 12 19:07:39 CET 2022</creationDate>
    </annotation>
    <classMention id="EHOST_Instance_19265">
        <mentionClass id="NegCue">in</mentionClass>
    </classMention>
    <annotation>
        <mention id="EHOST_Instance_19266" />
        <annotator id="eHOST_2010">Giorgio Malinverni</annotator>
        <span start="1715" end="1718" />
        <spannedText>non</spannedText>
        <creationDate>Wed Jan 12 19:10:34 CET 2022</creationDate>
    </annotation>
    <classMention id="EHOST_Instance_19266">
        <mentionClass id="NegCue">non</mentionClass>
    </classMention>
    <annotation>
        <mention id="EHOST_Instance_19267" />
        <annotator id="eHOST_2010">Giorgio Malinverni</annotator>
        <span start="1806" end="1809" />
        <spannedText>not</spannedText>
        <creationDate>Wed Jan 12 19:09:32 CET 2022</creationDate>
    </annotation>
    <classMention id="EHOST_Instance_19267">
        <mentionClass id="NegCue">not</mentionClass>
    </classMention>
    <annotation>
        <mention id="EHOST_Instance_19268" />
        <annotator id="eHOST_2010">Giorgio Malinverni</annotator>
        <span start="1961" end="1963" />
        <spannedText>un</spannedText>
        <creationDate>Wed Jan 12 19:09:45 CET 2022</creationDate>
    </annotation>
    <classMention id="EHOST_Instance_19268">
        <mentionClass id="NegCue">un</mentionClass>
    </classMention>
    <annotation>
        <mention id="EHOST_Instance_19269" />
        <annotator id="eHOST_2010">Giorgio Malinverni</annotator>
        <span start="2034" end="2037" />
        <spannedText>non</spannedText>
        <creationDate>Wed Jan 12 19:10:37 CET 2022</creationDate>
    </annotation>
    <classMention id="EHOST_Instance_19269">
        <mentionClass id="NegCue">non</mentionClass>
    </classMention>
    <annotation>
        <mention id="EHOST_Instance_19270" />
        <annotator id="eHOST_2010">Giorgio Malinverni</annotator>
        <span start="2153" end="2158" />
        <spannedText>never</spannedText>
        <creationDate>Wed Jan 12 19:10:48 CET 2022</creationDate>
    </annotation>
    <classMention id="EHOST_Instance_19270">
        <mentionClass id="NegCue">never</mentionClass>
    </classMention>
    <annotation>
        <mention id="EHOST_Instance_19271" />
        <annotator id="eHOST_2010">Giorgio Malinverni</annotator>
        <span start="4484" end="4487" />
        <spannedText>not</spannedText>
        <creationDate>Wed Jan 12 19:13:29 CET 2022</creationDate>
    </annotation>
    <classMention id="EHOST_Instance_19271">
        <mentionClass id="NegCue">not</mentionClass>
    </classMention>
    <annotation>
        <mention id="EHOST_Instance_19272" />
        <annotator id="eHOST_2010">Giorgio Malinverni</annotator>
        <span start="5183" end="5185" />
        <spannedText>un</spannedText>
        <creationDate>Wed Jan 12 19:14:32 CET 2022</creationDate>
    </annotation>
    <classMention id="EHOST_Instance_19272">
        <mentionClass id="NegCue">un</mentionClass>
    </classMention>
    <annotation>
        <mention id="EHOST_Instance_19273" />
        <annotator id="eHOST_2010">Giorgio Malinverni</annotator>
        <span start="5414" end="5416" />
        <spannedText>un</spannedText>
        <creationDate>Wed Jan 12 19:15:12 CET 2022</creationDate>
    </annotation>
    <classMention id="EHOST_Instance_19273">
        <mentionClass id="NegCue">un</mentionClass>
    </classMention>
    <annotation>
        <mention id="EHOST_Instance_19274" />
        <annotator id="eHOST_2010">Giorgio Malinverni</annotator>
        <span start="6180" end="6182" />
        <spannedText>un</spannedText>
        <creationDate>Wed Jan 12 19:16:19 CET 2022</creationDate>
    </annotation>
    <classMention id="EHOST_Instance_19274">
        <mentionClass id="NegCue">un</mentionClass>
    </classMention>
    <annotation>
        <mention id="EHOST_Instance_19275" />
        <annotator id="eHOST_2010">Giorgio Malinverni</annotator>
        <span start="6247" end="6250" />
        <spannedText>non</spannedText>
        <creationDate>Wed Jan 12 19:16:36 CET 2022</creationDate>
    </annotation>
    <classMention id="EHOST_Instance_19275">
        <mentionClass id="NegCue">non</mentionClass>
    </classMention>
    <annotation>
        <mention id="EHOST_Instance_19276" />
        <annotator id="eHOST_2010">Giorgio Malinverni</annotator>
        <span start="6355" end="6360" />
        <spannedText>never</spannedText>
        <creationDate>Wed Jan 12 19:16:57 CET 2022</creationDate>
    </annotation>
    <classMention id="EHOST_Instance_19276">
        <mentionClass id="NegCue">never</mentionClass>
    </classMention>
    <annotation>
        <mention id="EHOST_Instance_19277" />
        <annotator id="eHOST_2010">Giorgio Malinverni</annotator>
        <span start="6560" end="6568" />
        <span start="6577" end="6580" />
        <span start="6643" end="6647" />
        <spannedText>not only ... but ... also</spannedText>
        <creationDate>Wed Jan 12 19:17:13 CET 2022</creationDate>
    </annotation>
    <classMention id="EHOST_Instance_19277">
        <mentionClass id="NegCue">not only ... but ... also</mentionClass>
    </classMention>
    <annotation>
        <mention id="EHOST_Instance_19278" />
        <annotator id="eHOST_2010">Giorgio Malinverni</annotator>
        <span start="7195" end="7198" />
        <spannedText>not</spannedText>
        <creationDate>Wed Jan 12 19:18:11 CET 2022</creationDate>
    </annotation>
    <classMention id="EHOST_Instance_19278">
        <mentionClass id="NegCue">not</mentionClass>
    </classMention>
    <annotation>
        <mention id="EHOST_Instance_19279" />
        <annotator id="eHOST_2010">Giorgio Malinverni</annotator>
        <span start="7759" end="7762" />
        <spannedText>Not</spannedText>
        <creationDate>Wed Jan 12 19:29:06 CET 2022</creationDate>
    </annotation>
    <classMention id="EHOST_Instance_19279">
        <mentionClass id="NegCue">Not</mentionClass>
    </classMention>
    <annotation>
        <mention id="EHOST_Instance_19280" />
        <annotator id="eHOST_2010">Giorgio Malinverni</annotator>
        <span start="8083" end="8086" />
        <spannedText>non</spannedText>
        <creationDate>Wed Jan 12 19:30:24 CET 2022</creationDate>
    </annotation>
    <classMention id="EHOST_Instance_19280">
        <mentionClass id="NegCue">non</mentionClass>
    </classMention>
    <annotation>
        <mention id="EHOST_Instance_19281" />
        <annotator id="eHOST_2010">Giorgio Malinverni</annotator>
        <span start="8117" end="8124" />
        <spannedText>without</spannedText>
        <creationDate>Wed Jan 12 19:30:39 CET 2022</creationDate>
    </annotation>
    <classMention id="EHOST_Instance_19281">
        <mentionClass id="NegCue">without</mentionClass>
    </classMention>
    <eHOST_Adjudication_Status version="1.0">
        <Adjudication_Selected_Annotators version="1.0" />
        <Adjudication_Selected_Classes version="1.0" />
        <Adjudication_Others>
            <CHECK_OVERLAPPED_SPANS>false</CHECK_OVERLAPPED_SPANS>
            <CHECK_ATTRIBUTES>false</CHECK_ATTRIBUTES>
            <CHECK_RELATIONSHIP>false</CHECK_RELATIONSHIP>
            <CHECK_CLASS>false</CHECK_CLASS>
            <CHECK_COMMENT>false</CHECK_COMMENT>
        </Adjudication_Others>
    </eHOST_Adjudication_Status>
</annotations>

