<?xml version="1.0" encoding="UTF-8"?>
<annotations textSource="greenmedinfo-com_20160402T131018.txt">
    <annotation>
        <mention id="EHOST_Instance_19282" />
        <annotator id="eHOST_2010">Giorgio Malinverni</annotator>
        <span start="24" end="35" />
        <spannedText>by no means</spannedText>
        <creationDate>Wed Jan 12 19:31:43 CET 2022</creationDate>
    </annotation>
    <classMention id="EHOST_Instance_19282">
        <mentionClass id="NegCue">by no means</mentionClass>
    </classMention>
    <annotation>
        <mention id="EHOST_Instance_19283" />
        <annotator id="eHOST_2010">Giorgio Malinverni</annotator>
        <span start="221" end="223" />
        <spannedText>No</spannedText>
        <creationDate>Wed Jan 12 19:32:27 CET 2022</creationDate>
    </annotation>
    <classMention id="EHOST_Instance_19283">
        <mentionClass id="NegCue">No</mentionClass>
    </classMention>
    <annotation>
        <mention id="EHOST_Instance_19284" />
        <annotator id="eHOST_2010">Giorgio Malinverni</annotator>
        <span start="297" end="300" />
        <spannedText>not</spannedText>
        <creationDate>Wed Jan 12 19:32:36 CET 2022</creationDate>
    </annotation>
    <classMention id="EHOST_Instance_19284">
        <mentionClass id="NegCue">not</mentionClass>
    </classMention>
    <annotation>
        <mention id="EHOST_Instance_19285" />
        <annotator id="eHOST_2010">Giorgio Malinverni</annotator>
        <span start="339" end="342" />
        <spannedText>not</spannedText>
        <creationDate>Wed Jan 12 19:32:44 CET 2022</creationDate>
    </annotation>
    <classMention id="EHOST_Instance_19285">
        <mentionClass id="NegCue">not</mentionClass>
    </classMention>
    <annotation>
        <mention id="EHOST_Instance_19286" />
        <annotator id="eHOST_2010">Giorgio Malinverni</annotator>
        <span start="398" end="401" />
        <spannedText>non</spannedText>
        <creationDate>Wed Jan 12 19:33:27 CET 2022</creationDate>
    </annotation>
    <classMention id="EHOST_Instance_19286">
        <mentionClass id="NegCue">non</mentionClass>
    </classMention>
    <annotation>
        <mention id="EHOST_Instance_19287" />
        <annotator id="eHOST_2010">Giorgio Malinverni</annotator>
        <span start="430" end="432" />
        <spannedText>in</spannedText>
        <creationDate>Wed Jan 12 19:33:51 CET 2022</creationDate>
    </annotation>
    <classMention id="EHOST_Instance_19287">
        <mentionClass id="NegCue">in</mentionClass>
    </classMention>
    <annotation>
        <mention id="EHOST_Instance_19288" />
        <annotator id="eHOST_2010">Giorgio Malinverni</annotator>
        <span start="583" end="587" />
        <spannedText>anti</spannedText>
        <creationDate>Wed Jan 12 19:34:10 CET 2022</creationDate>
    </annotation>
    <classMention id="EHOST_Instance_19288">
        <mentionClass id="NegCue">anti</mentionClass>
    </classMention>
    <annotation>
        <mention id="EHOST_Instance_19289" />
        <annotator id="eHOST_2010">Giorgio Malinverni</annotator>
        <span start="727" end="731" />
        <spannedText>less</spannedText>
        <creationDate>Wed Jan 12 19:34:45 CET 2022</creationDate>
    </annotation>
    <classMention id="EHOST_Instance_19289">
        <mentionClass id="NegCue">less</mentionClass>
    </classMention>
    <annotation>
        <mention id="EHOST_Instance_19290" />
        <annotator id="eHOST_2010">Giorgio Malinverni</annotator>
        <span start="1569" end="1571" />
        <spannedText>im</spannedText>
        <creationDate>Wed Jan 12 19:35:35 CET 2022</creationDate>
    </annotation>
    <classMention id="EHOST_Instance_19290">
        <mentionClass id="NegCue">im</mentionClass>
    </classMention>
    <annotation>
        <mention id="EHOST_Instance_19291" />
        <annotator id="eHOST_2010">Giorgio Malinverni</annotator>
        <span start="1734" end="1737" />
        <span start="1799" end="1802" />
        <spannedText>n't ... nor</spannedText>
        <creationDate>Wed Jan 12 19:36:05 CET 2022</creationDate>
    </annotation>
    <classMention id="EHOST_Instance_19291">
        <mentionClass id="NegCue">n't ... nor</mentionClass>
    </classMention>
    <annotation>
        <mention id="EHOST_Instance_19292" />
        <annotator id="eHOST_2010">Giorgio Malinverni</annotator>
        <span start="3416" end="3419" />
        <spannedText>not</spannedText>
        <creationDate>Wed Jan 12 19:38:11 CET 2022</creationDate>
    </annotation>
    <classMention id="EHOST_Instance_19292">
        <mentionClass id="NegCue">not</mentionClass>
    </classMention>
    <annotation>
        <mention id="EHOST_Instance_19293" />
        <annotator id="eHOST_2010">Giorgio Malinverni</annotator>
        <span start="3504" end="3507" />
        <spannedText>not</spannedText>
        <creationDate>Wed Jan 12 19:38:31 CET 2022</creationDate>
    </annotation>
    <classMention id="EHOST_Instance_19293">
        <mentionClass id="NegCue">not</mentionClass>
    </classMention>
    <annotation>
        <mention id="EHOST_Instance_19294" />
        <annotator id="eHOST_2010">Giorgio Malinverni</annotator>
        <span start="3665" end="3668" />
        <spannedText>not</spannedText>
        <creationDate>Wed Jan 12 19:38:36 CET 2022</creationDate>
    </annotation>
    <classMention id="EHOST_Instance_19294">
        <mentionClass id="NegCue">not</mentionClass>
    </classMention>
    <eHOST_Adjudication_Status version="1.0">
        <Adjudication_Selected_Annotators version="1.0" />
        <Adjudication_Selected_Classes version="1.0" />
        <Adjudication_Others>
            <CHECK_OVERLAPPED_SPANS>false</CHECK_OVERLAPPED_SPANS>
            <CHECK_ATTRIBUTES>false</CHECK_ATTRIBUTES>
            <CHECK_RELATIONSHIP>false</CHECK_RELATIONSHIP>
            <CHECK_CLASS>false</CHECK_CLASS>
            <CHECK_COMMENT>false</CHECK_COMMENT>
        </Adjudication_Others>
    </eHOST_Adjudication_Status>
</annotations>

