<?xml version="1.0" encoding="UTF-8"?>
<annotations textSource="HealthyChildren-org_20151012T214316.txt">
    <annotation>
        <mention id="EHOST_Instance_19252" />
        <annotator id="eHOST_2010">Giorgio Malinverni</annotator>
        <span start="779" end="782" />
        <spannedText>not</spannedText>
        <creationDate>Wed Jan 12 17:33:46 CET 2022</creationDate>
    </annotation>
    <classMention id="EHOST_Instance_19252">
        <mentionClass id="NegCue">not</mentionClass>
    </classMention>
    <annotation>
        <mention id="EHOST_Instance_19253" />
        <annotator id="eHOST_2010">Giorgio Malinverni</annotator>
        <span start="991" end="996" />
        <spannedText>never</spannedText>
        <creationDate>Wed Jan 12 17:35:08 CET 2022</creationDate>
    </annotation>
    <classMention id="EHOST_Instance_19253">
        <mentionClass id="NegCue">never</mentionClass>
    </classMention>
    <annotation>
        <mention id="EHOST_Instance_19254" />
        <annotator id="eHOST_2010">Giorgio Malinverni</annotator>
        <span start="1234" end="1239" />
        <spannedText>never</spannedText>
        <creationDate>Wed Jan 12 17:35:22 CET 2022</creationDate>
    </annotation>
    <classMention id="EHOST_Instance_19254">
        <mentionClass id="NegCue">never</mentionClass>
    </classMention>
    <annotation>
        <mention id="EHOST_Instance_19255" />
        <annotator id="eHOST_2010">Giorgio Malinverni</annotator>
        <span start="1346" end="1349" />
        <spannedText>not</spannedText>
        <creationDate>Wed Jan 12 17:37:24 CET 2022</creationDate>
    </annotation>
    <classMention id="EHOST_Instance_19255">
        <mentionClass id="NegCue">not</mentionClass>
    </classMention>
    <annotation>
        <mention id="EHOST_Instance_19256" />
        <annotator id="eHOST_2010">Giorgio Malinverni</annotator>
        <span start="1372" end="1377" />
        <spannedText>never</spannedText>
        <creationDate>Wed Jan 12 17:37:27 CET 2022</creationDate>
    </annotation>
    <classMention id="EHOST_Instance_19256">
        <mentionClass id="NegCue">never</mentionClass>
    </classMention>
    <annotation>
        <mention id="EHOST_Instance_19257" />
        <annotator id="eHOST_2010">Giorgio Malinverni</annotator>
        <span start="1790" end="1793" />
        <spannedText>not</spannedText>
        <creationDate>Wed Jan 12 17:37:42 CET 2022</creationDate>
    </annotation>
    <classMention id="EHOST_Instance_19257">
        <mentionClass id="NegCue">not</mentionClass>
    </classMention>
    <annotation>
        <mention id="EHOST_Instance_19258" />
        <annotator id="eHOST_2010">Giorgio Malinverni</annotator>
        <span start="2210" end="2213" />
        <spannedText>not</spannedText>
        <creationDate>Wed Jan 12 17:38:59 CET 2022</creationDate>
    </annotation>
    <classMention id="EHOST_Instance_19258">
        <mentionClass id="NegCue">not</mentionClass>
    </classMention>
    <annotation>
        <mention id="EHOST_Instance_19259" />
        <annotator id="eHOST_2010">Giorgio Malinverni</annotator>
        <span start="2867" end="2870" />
        <spannedText>not</spannedText>
        <creationDate>Wed Jan 12 17:39:54 CET 2022</creationDate>
    </annotation>
    <classMention id="EHOST_Instance_19259">
        <mentionClass id="NegCue">not</mentionClass>
    </classMention>
    <annotation>
        <mention id="EHOST_Instance_19260" />
        <annotator id="eHOST_2010">Giorgio Malinverni</annotator>
        <span start="3540" end="3543" />
        <spannedText>not</spannedText>
        <creationDate>Wed Jan 12 17:43:20 CET 2022</creationDate>
    </annotation>
    <classMention id="EHOST_Instance_19260">
        <mentionClass id="NegCue">not</mentionClass>
    </classMention>
    <annotation>
        <mention id="EHOST_Instance_19261" />
        <annotator id="eHOST_2010">Giorgio Malinverni</annotator>
        <span start="3980" end="3982" />
        <spannedText>un</spannedText>
        <creationDate>Wed Jan 12 17:43:58 CET 2022</creationDate>
    </annotation>
    <classMention id="EHOST_Instance_19261">
        <mentionClass id="NegCue">un</mentionClass>
    </classMention>
    <annotation>
        <mention id="EHOST_Instance_19262" />
        <annotator id="eHOST_2010">Giorgio Malinverni</annotator>
        <span start="4585" end="4588" />
        <spannedText>not</spannedText>
        <creationDate>Wed Jan 12 17:44:35 CET 2022</creationDate>
    </annotation>
    <classMention id="EHOST_Instance_19262">
        <mentionClass id="NegCue">not</mentionClass>
    </classMention>
    <annotation>
        <mention id="EHOST_Instance_19263" />
        <annotator id="eHOST_2010">Giorgio Malinverni</annotator>
        <span start="5141" end="5144" />
        <spannedText>not</spannedText>
        <creationDate>Wed Jan 12 17:44:58 CET 2022</creationDate>
    </annotation>
    <classMention id="EHOST_Instance_19263">
        <mentionClass id="NegCue">not</mentionClass>
    </classMention>
    <eHOST_Adjudication_Status version="1.0">
        <Adjudication_Selected_Annotators version="1.0" />
        <Adjudication_Selected_Classes version="1.0" />
        <Adjudication_Others>
            <CHECK_OVERLAPPED_SPANS>false</CHECK_OVERLAPPED_SPANS>
            <CHECK_ATTRIBUTES>false</CHECK_ATTRIBUTES>
            <CHECK_RELATIONSHIP>false</CHECK_RELATIONSHIP>
            <CHECK_CLASS>false</CHECK_CLASS>
            <CHECK_COMMENT>false</CHECK_COMMENT>
        </Adjudication_Others>
    </eHOST_Adjudication_Status>
</annotations>

