<?xml version="1.0" encoding="UTF-8"?>
<annotations textSource="health-gov-on-ca_20170109T215856.txt">
    <annotation>
        <mention id="EHOST_Instance_19312" />
        <annotator id="eHOST_2010">Giorgio Malinverni</annotator>
        <span start="701" end="704" />
        <spannedText>not</spannedText>
        <creationDate>Thu Jan 13 00:33:52 CET 2022</creationDate>
    </annotation>
    <classMention id="EHOST_Instance_19312">
        <mentionClass id="NegCue">not</mentionClass>
    </classMention>
    <annotation>
        <mention id="EHOST_Instance_19313" />
        <annotator id="eHOST_2010">Giorgio Malinverni</annotator>
        <span start="798" end="801" />
        <spannedText>not</spannedText>
        <creationDate>Thu Jan 13 00:33:58 CET 2022</creationDate>
    </annotation>
    <classMention id="EHOST_Instance_19313">
        <mentionClass id="NegCue">not</mentionClass>
    </classMention>
    <annotation>
        <mention id="EHOST_Instance_19314" />
        <annotator id="eHOST_2010">Giorgio Malinverni</annotator>
        <span start="876" end="885" />
        <spannedText>no longer</spannedText>
        <creationDate>Thu Jan 13 00:34:03 CET 2022</creationDate>
    </annotation>
    <classMention id="EHOST_Instance_19314">
        <mentionClass id="NegCue">no longer</mentionClass>
    </classMention>
    <annotation>
        <mention id="EHOST_Instance_19315" />
        <annotator id="eHOST_2010">Giorgio Malinverni</annotator>
        <span start="1687" end="1697" />
        <spannedText>not always</spannedText>
        <creationDate>Thu Jan 13 00:34:43 CET 2022</creationDate>
    </annotation>
    <classMention id="EHOST_Instance_19315">
        <mentionClass id="NegCue">not always</mentionClass>
    </classMention>
    <annotation>
        <mention id="EHOST_Instance_19316" />
        <annotator id="eHOST_2010">Giorgio Malinverni</annotator>
        <span start="3435" end="3437" />
        <spannedText>no</spannedText>
        <creationDate>Thu Jan 13 00:37:32 CET 2022</creationDate>
    </annotation>
    <classMention id="EHOST_Instance_19316">
        <mentionClass id="NegCue">no</mentionClass>
    </classMention>
    <annotation>
        <mention id="EHOST_Instance_19317" />
        <annotator id="eHOST_2010">Giorgio Malinverni</annotator>
        <span start="3466" end="3469" />
        <spannedText>not</spannedText>
        <creationDate>Thu Jan 13 00:37:40 CET 2022</creationDate>
    </annotation>
    <classMention id="EHOST_Instance_19317">
        <mentionClass id="NegCue">not</mentionClass>
    </classMention>
    <annotation>
        <mention id="EHOST_Instance_19318" />
        <annotator id="eHOST_2010">Giorgio Malinverni</annotator>
        <span start="4797" end="4800" />
        <spannedText>not</spannedText>
        <creationDate>Thu Jan 13 00:40:22 CET 2022</creationDate>
    </annotation>
    <classMention id="EHOST_Instance_19318">
        <mentionClass id="NegCue">not</mentionClass>
    </classMention>
    <annotation>
        <mention id="EHOST_Instance_19319" />
        <annotator id="eHOST_2010">Giorgio Malinverni</annotator>
        <span start="4757" end="4760" />
        <spannedText>not</spannedText>
        <creationDate>Thu Jan 13 00:40:25 CET 2022</creationDate>
    </annotation>
    <classMention id="EHOST_Instance_19319">
        <mentionClass id="NegCue">not</mentionClass>
    </classMention>
    <annotation>
        <mention id="EHOST_Instance_19320" />
        <annotator id="eHOST_2010">Giorgio Malinverni</annotator>
        <span start="5065" end="5067" />
        <spannedText>un</spannedText>
        <creationDate>Thu Jan 13 00:41:34 CET 2022</creationDate>
    </annotation>
    <classMention id="EHOST_Instance_19320">
        <mentionClass id="NegCue">un</mentionClass>
    </classMention>
    <annotation>
        <mention id="EHOST_Instance_19321" />
        <annotator id="eHOST_2010">Giorgio Malinverni</annotator>
        <span start="5185" end="5188" />
        <spannedText>dis</spannedText>
        <creationDate>Thu Jan 13 00:41:55 CET 2022</creationDate>
    </annotation>
    <classMention id="EHOST_Instance_19321">
        <mentionClass id="NegCue">dis</mentionClass>
    </classMention>
    <annotation>
        <mention id="EHOST_Instance_19322" />
        <annotator id="eHOST_2010">Giorgio Malinverni</annotator>
        <span start="5782" end="5785" />
        <spannedText>not</spannedText>
        <creationDate>Thu Jan 13 00:42:44 CET 2022</creationDate>
    </annotation>
    <classMention id="EHOST_Instance_19322">
        <mentionClass id="NegCue">not</mentionClass>
    </classMention>
    <annotation>
        <mention id="EHOST_Instance_19323" />
        <annotator id="eHOST_2010">Giorgio Malinverni</annotator>
        <span start="5864" end="5866" />
        <spannedText>no</spannedText>
        <creationDate>Thu Jan 13 00:42:49 CET 2022</creationDate>
    </annotation>
    <classMention id="EHOST_Instance_19323">
        <mentionClass id="NegCue">no</mentionClass>
    </classMention>
    <annotation>
        <mention id="EHOST_Instance_19324" />
        <annotator id="eHOST_2010">Giorgio Malinverni</annotator>
        <span start="6090" end="6092" />
        <spannedText>no</spannedText>
        <creationDate>Thu Jan 13 00:42:58 CET 2022</creationDate>
    </annotation>
    <classMention id="EHOST_Instance_19324">
        <mentionClass id="NegCue">no</mentionClass>
    </classMention>
    <annotation>
        <mention id="EHOST_Instance_19325" />
        <annotator id="eHOST_2010">Giorgio Malinverni</annotator>
        <span start="6469" end="6472" />
        <spannedText>not</spannedText>
        <creationDate>Thu Jan 13 00:43:21 CET 2022</creationDate>
    </annotation>
    <classMention id="EHOST_Instance_19325">
        <mentionClass id="NegCue">not</mentionClass>
    </classMention>
    <annotation>
        <mention id="EHOST_Instance_19326" />
        <annotator id="eHOST_2010">Giorgio Malinverni</annotator>
        <span start="6537" end="6540" />
        <spannedText>not</spannedText>
        <creationDate>Thu Jan 13 00:43:24 CET 2022</creationDate>
    </annotation>
    <classMention id="EHOST_Instance_19326">
        <mentionClass id="NegCue">not</mentionClass>
    </classMention>
    <annotation>
        <mention id="EHOST_Instance_19327" />
        <annotator id="eHOST_2010">Giorgio Malinverni</annotator>
        <span start="6575" end="6578" />
        <spannedText>not</spannedText>
        <creationDate>Thu Jan 13 00:43:27 CET 2022</creationDate>
    </annotation>
    <classMention id="EHOST_Instance_19327">
        <mentionClass id="NegCue">not</mentionClass>
    </classMention>
    <eHOST_Adjudication_Status version="1.0">
        <Adjudication_Selected_Annotators version="1.0" />
        <Adjudication_Selected_Classes version="1.0" />
        <Adjudication_Others>
            <CHECK_OVERLAPPED_SPANS>false</CHECK_OVERLAPPED_SPANS>
            <CHECK_ATTRIBUTES>false</CHECK_ATTRIBUTES>
            <CHECK_RELATIONSHIP>false</CHECK_RELATIONSHIP>
            <CHECK_CLASS>false</CHECK_CLASS>
            <CHECK_COMMENT>false</CHECK_COMMENT>
        </Adjudication_Others>
    </eHOST_Adjudication_Status>
</annotations>

