<?xml version="1.0" encoding="UTF-8"?>
<annotations textSource="Heavy-com_20161018T051334.txt">
    <annotation>
        <mention id="EHOST_Instance_19500" />
        <annotator id="eHOST_2010">Giorgio Malinverni</annotator>
        <span start="1619" end="1622" />
        <spannedText>not</spannedText>
        <creationDate>Thu Jan 13 01:27:01 CET 2022</creationDate>
    </annotation>
    <classMention id="EHOST_Instance_19500">
        <mentionClass id="NegCue">not</mentionClass>
    </classMention>
    <annotation>
        <mention id="EHOST_Instance_19501" />
        <annotator id="eHOST_2010">Giorgio Malinverni</annotator>
        <span start="1678" end="1680" />
        <spannedText>un</spannedText>
        <creationDate>Thu Jan 13 01:27:12 CET 2022</creationDate>
    </annotation>
    <classMention id="EHOST_Instance_19501">
        <mentionClass id="NegCue">un</mentionClass>
    </classMention>
    <annotation>
        <mention id="EHOST_Instance_19502" />
        <annotator id="eHOST_2010">Giorgio Malinverni</annotator>
        <span start="1754" end="1760" />
        <spannedText>nobody</spannedText>
        <creationDate>Thu Jan 13 01:27:19 CET 2022</creationDate>
    </annotation>
    <classMention id="EHOST_Instance_19502">
        <mentionClass id="NegCue">nobody</mentionClass>
    </classMention>
    <annotation>
        <mention id="EHOST_Instance_19503" />
        <annotator id="eHOST_2010">Giorgio Malinverni</annotator>
        <span start="1835" end="1841" />
        <spannedText>Nobody</spannedText>
        <creationDate>Thu Jan 13 01:27:24 CET 2022</creationDate>
    </annotation>
    <classMention id="EHOST_Instance_19503">
        <mentionClass id="NegCue">Nobody</mentionClass>
    </classMention>
    <annotation>
        <mention id="EHOST_Instance_19504" />
        <annotator id="eHOST_2010">Giorgio Malinverni</annotator>
        <span start="1946" end="1953" />
        <spannedText>without</spannedText>
        <creationDate>Thu Jan 13 01:27:30 CET 2022</creationDate>
    </annotation>
    <classMention id="EHOST_Instance_19504">
        <mentionClass id="NegCue">without</mentionClass>
    </classMention>
    <annotation>
        <mention id="EHOST_Instance_19505" />
        <annotator id="eHOST_2010">Giorgio Malinverni</annotator>
        <span start="1974" end="1976" />
        <spannedText>un</spannedText>
        <creationDate>Thu Jan 13 01:27:54 CET 2022</creationDate>
    </annotation>
    <classMention id="EHOST_Instance_19505">
        <mentionClass id="NegCue">un</mentionClass>
    </classMention>
    <annotation>
        <mention id="EHOST_Instance_19506" />
        <annotator id="eHOST_2010">Giorgio Malinverni</annotator>
        <span start="2278" end="2280" />
        <spannedText>no</spannedText>
        <creationDate>Thu Jan 13 01:29:44 CET 2022</creationDate>
    </annotation>
    <classMention id="EHOST_Instance_19506">
        <mentionClass id="NegCue">no</mentionClass>
    </classMention>
    <annotation>
        <mention id="EHOST_Instance_19507" />
        <annotator id="eHOST_2010">Giorgio Malinverni</annotator>
        <span start="3505" end="3508" />
        <spannedText>not</spannedText>
        <creationDate>Thu Jan 13 01:32:04 CET 2022</creationDate>
    </annotation>
    <classMention id="EHOST_Instance_19507">
        <mentionClass id="NegCue">not</mentionClass>
    </classMention>
    <annotation>
        <mention id="EHOST_Instance_19508" />
        <annotator id="eHOST_2010">Giorgio Malinverni</annotator>
        <span start="3884" end="3886" />
        <spannedText>no</spannedText>
        <creationDate>Thu Jan 13 01:32:32 CET 2022</creationDate>
    </annotation>
    <classMention id="EHOST_Instance_19508">
        <mentionClass id="NegCue">no</mentionClass>
    </classMention>
    <annotation>
        <mention id="EHOST_Instance_19509" />
        <annotator id="eHOST_2010">Giorgio Malinverni</annotator>
        <span start="4049" end="4052" />
        <spannedText>Non</spannedText>
        <creationDate>Thu Jan 13 01:32:47 CET 2022</creationDate>
    </annotation>
    <classMention id="EHOST_Instance_19509">
        <mentionClass id="NegCue">Non</mentionClass>
    </classMention>
    <annotation>
        <mention id="EHOST_Instance_19510" />
        <annotator id="eHOST_2010">Giorgio Malinverni</annotator>
        <span start="4791" end="4793" />
        <spannedText>no</spannedText>
        <creationDate>Thu Jan 13 01:33:37 CET 2022</creationDate>
    </annotation>
    <classMention id="EHOST_Instance_19510">
        <mentionClass id="NegCue">no</mentionClass>
    </classMention>
    <annotation>
        <mention id="EHOST_Instance_19511" />
        <annotator id="eHOST_2010">Giorgio Malinverni</annotator>
        <span start="6300" end="6307" />
        <spannedText>without</spannedText>
        <creationDate>Thu Jan 13 01:35:03 CET 2022</creationDate>
    </annotation>
    <classMention id="EHOST_Instance_19511">
        <mentionClass id="NegCue">without</mentionClass>
    </classMention>
    <annotation>
        <mention id="EHOST_Instance_19512" />
        <annotator id="eHOST_2010">Giorgio Malinverni</annotator>
        <span start="6392" end="6394" />
        <spannedText>un</spannedText>
        <creationDate>Thu Jan 13 01:35:17 CET 2022</creationDate>
    </annotation>
    <classMention id="EHOST_Instance_19512">
        <mentionClass id="NegCue">un</mentionClass>
    </classMention>
    <annotation>
        <mention id="EHOST_Instance_19513" />
        <annotator id="eHOST_2010">Giorgio Malinverni</annotator>
        <span start="6736" end="6738" />
        <spannedText>no</spannedText>
        <creationDate>Thu Jan 13 01:35:36 CET 2022</creationDate>
    </annotation>
    <classMention id="EHOST_Instance_19513">
        <mentionClass id="NegCue">no</mentionClass>
    </classMention>
    <annotation>
        <mention id="EHOST_Instance_19514" />
        <annotator id="eHOST_2010">Giorgio Malinverni</annotator>
        <span start="6988" end="6991" />
        <spannedText>n’t</spannedText>
        <creationDate>Thu Jan 13 01:35:58 CET 2022</creationDate>
    </annotation>
    <classMention id="EHOST_Instance_19514">
        <mentionClass id="NegCue">n’t</mentionClass>
    </classMention>
    <annotation>
        <mention id="EHOST_Instance_19515" />
        <annotator id="eHOST_2010">Giorgio Malinverni</annotator>
        <span start="7129" end="7132" />
        <spannedText>n’t</spannedText>
        <creationDate>Thu Jan 13 01:36:13 CET 2022</creationDate>
    </annotation>
    <classMention id="EHOST_Instance_19515">
        <mentionClass id="NegCue">n’t</mentionClass>
    </classMention>
    <annotation>
        <mention id="EHOST_Instance_19516" />
        <annotator id="eHOST_2010">Giorgio Malinverni</annotator>
        <span start="5752" end="5759" />
        <spannedText>without</spannedText>
        <creationDate>Thu Jan 13 01:36:45 CET 2022</creationDate>
    </annotation>
    <classMention id="EHOST_Instance_19516">
        <mentionClass id="NegCue">without</mentionClass>
    </classMention>
    <eHOST_Adjudication_Status version="1.0">
        <Adjudication_Selected_Annotators version="1.0" />
        <Adjudication_Selected_Classes version="1.0" />
        <Adjudication_Others>
            <CHECK_OVERLAPPED_SPANS>false</CHECK_OVERLAPPED_SPANS>
            <CHECK_ATTRIBUTES>false</CHECK_ATTRIBUTES>
            <CHECK_RELATIONSHIP>false</CHECK_RELATIONSHIP>
            <CHECK_CLASS>false</CHECK_CLASS>
            <CHECK_COMMENT>false</CHECK_COMMENT>
        </Adjudication_Others>
    </eHOST_Adjudication_Status>
</annotations>

