<?xml version="1.0" encoding="UTF-8"?>
<annotations textSource="Hepatitis-B-Foundation_20160630T014450.txt">
    <annotation>
        <mention id="EHOST_Instance_19328" />
        <annotator id="eHOST_2010">Giorgio Malinverni</annotator>
        <span start="30" end="33" />
        <spannedText>non</spannedText>
        <creationDate>Thu Jan 13 01:37:44 CET 2022</creationDate>
    </annotation>
    <classMention id="EHOST_Instance_19328">
        <mentionClass id="NegCue">non</mentionClass>
    </classMention>
    <annotation>
        <mention id="EHOST_Instance_19329" />
        <annotator id="eHOST_2010">Giorgio Malinverni</annotator>
        <span start="114" end="117" />
        <spannedText>non</spannedText>
        <creationDate>Thu Jan 13 01:37:49 CET 2022</creationDate>
    </annotation>
    <classMention id="EHOST_Instance_19329">
        <mentionClass id="NegCue">non</mentionClass>
    </classMention>
    <annotation>
        <mention id="EHOST_Instance_19330" />
        <annotator id="eHOST_2010">Giorgio Malinverni</annotator>
        <span start="312" end="315" />
        <spannedText>non</spannedText>
        <creationDate>Thu Jan 13 01:37:58 CET 2022</creationDate>
    </annotation>
    <classMention id="EHOST_Instance_19330">
        <mentionClass id="NegCue">non</mentionClass>
    </classMention>
    <annotation>
        <mention id="EHOST_Instance_19331" />
        <annotator id="eHOST_2010">Giorgio Malinverni</annotator>
        <span start="347" end="350" />
        <spannedText>not</spannedText>
        <creationDate>Thu Jan 13 01:38:01 CET 2022</creationDate>
    </annotation>
    <classMention id="EHOST_Instance_19331">
        <mentionClass id="NegCue">not</mentionClass>
    </classMention>
    <annotation>
        <mention id="EHOST_Instance_19332" />
        <annotator id="eHOST_2010">Giorgio Malinverni</annotator>
        <span start="648" end="651" />
        <spannedText>not</spannedText>
        <creationDate>Thu Jan 13 01:38:13 CET 2022</creationDate>
    </annotation>
    <classMention id="EHOST_Instance_19332">
        <mentionClass id="NegCue">not</mentionClass>
    </classMention>
    <annotation>
        <mention id="EHOST_Instance_19333" />
        <annotator id="eHOST_2010">Giorgio Malinverni</annotator>
        <span start="28254" end="28257" />
        <spannedText>not</spannedText>
        <creationDate>Thu Jan 13 01:38:47 CET 2022</creationDate>
    </annotation>
    <classMention id="EHOST_Instance_19333">
        <mentionClass id="NegCue">not</mentionClass>
    </classMention>
    <annotation>
        <mention id="EHOST_Instance_19334" />
        <annotator id="eHOST_2010">Giorgio Malinverni</annotator>
        <span start="28434" end="28437" />
        <spannedText>not</spannedText>
        <creationDate>Thu Jan 13 01:39:03 CET 2022</creationDate>
    </annotation>
    <classMention id="EHOST_Instance_19334">
        <mentionClass id="NegCue">not</mentionClass>
    </classMention>
    <annotation>
        <mention id="EHOST_Instance_19335" />
        <annotator id="eHOST_2010">Giorgio Malinverni</annotator>
        <span start="28744" end="28746" />
        <spannedText>no</spannedText>
        <creationDate>Thu Jan 13 01:39:21 CET 2022</creationDate>
    </annotation>
    <classMention id="EHOST_Instance_19335">
        <mentionClass id="NegCue">no</mentionClass>
    </classMention>
    <annotation>
        <mention id="EHOST_Instance_19336" />
        <annotator id="eHOST_2010">Giorgio Malinverni</annotator>
        <span start="1028" end="1031" />
        <spannedText>non</spannedText>
        <creationDate>Thu Jan 13 01:39:53 CET 2022</creationDate>
    </annotation>
    <classMention id="EHOST_Instance_19336">
        <mentionClass id="NegCue">non</mentionClass>
    </classMention>
    <annotation>
        <mention id="EHOST_Instance_19337" />
        <annotator id="eHOST_2010">Giorgio Malinverni</annotator>
        <span start="1784" end="1787" />
        <spannedText>non</spannedText>
        <creationDate>Thu Jan 13 01:40:21 CET 2022</creationDate>
    </annotation>
    <classMention id="EHOST_Instance_19337">
        <mentionClass id="NegCue">non</mentionClass>
    </classMention>
    <annotation>
        <mention id="EHOST_Instance_19338" />
        <annotator id="eHOST_2010">Giorgio Malinverni</annotator>
        <span start="2124" end="2127" />
        <spannedText>not</spannedText>
        <creationDate>Thu Jan 13 01:40:51 CET 2022</creationDate>
    </annotation>
    <classMention id="EHOST_Instance_19338">
        <mentionClass id="NegCue">not</mentionClass>
    </classMention>
    <annotation>
        <mention id="EHOST_Instance_19339" />
        <annotator id="eHOST_2010">Giorgio Malinverni</annotator>
        <span start="2422" end="2425" />
        <spannedText>n’t</spannedText>
        <creationDate>Thu Jan 13 01:41:35 CET 2022</creationDate>
    </annotation>
    <classMention id="EHOST_Instance_19339">
        <mentionClass id="NegCue">n’t</mentionClass>
    </classMention>
    <annotation>
        <mention id="EHOST_Instance_19340" />
        <annotator id="eHOST_2010">Giorgio Malinverni</annotator>
        <span start="2786" end="2789" />
        <spannedText>non</spannedText>
        <creationDate>Thu Jan 13 01:54:31 CET 2022</creationDate>
    </annotation>
    <classMention id="EHOST_Instance_19340">
        <mentionClass id="NegCue">non</mentionClass>
    </classMention>
    <annotation>
        <mention id="EHOST_Instance_19341" />
        <annotator id="eHOST_2010">Giorgio Malinverni</annotator>
        <span start="2930" end="2932" />
        <spannedText>no</spannedText>
        <creationDate>Thu Jan 13 01:54:39 CET 2022</creationDate>
    </annotation>
    <classMention id="EHOST_Instance_19341">
        <mentionClass id="NegCue">no</mentionClass>
    </classMention>
    <annotation>
        <mention id="EHOST_Instance_19342" />
        <annotator id="eHOST_2010">Giorgio Malinverni</annotator>
        <span start="3222" end="3225" />
        <spannedText>non</spannedText>
        <creationDate>Thu Jan 13 01:54:55 CET 2022</creationDate>
    </annotation>
    <classMention id="EHOST_Instance_19342">
        <mentionClass id="NegCue">non</mentionClass>
    </classMention>
    <annotation>
        <mention id="EHOST_Instance_19343" />
        <annotator id="eHOST_2010">Giorgio Malinverni</annotator>
        <span start="3387" end="3390" />
        <spannedText>non</spannedText>
        <creationDate>Thu Jan 13 01:55:02 CET 2022</creationDate>
    </annotation>
    <classMention id="EHOST_Instance_19343">
        <mentionClass id="NegCue">non</mentionClass>
    </classMention>
    <annotation>
        <mention id="EHOST_Instance_19344" />
        <annotator id="eHOST_2010">Giorgio Malinverni</annotator>
        <span start="3464" end="3471" />
        <spannedText>without</spannedText>
        <creationDate>Thu Jan 13 01:55:09 CET 2022</creationDate>
    </annotation>
    <classMention id="EHOST_Instance_19344">
        <mentionClass id="NegCue">without</mentionClass>
    </classMention>
    <annotation>
        <mention id="EHOST_Instance_19345" />
        <annotator id="eHOST_2010">Giorgio Malinverni</annotator>
        <span start="3520" end="3523" />
        <spannedText>not</spannedText>
        <creationDate>Thu Jan 13 01:55:12 CET 2022</creationDate>
    </annotation>
    <classMention id="EHOST_Instance_19345">
        <mentionClass id="NegCue">not</mentionClass>
    </classMention>
    <annotation>
        <mention id="EHOST_Instance_19346" />
        <annotator id="eHOST_2010">Giorgio Malinverni</annotator>
        <span start="3663" end="3666" />
        <spannedText>non</spannedText>
        <creationDate>Thu Jan 13 01:55:17 CET 2022</creationDate>
    </annotation>
    <classMention id="EHOST_Instance_19346">
        <mentionClass id="NegCue">non</mentionClass>
    </classMention>
    <annotation>
        <mention id="EHOST_Instance_19347" />
        <annotator id="eHOST_2010">Giorgio Malinverni</annotator>
        <span start="3819" end="3821" />
        <spannedText>un</spannedText>
        <creationDate>Thu Jan 13 01:55:31 CET 2022</creationDate>
    </annotation>
    <classMention id="EHOST_Instance_19347">
        <mentionClass id="NegCue">un</mentionClass>
    </classMention>
    <annotation>
        <mention id="EHOST_Instance_19348" />
        <annotator id="eHOST_2010">Giorgio Malinverni</annotator>
        <span start="4084" end="4087" />
        <spannedText>not</spannedText>
        <creationDate>Thu Jan 13 01:55:47 CET 2022</creationDate>
    </annotation>
    <classMention id="EHOST_Instance_19348">
        <mentionClass id="NegCue">not</mentionClass>
    </classMention>
    <annotation>
        <mention id="EHOST_Instance_19349" />
        <annotator id="eHOST_2010">Giorgio Malinverni</annotator>
        <span start="4844" end="4847" />
        <spannedText>non</spannedText>
        <creationDate>Thu Jan 13 01:56:17 CET 2022</creationDate>
    </annotation>
    <classMention id="EHOST_Instance_19349">
        <mentionClass id="NegCue">non</mentionClass>
    </classMention>
    <annotation>
        <mention id="EHOST_Instance_19350" />
        <annotator id="eHOST_2010">Giorgio Malinverni</annotator>
        <span start="4872" end="4874" />
        <spannedText>no</spannedText>
        <creationDate>Thu Jan 13 01:56:20 CET 2022</creationDate>
    </annotation>
    <classMention id="EHOST_Instance_19350">
        <mentionClass id="NegCue">no</mentionClass>
    </classMention>
    <annotation>
        <mention id="EHOST_Instance_19351" />
        <annotator id="eHOST_2010">Giorgio Malinverni</annotator>
        <span start="5238" end="5241" />
        <spannedText>not</spannedText>
        <creationDate>Thu Jan 13 01:56:36 CET 2022</creationDate>
    </annotation>
    <classMention id="EHOST_Instance_19351">
        <mentionClass id="NegCue">not</mentionClass>
    </classMention>
    <annotation>
        <mention id="EHOST_Instance_19352" />
        <annotator id="eHOST_2010">Giorgio Malinverni</annotator>
        <span start="5292" end="5295" />
        <spannedText>non</spannedText>
        <creationDate>Thu Jan 13 01:56:41 CET 2022</creationDate>
    </annotation>
    <classMention id="EHOST_Instance_19352">
        <mentionClass id="NegCue">non</mentionClass>
    </classMention>
    <annotation>
        <mention id="EHOST_Instance_19353" />
        <annotator id="eHOST_2010">Giorgio Malinverni</annotator>
        <span start="5455" end="5458" />
        <spannedText>n’t</spannedText>
        <creationDate>Thu Jan 13 01:57:18 CET 2022</creationDate>
    </annotation>
    <classMention id="EHOST_Instance_19353">
        <mentionClass id="NegCue">n’t</mentionClass>
    </classMention>
    <annotation>
        <mention id="EHOST_Instance_19354" />
        <annotator id="eHOST_2010">Giorgio Malinverni</annotator>
        <span start="6343" end="6345" />
        <spannedText>no</spannedText>
        <creationDate>Thu Jan 13 01:58:10 CET 2022</creationDate>
    </annotation>
    <classMention id="EHOST_Instance_19354">
        <mentionClass id="NegCue">no</mentionClass>
    </classMention>
    <annotation>
        <mention id="EHOST_Instance_19355" />
        <annotator id="eHOST_2010">Giorgio Malinverni</annotator>
        <span start="6391" end="6394" />
        <spannedText>non</spannedText>
        <creationDate>Thu Jan 13 01:58:28 CET 2022</creationDate>
    </annotation>
    <classMention id="EHOST_Instance_19355">
        <mentionClass id="NegCue">non</mentionClass>
    </classMention>
    <annotation>
        <mention id="EHOST_Instance_19356" />
        <annotator id="eHOST_2010">Giorgio Malinverni</annotator>
        <span start="6582" end="6585" />
        <spannedText>Non</spannedText>
        <creationDate>Thu Jan 13 01:58:35 CET 2022</creationDate>
    </annotation>
    <classMention id="EHOST_Instance_19356">
        <mentionClass id="NegCue">Non</mentionClass>
    </classMention>
    <annotation>
        <mention id="EHOST_Instance_19357" />
        <annotator id="eHOST_2010">Giorgio Malinverni</annotator>
        <span start="6804" end="6807" />
        <spannedText>not</spannedText>
        <creationDate>Thu Jan 13 01:58:43 CET 2022</creationDate>
    </annotation>
    <classMention id="EHOST_Instance_19357">
        <mentionClass id="NegCue">not</mentionClass>
    </classMention>
    <annotation>
        <mention id="EHOST_Instance_19358" />
        <annotator id="eHOST_2010">Giorgio Malinverni</annotator>
        <span start="7272" end="7274" />
        <spannedText>un</spannedText>
        <creationDate>Thu Jan 13 01:59:03 CET 2022</creationDate>
    </annotation>
    <classMention id="EHOST_Instance_19358">
        <mentionClass id="NegCue">un</mentionClass>
    </classMention>
    <annotation>
        <mention id="EHOST_Instance_19359" />
        <annotator id="eHOST_2010">Giorgio Malinverni</annotator>
        <span start="7287" end="7290" />
        <spannedText>not</spannedText>
        <creationDate>Thu Jan 13 01:59:06 CET 2022</creationDate>
    </annotation>
    <classMention id="EHOST_Instance_19359">
        <mentionClass id="NegCue">not</mentionClass>
    </classMention>
    <annotation>
        <mention id="EHOST_Instance_19360" />
        <annotator id="eHOST_2010">Giorgio Malinverni</annotator>
        <span start="7366" end="7370" />
        <spannedText>less</spannedText>
        <creationDate>Thu Jan 13 01:59:20 CET 2022</creationDate>
    </annotation>
    <classMention id="EHOST_Instance_19360">
        <mentionClass id="NegCue">less</mentionClass>
    </classMention>
    <annotation>
        <mention id="EHOST_Instance_19361" />
        <annotator id="eHOST_2010">Giorgio Malinverni</annotator>
        <span start="7751" end="7754" />
        <spannedText>n’t</spannedText>
        <creationDate>Thu Jan 13 02:00:01 CET 2022</creationDate>
    </annotation>
    <classMention id="EHOST_Instance_19361">
        <mentionClass id="NegCue">n’t</mentionClass>
    </classMention>
    <annotation>
        <mention id="EHOST_Instance_19362" />
        <annotator id="eHOST_2010">Giorgio Malinverni</annotator>
        <span start="7770" end="7773" />
        <spannedText>n’t</spannedText>
        <creationDate>Thu Jan 13 01:59:52 CET 2022</creationDate>
    </annotation>
    <classMention id="EHOST_Instance_19362">
        <mentionClass id="NegCue">n’t</mentionClass>
    </classMention>
    <annotation>
        <mention id="EHOST_Instance_19363" />
        <annotator id="eHOST_2010">Giorgio Malinverni</annotator>
        <span start="7946" end="7949" />
        <spannedText>non</spannedText>
        <creationDate>Thu Jan 13 02:00:09 CET 2022</creationDate>
    </annotation>
    <classMention id="EHOST_Instance_19363">
        <mentionClass id="NegCue">non</mentionClass>
    </classMention>
    <annotation>
        <mention id="EHOST_Instance_19364" />
        <annotator id="eHOST_2010">Giorgio Malinverni</annotator>
        <span start="7998" end="8001" />
        <spannedText>not</spannedText>
        <creationDate>Thu Jan 13 02:00:12 CET 2022</creationDate>
    </annotation>
    <classMention id="EHOST_Instance_19364">
        <mentionClass id="NegCue">not</mentionClass>
    </classMention>
    <annotation>
        <mention id="EHOST_Instance_19365" />
        <annotator id="eHOST_2010">Giorgio Malinverni</annotator>
        <span start="8074" end="8077" />
        <spannedText>not</spannedText>
        <creationDate>Thu Jan 13 02:00:16 CET 2022</creationDate>
    </annotation>
    <classMention id="EHOST_Instance_19365">
        <mentionClass id="NegCue">not</mentionClass>
    </classMention>
    <annotation>
        <mention id="EHOST_Instance_19366" />
        <annotator id="eHOST_2010">Giorgio Malinverni</annotator>
        <span start="8254" end="8257" />
        <spannedText>n’t</spannedText>
        <creationDate>Thu Jan 13 02:00:33 CET 2022</creationDate>
    </annotation>
    <classMention id="EHOST_Instance_19366">
        <mentionClass id="NegCue">n’t</mentionClass>
    </classMention>
    <annotation>
        <mention id="EHOST_Instance_19367" />
        <annotator id="eHOST_2010">Giorgio Malinverni</annotator>
        <span start="8372" end="8375" />
        <spannedText>not</spannedText>
        <creationDate>Thu Jan 13 02:00:42 CET 2022</creationDate>
    </annotation>
    <classMention id="EHOST_Instance_19367">
        <mentionClass id="NegCue">not</mentionClass>
    </classMention>
    <annotation>
        <mention id="EHOST_Instance_19368" />
        <annotator id="eHOST_2010">Giorgio Malinverni</annotator>
        <span start="9277" end="9280" />
        <spannedText>non</spannedText>
        <creationDate>Thu Jan 13 02:01:51 CET 2022</creationDate>
    </annotation>
    <classMention id="EHOST_Instance_19368">
        <mentionClass id="NegCue">non</mentionClass>
    </classMention>
    <annotation>
        <mention id="EHOST_Instance_19369" />
        <annotator id="eHOST_2010">Giorgio Malinverni</annotator>
        <span start="9594" end="9597" />
        <spannedText>n’t</spannedText>
        <creationDate>Thu Jan 13 02:02:09 CET 2022</creationDate>
    </annotation>
    <classMention id="EHOST_Instance_19369">
        <mentionClass id="NegCue">n’t</mentionClass>
    </classMention>
    <annotation>
        <mention id="EHOST_Instance_19370" />
        <annotator id="eHOST_2010">Giorgio Malinverni</annotator>
        <span start="9665" end="9668" />
        <spannedText>non</spannedText>
        <creationDate>Thu Jan 13 02:02:14 CET 2022</creationDate>
    </annotation>
    <classMention id="EHOST_Instance_19370">
        <mentionClass id="NegCue">non</mentionClass>
    </classMention>
    <annotation>
        <mention id="EHOST_Instance_19371" />
        <annotator id="eHOST_2010">Giorgio Malinverni</annotator>
        <span start="9717" end="9720" />
        <spannedText>not</spannedText>
        <creationDate>Thu Jan 13 02:02:22 CET 2022</creationDate>
    </annotation>
    <classMention id="EHOST_Instance_19371">
        <mentionClass id="NegCue">not</mentionClass>
    </classMention>
    <annotation>
        <mention id="EHOST_Instance_19372" />
        <annotator id="eHOST_2010">Giorgio Malinverni</annotator>
        <span start="9839" end="9842" />
        <spannedText>non</spannedText>
        <creationDate>Thu Jan 13 02:02:28 CET 2022</creationDate>
    </annotation>
    <classMention id="EHOST_Instance_19372">
        <mentionClass id="NegCue">non</mentionClass>
    </classMention>
    <annotation>
        <mention id="EHOST_Instance_19373" />
        <annotator id="eHOST_2010">Giorgio Malinverni</annotator>
        <span start="10192" end="10199" />
        <spannedText>without</spannedText>
        <creationDate>Thu Jan 13 02:02:42 CET 2022</creationDate>
    </annotation>
    <classMention id="EHOST_Instance_19373">
        <mentionClass id="NegCue">without</mentionClass>
    </classMention>
    <annotation>
        <mention id="EHOST_Instance_19374" />
        <annotator id="eHOST_2010">Giorgio Malinverni</annotator>
        <span start="10268" end="10271" />
        <spannedText>non</spannedText>
        <creationDate>Thu Jan 13 02:02:48 CET 2022</creationDate>
    </annotation>
    <classMention id="EHOST_Instance_19374">
        <mentionClass id="NegCue">non</mentionClass>
    </classMention>
    <annotation>
        <mention id="EHOST_Instance_19375" />
        <annotator id="eHOST_2010">Giorgio Malinverni</annotator>
        <span start="10369" end="10372" />
        <spannedText>not</spannedText>
        <creationDate>Thu Jan 13 02:02:52 CET 2022</creationDate>
    </annotation>
    <classMention id="EHOST_Instance_19375">
        <mentionClass id="NegCue">not</mentionClass>
    </classMention>
    <annotation>
        <mention id="EHOST_Instance_19376" />
        <annotator id="eHOST_2010">Giorgio Malinverni</annotator>
        <span start="10507" end="10510" />
        <spannedText>non</spannedText>
        <creationDate>Thu Jan 13 02:02:58 CET 2022</creationDate>
    </annotation>
    <classMention id="EHOST_Instance_19376">
        <mentionClass id="NegCue">non</mentionClass>
    </classMention>
    <annotation>
        <mention id="EHOST_Instance_19377" />
        <annotator id="eHOST_2010">Giorgio Malinverni</annotator>
        <span start="10672" end="10675" />
        <spannedText>non</spannedText>
        <creationDate>Thu Jan 13 02:03:07 CET 2022</creationDate>
    </annotation>
    <classMention id="EHOST_Instance_19377">
        <mentionClass id="NegCue">non</mentionClass>
    </classMention>
    <annotation>
        <mention id="EHOST_Instance_19378" />
        <annotator id="eHOST_2010">Giorgio Malinverni</annotator>
        <span start="10951" end="10954" />
        <spannedText>not</spannedText>
        <creationDate>Thu Jan 13 02:03:17 CET 2022</creationDate>
    </annotation>
    <classMention id="EHOST_Instance_19378">
        <mentionClass id="NegCue">not</mentionClass>
    </classMention>
    <annotation>
        <mention id="EHOST_Instance_19379" />
        <annotator id="eHOST_2010">Giorgio Malinverni</annotator>
        <span start="11044" end="11047" />
        <spannedText>non</spannedText>
        <creationDate>Thu Jan 13 02:03:21 CET 2022</creationDate>
    </annotation>
    <classMention id="EHOST_Instance_19379">
        <mentionClass id="NegCue">non</mentionClass>
    </classMention>
    <annotation>
        <mention id="EHOST_Instance_19380" />
        <annotator id="eHOST_2010">Giorgio Malinverni</annotator>
        <span start="11186" end="11190" />
        <spannedText>less</spannedText>
        <creationDate>Thu Jan 13 02:03:38 CET 2022</creationDate>
    </annotation>
    <classMention id="EHOST_Instance_19380">
        <mentionClass id="NegCue">less</mentionClass>
    </classMention>
    <annotation>
        <mention id="EHOST_Instance_19381" />
        <annotator id="eHOST_2010">Giorgio Malinverni</annotator>
        <span start="11291" end="11294" />
        <spannedText>not</spannedText>
        <creationDate>Thu Jan 13 02:04:07 CET 2022</creationDate>
    </annotation>
    <classMention id="EHOST_Instance_19381">
        <mentionClass id="NegCue">not</mentionClass>
    </classMention>
    <annotation>
        <mention id="EHOST_Instance_19382" />
        <annotator id="eHOST_2010">Giorgio Malinverni</annotator>
        <span start="11403" end="11406" />
        <spannedText>not</spannedText>
        <creationDate>Thu Jan 13 02:04:13 CET 2022</creationDate>
    </annotation>
    <classMention id="EHOST_Instance_19382">
        <mentionClass id="NegCue">not</mentionClass>
    </classMention>
    <annotation>
        <mention id="EHOST_Instance_19383" />
        <annotator id="eHOST_2010">Giorgio Malinverni</annotator>
        <span start="11483" end="11486" />
        <spannedText>not</spannedText>
        <creationDate>Thu Jan 13 02:04:18 CET 2022</creationDate>
    </annotation>
    <classMention id="EHOST_Instance_19383">
        <mentionClass id="NegCue">not</mentionClass>
    </classMention>
    <annotation>
        <mention id="EHOST_Instance_19384" />
        <annotator id="eHOST_2010">Giorgio Malinverni</annotator>
        <span start="11501" end="11504" />
        <spannedText>non</spannedText>
        <creationDate>Thu Jan 13 02:04:20 CET 2022</creationDate>
    </annotation>
    <classMention id="EHOST_Instance_19384">
        <mentionClass id="NegCue">non</mentionClass>
    </classMention>
    <annotation>
        <mention id="EHOST_Instance_19385" />
        <annotator id="eHOST_2010">Giorgio Malinverni</annotator>
        <span start="11633" end="11636" />
        <spannedText>not</spannedText>
        <creationDate>Thu Jan 13 02:04:40 CET 2022</creationDate>
    </annotation>
    <classMention id="EHOST_Instance_19385">
        <mentionClass id="NegCue">not</mentionClass>
    </classMention>
    <annotation>
        <mention id="EHOST_Instance_19386" />
        <annotator id="eHOST_2010">Giorgio Malinverni</annotator>
        <span start="11637" end="11639" />
        <spannedText>un</spannedText>
        <creationDate>Thu Jan 13 02:04:50 CET 2022</creationDate>
    </annotation>
    <classMention id="EHOST_Instance_19386">
        <mentionClass id="NegCue">un</mentionClass>
    </classMention>
    <annotation>
        <mention id="EHOST_Instance_19387" />
        <annotator id="eHOST_2010">Giorgio Malinverni</annotator>
        <span start="11719" end="11722" />
        <spannedText>not</spannedText>
        <creationDate>Thu Jan 13 02:04:56 CET 2022</creationDate>
    </annotation>
    <classMention id="EHOST_Instance_19387">
        <mentionClass id="NegCue">not</mentionClass>
    </classMention>
    <annotation>
        <mention id="EHOST_Instance_19388" />
        <annotator id="eHOST_2010">Giorgio Malinverni</annotator>
        <span start="11785" end="11788" />
        <spannedText>n’t</spannedText>
        <creationDate>Thu Jan 13 02:05:06 CET 2022</creationDate>
    </annotation>
    <classMention id="EHOST_Instance_19388">
        <mentionClass id="NegCue">n’t</mentionClass>
    </classMention>
    <annotation>
        <mention id="EHOST_Instance_19389" />
        <annotator id="eHOST_2010">Giorgio Malinverni</annotator>
        <span start="11835" end="11838" />
        <spannedText>not</spannedText>
        <creationDate>Thu Jan 13 02:05:09 CET 2022</creationDate>
    </annotation>
    <classMention id="EHOST_Instance_19389">
        <mentionClass id="NegCue">not</mentionClass>
    </classMention>
    <annotation>
        <mention id="EHOST_Instance_19390" />
        <annotator id="eHOST_2010">Giorgio Malinverni</annotator>
        <span start="12688" end="12690" />
        <spannedText>un</spannedText>
        <creationDate>Thu Jan 13 02:05:41 CET 2022</creationDate>
    </annotation>
    <classMention id="EHOST_Instance_19390">
        <mentionClass id="NegCue">un</mentionClass>
    </classMention>
    <annotation>
        <mention id="EHOST_Instance_19391" />
        <annotator id="eHOST_2010">Giorgio Malinverni</annotator>
        <span start="13034" end="13036" />
        <spannedText>un</spannedText>
        <creationDate>Thu Jan 13 02:06:05 CET 2022</creationDate>
    </annotation>
    <classMention id="EHOST_Instance_19391">
        <mentionClass id="NegCue">un</mentionClass>
    </classMention>
    <annotation>
        <mention id="EHOST_Instance_19392" />
        <annotator id="eHOST_2010">Giorgio Malinverni</annotator>
        <span start="13090" end="13093" />
        <spannedText>not</spannedText>
        <creationDate>Thu Jan 13 02:06:08 CET 2022</creationDate>
    </annotation>
    <classMention id="EHOST_Instance_19392">
        <mentionClass id="NegCue">not</mentionClass>
    </classMention>
    <annotation>
        <mention id="EHOST_Instance_19393" />
        <annotator id="eHOST_2010">Giorgio Malinverni</annotator>
        <span start="13269" end="13272" />
        <spannedText>not</spannedText>
        <creationDate>Thu Jan 13 02:06:15 CET 2022</creationDate>
    </annotation>
    <classMention id="EHOST_Instance_19393">
        <mentionClass id="NegCue">not</mentionClass>
    </classMention>
    <annotation>
        <mention id="EHOST_Instance_19394" />
        <annotator id="eHOST_2010">Giorgio Malinverni</annotator>
        <span start="13322" end="13325" />
        <spannedText>non</spannedText>
        <creationDate>Thu Jan 13 02:06:18 CET 2022</creationDate>
    </annotation>
    <classMention id="EHOST_Instance_19394">
        <mentionClass id="NegCue">non</mentionClass>
    </classMention>
    <annotation>
        <mention id="EHOST_Instance_19395" />
        <annotator id="eHOST_2010">Giorgio Malinverni</annotator>
        <span start="13617" end="13620" />
        <spannedText>not</spannedText>
        <creationDate>Thu Jan 13 02:06:28 CET 2022</creationDate>
    </annotation>
    <classMention id="EHOST_Instance_19395">
        <mentionClass id="NegCue">not</mentionClass>
    </classMention>
    <annotation>
        <mention id="EHOST_Instance_19396" />
        <annotator id="eHOST_2010">Giorgio Malinverni</annotator>
        <span start="13635" end="13638" />
        <spannedText>not</spannedText>
        <creationDate>Thu Jan 13 02:06:37 CET 2022</creationDate>
    </annotation>
    <classMention id="EHOST_Instance_19396">
        <mentionClass id="NegCue">not</mentionClass>
    </classMention>
    <annotation>
        <mention id="EHOST_Instance_19397" />
        <annotator id="eHOST_2010">Giorgio Malinverni</annotator>
        <span start="13730" end="13733" />
        <spannedText>not</spannedText>
        <creationDate>Thu Jan 13 02:06:39 CET 2022</creationDate>
    </annotation>
    <classMention id="EHOST_Instance_19397">
        <mentionClass id="NegCue">not</mentionClass>
    </classMention>
    <annotation>
        <mention id="EHOST_Instance_19398" />
        <annotator id="eHOST_2010">Giorgio Malinverni</annotator>
        <span start="13840" end="13843" />
        <spannedText>not</spannedText>
        <creationDate>Thu Jan 13 02:06:43 CET 2022</creationDate>
    </annotation>
    <classMention id="EHOST_Instance_19398">
        <mentionClass id="NegCue">not</mentionClass>
    </classMention>
    <annotation>
        <mention id="EHOST_Instance_19399" />
        <annotator id="eHOST_2010">Giorgio Malinverni</annotator>
        <span start="13960" end="13963" />
        <spannedText>n’t</spannedText>
        <creationDate>Thu Jan 13 02:06:53 CET 2022</creationDate>
    </annotation>
    <classMention id="EHOST_Instance_19399">
        <mentionClass id="NegCue">n’t</mentionClass>
    </classMention>
    <annotation>
        <mention id="EHOST_Instance_19400" />
        <annotator id="eHOST_2010">Giorgio Malinverni</annotator>
        <span start="14338" end="14341" />
        <spannedText>non</spannedText>
        <creationDate>Thu Jan 13 02:07:35 CET 2022</creationDate>
    </annotation>
    <classMention id="EHOST_Instance_19400">
        <mentionClass id="NegCue">non</mentionClass>
    </classMention>
    <annotation>
        <mention id="EHOST_Instance_19401" />
        <annotator id="eHOST_2010">Giorgio Malinverni</annotator>
        <span start="14435" end="14438" />
        <spannedText>n’t</spannedText>
        <creationDate>Thu Jan 13 02:07:45 CET 2022</creationDate>
    </annotation>
    <classMention id="EHOST_Instance_19401">
        <mentionClass id="NegCue">n’t</mentionClass>
    </classMention>
    <annotation>
        <mention id="EHOST_Instance_19402" />
        <annotator id="eHOST_2010">Giorgio Malinverni</annotator>
        <span start="14500" end="14503" />
        <spannedText>n’t</spannedText>
        <creationDate>Thu Jan 13 02:07:55 CET 2022</creationDate>
    </annotation>
    <classMention id="EHOST_Instance_19402">
        <mentionClass id="NegCue">n’t</mentionClass>
    </classMention>
    <annotation>
        <mention id="EHOST_Instance_19403" />
        <annotator id="eHOST_2010">Giorgio Malinverni</annotator>
        <span start="14558" end="14561" />
        <spannedText>n’t</spannedText>
        <creationDate>Thu Jan 13 02:08:03 CET 2022</creationDate>
    </annotation>
    <classMention id="EHOST_Instance_19403">
        <mentionClass id="NegCue">n’t</mentionClass>
    </classMention>
    <annotation>
        <mention id="EHOST_Instance_19404" />
        <annotator id="eHOST_2010">Giorgio Malinverni</annotator>
        <span start="14742" end="14745" />
        <spannedText>n’t</spannedText>
        <creationDate>Thu Jan 13 02:08:10 CET 2022</creationDate>
    </annotation>
    <classMention id="EHOST_Instance_19404">
        <mentionClass id="NegCue">n’t</mentionClass>
    </classMention>
    <annotation>
        <mention id="EHOST_Instance_19405" />
        <annotator id="eHOST_2010">Giorgio Malinverni</annotator>
        <span start="14765" end="14768" />
        <spannedText>n’t</spannedText>
        <creationDate>Thu Jan 13 02:08:15 CET 2022</creationDate>
    </annotation>
    <classMention id="EHOST_Instance_19405">
        <mentionClass id="NegCue">n’t</mentionClass>
    </classMention>
    <annotation>
        <mention id="EHOST_Instance_19406" />
        <annotator id="eHOST_2010">Giorgio Malinverni</annotator>
        <span start="14812" end="14815" />
        <spannedText>not</spannedText>
        <creationDate>Thu Jan 13 02:08:18 CET 2022</creationDate>
    </annotation>
    <classMention id="EHOST_Instance_19406">
        <mentionClass id="NegCue">not</mentionClass>
    </classMention>
    <annotation>
        <mention id="EHOST_Instance_19407" />
        <annotator id="eHOST_2010">Giorgio Malinverni</annotator>
        <span start="14905" end="14908" />
        <spannedText>not</spannedText>
        <creationDate>Thu Jan 13 02:08:29 CET 2022</creationDate>
    </annotation>
    <classMention id="EHOST_Instance_19407">
        <mentionClass id="NegCue">not</mentionClass>
    </classMention>
    <annotation>
        <mention id="EHOST_Instance_19408" />
        <annotator id="eHOST_2010">Giorgio Malinverni</annotator>
        <span start="14956" end="14959" />
        <spannedText>not</spannedText>
        <creationDate>Thu Jan 13 02:08:32 CET 2022</creationDate>
    </annotation>
    <classMention id="EHOST_Instance_19408">
        <mentionClass id="NegCue">not</mentionClass>
    </classMention>
    <annotation>
        <mention id="EHOST_Instance_19409" />
        <annotator id="eHOST_2010">Giorgio Malinverni</annotator>
        <span start="15040" end="15043" />
        <spannedText>not</spannedText>
        <creationDate>Thu Jan 13 02:08:36 CET 2022</creationDate>
    </annotation>
    <classMention id="EHOST_Instance_19409">
        <mentionClass id="NegCue">not</mentionClass>
    </classMention>
    <annotation>
        <mention id="EHOST_Instance_19410" />
        <annotator id="eHOST_2010">Giorgio Malinverni</annotator>
        <span start="15149" end="15152" />
        <spannedText>not</spannedText>
        <creationDate>Thu Jan 13 02:08:40 CET 2022</creationDate>
    </annotation>
    <classMention id="EHOST_Instance_19410">
        <mentionClass id="NegCue">not</mentionClass>
    </classMention>
    <annotation>
        <mention id="EHOST_Instance_19411" />
        <annotator id="eHOST_2010">Giorgio Malinverni</annotator>
        <span start="15249" end="15251" />
        <spannedText>un</spannedText>
        <creationDate>Thu Jan 13 02:08:54 CET 2022</creationDate>
    </annotation>
    <classMention id="EHOST_Instance_19411">
        <mentionClass id="NegCue">un</mentionClass>
    </classMention>
    <annotation>
        <mention id="EHOST_Instance_19412" />
        <annotator id="eHOST_2010">Giorgio Malinverni</annotator>
        <span start="15245" end="15248" />
        <spannedText>not</spannedText>
        <creationDate>Thu Jan 13 02:08:57 CET 2022</creationDate>
    </annotation>
    <classMention id="EHOST_Instance_19412">
        <mentionClass id="NegCue">not</mentionClass>
    </classMention>
    <annotation>
        <mention id="EHOST_Instance_19413" />
        <annotator id="eHOST_2010">Giorgio Malinverni</annotator>
        <span start="15460" end="15462" />
        <spannedText>no</spannedText>
        <creationDate>Thu Jan 13 02:09:05 CET 2022</creationDate>
    </annotation>
    <classMention id="EHOST_Instance_19413">
        <mentionClass id="NegCue">no</mentionClass>
    </classMention>
    <annotation>
        <mention id="EHOST_Instance_19414" />
        <annotator id="eHOST_2010">Giorgio Malinverni</annotator>
        <span start="15483" end="15486" />
        <spannedText>not</spannedText>
        <creationDate>Thu Jan 13 02:09:08 CET 2022</creationDate>
    </annotation>
    <classMention id="EHOST_Instance_19414">
        <mentionClass id="NegCue">not</mentionClass>
    </classMention>
    <annotation>
        <mention id="EHOST_Instance_19415" />
        <annotator id="eHOST_2010">Giorgio Malinverni</annotator>
        <span start="15539" end="15542" />
        <spannedText>n’t</spannedText>
        <creationDate>Thu Jan 13 02:09:17 CET 2022</creationDate>
    </annotation>
    <classMention id="EHOST_Instance_19415">
        <mentionClass id="NegCue">n’t</mentionClass>
    </classMention>
    <annotation>
        <mention id="EHOST_Instance_19416" />
        <annotator id="eHOST_2010">Giorgio Malinverni</annotator>
        <span start="15734" end="15737" />
        <spannedText>not</spannedText>
        <creationDate>Thu Jan 13 02:09:21 CET 2022</creationDate>
    </annotation>
    <classMention id="EHOST_Instance_19416">
        <mentionClass id="NegCue">not</mentionClass>
    </classMention>
    <annotation>
        <mention id="EHOST_Instance_19417" />
        <annotator id="eHOST_2010">Giorgio Malinverni</annotator>
        <span start="15873" end="15876" />
        <spannedText>non</spannedText>
        <creationDate>Thu Jan 13 02:09:36 CET 2022</creationDate>
    </annotation>
    <classMention id="EHOST_Instance_19417">
        <mentionClass id="NegCue">non</mentionClass>
    </classMention>
    <annotation>
        <mention id="EHOST_Instance_19418" />
        <annotator id="eHOST_2010">Giorgio Malinverni</annotator>
        <span start="16083" end="16086" />
        <spannedText>not</spannedText>
        <creationDate>Thu Jan 13 02:09:46 CET 2022</creationDate>
    </annotation>
    <classMention id="EHOST_Instance_19418">
        <mentionClass id="NegCue">not</mentionClass>
    </classMention>
    <annotation>
        <mention id="EHOST_Instance_19419" />
        <annotator id="eHOST_2010">Giorgio Malinverni</annotator>
        <span start="16110" end="16113" />
        <spannedText>not</spannedText>
        <creationDate>Thu Jan 13 02:09:50 CET 2022</creationDate>
    </annotation>
    <classMention id="EHOST_Instance_19419">
        <mentionClass id="NegCue">not</mentionClass>
    </classMention>
    <annotation>
        <mention id="EHOST_Instance_19420" />
        <annotator id="eHOST_2010">Giorgio Malinverni</annotator>
        <span start="16240" end="16243" />
        <spannedText>not</spannedText>
        <creationDate>Thu Jan 13 02:10:01 CET 2022</creationDate>
    </annotation>
    <classMention id="EHOST_Instance_19420">
        <mentionClass id="NegCue">not</mentionClass>
    </classMention>
    <annotation>
        <mention id="EHOST_Instance_19421" />
        <annotator id="eHOST_2010">Giorgio Malinverni</annotator>
        <span start="16289" end="16292" />
        <spannedText>non</spannedText>
        <creationDate>Thu Jan 13 02:10:11 CET 2022</creationDate>
    </annotation>
    <classMention id="EHOST_Instance_19421">
        <mentionClass id="NegCue">non</mentionClass>
    </classMention>
    <annotation>
        <mention id="EHOST_Instance_19422" />
        <annotator id="eHOST_2010">Giorgio Malinverni</annotator>
        <span start="16307" end="16310" />
        <spannedText>non</spannedText>
        <creationDate>Thu Jan 13 02:10:13 CET 2022</creationDate>
    </annotation>
    <classMention id="EHOST_Instance_19422">
        <mentionClass id="NegCue">non</mentionClass>
    </classMention>
    <annotation>
        <mention id="EHOST_Instance_19423" />
        <annotator id="eHOST_2010">Giorgio Malinverni</annotator>
        <span start="16381" end="16384" />
        <spannedText>non</spannedText>
        <creationDate>Thu Jan 13 02:10:16 CET 2022</creationDate>
    </annotation>
    <classMention id="EHOST_Instance_19423">
        <mentionClass id="NegCue">non</mentionClass>
    </classMention>
    <annotation>
        <mention id="EHOST_Instance_19424" />
        <annotator id="eHOST_2010">Giorgio Malinverni</annotator>
        <span start="16416" end="16419" />
        <spannedText>non</spannedText>
        <creationDate>Thu Jan 13 02:10:19 CET 2022</creationDate>
    </annotation>
    <classMention id="EHOST_Instance_19424">
        <mentionClass id="NegCue">non</mentionClass>
    </classMention>
    <annotation>
        <mention id="EHOST_Instance_19425" />
        <annotator id="eHOST_2010">Giorgio Malinverni</annotator>
        <span start="16432" end="16435" />
        <spannedText>n’t</spannedText>
        <creationDate>Thu Jan 13 02:10:27 CET 2022</creationDate>
    </annotation>
    <classMention id="EHOST_Instance_19425">
        <mentionClass id="NegCue">n’t</mentionClass>
    </classMention>
    <annotation>
        <mention id="EHOST_Instance_19426" />
        <annotator id="eHOST_2010">Giorgio Malinverni</annotator>
        <span start="16559" end="16562" />
        <spannedText>non</spannedText>
        <creationDate>Thu Jan 13 02:11:17 CET 2022</creationDate>
    </annotation>
    <classMention id="EHOST_Instance_19426">
        <mentionClass id="NegCue">non</mentionClass>
    </classMention>
    <annotation>
        <mention id="EHOST_Instance_19427" />
        <annotator id="eHOST_2010">Giorgio Malinverni</annotator>
        <span start="16847" end="16850" />
        <spannedText>non</spannedText>
        <creationDate>Thu Jan 13 02:11:27 CET 2022</creationDate>
    </annotation>
    <classMention id="EHOST_Instance_19427">
        <mentionClass id="NegCue">non</mentionClass>
    </classMention>
    <annotation>
        <mention id="EHOST_Instance_19428" />
        <annotator id="eHOST_2010">Giorgio Malinverni</annotator>
        <span start="17028" end="17031" />
        <spannedText>NON</spannedText>
        <creationDate>Thu Jan 13 02:11:40 CET 2022</creationDate>
    </annotation>
    <classMention id="EHOST_Instance_19428">
        <mentionClass id="NegCue">NON</mentionClass>
    </classMention>
    <annotation>
        <mention id="EHOST_Instance_19429" />
        <annotator id="eHOST_2010">Giorgio Malinverni</annotator>
        <span start="17789" end="17792" />
        <spannedText>not</spannedText>
        <creationDate>Thu Jan 13 02:12:08 CET 2022</creationDate>
    </annotation>
    <classMention id="EHOST_Instance_19429">
        <mentionClass id="NegCue">not</mentionClass>
    </classMention>
    <annotation>
        <mention id="EHOST_Instance_19430" />
        <annotator id="eHOST_2010">Giorgio Malinverni</annotator>
        <span start="18157" end="18160" />
        <spannedText>non</spannedText>
        <creationDate>Thu Jan 13 02:12:41 CET 2022</creationDate>
    </annotation>
    <classMention id="EHOST_Instance_19430">
        <mentionClass id="NegCue">non</mentionClass>
    </classMention>
    <annotation>
        <mention id="EHOST_Instance_19431" />
        <annotator id="eHOST_2010">Giorgio Malinverni</annotator>
        <span start="18256" end="18259" />
        <spannedText>not</spannedText>
        <creationDate>Thu Jan 13 02:12:44 CET 2022</creationDate>
    </annotation>
    <classMention id="EHOST_Instance_19431">
        <mentionClass id="NegCue">not</mentionClass>
    </classMention>
    <annotation>
        <mention id="EHOST_Instance_19432" />
        <annotator id="eHOST_2010">Giorgio Malinverni</annotator>
        <span start="18319" end="18322" />
        <spannedText>non</spannedText>
        <creationDate>Thu Jan 13 02:13:10 CET 2022</creationDate>
    </annotation>
    <classMention id="EHOST_Instance_19432">
        <mentionClass id="NegCue">non</mentionClass>
    </classMention>
    <annotation>
        <mention id="EHOST_Instance_19433" />
        <annotator id="eHOST_2010">Giorgio Malinverni</annotator>
        <span start="18392" end="18401" />
        <spannedText>no longer</spannedText>
        <creationDate>Thu Jan 13 02:13:14 CET 2022</creationDate>
    </annotation>
    <classMention id="EHOST_Instance_19433">
        <mentionClass id="NegCue">no longer</mentionClass>
    </classMention>
    <annotation>
        <mention id="EHOST_Instance_19434" />
        <annotator id="eHOST_2010">Giorgio Malinverni</annotator>
        <span start="18441" end="18444" />
        <spannedText>not</spannedText>
        <creationDate>Thu Jan 13 02:13:18 CET 2022</creationDate>
    </annotation>
    <classMention id="EHOST_Instance_19434">
        <mentionClass id="NegCue">not</mentionClass>
    </classMention>
    <annotation>
        <mention id="EHOST_Instance_19435" />
        <annotator id="eHOST_2010">Giorgio Malinverni</annotator>
        <span start="18504" end="18507" />
        <spannedText>non</spannedText>
        <creationDate>Thu Jan 13 02:13:36 CET 2022</creationDate>
    </annotation>
    <classMention id="EHOST_Instance_19435">
        <mentionClass id="NegCue">non</mentionClass>
    </classMention>
    <annotation>
        <mention id="EHOST_Instance_19436" />
        <annotator id="eHOST_2010">Giorgio Malinverni</annotator>
        <span start="18577" end="18586" />
        <spannedText>no longer</spannedText>
        <creationDate>Thu Jan 13 02:13:42 CET 2022</creationDate>
    </annotation>
    <classMention id="EHOST_Instance_19436">
        <mentionClass id="NegCue">no longer</mentionClass>
    </classMention>
    <annotation>
        <mention id="EHOST_Instance_19437" />
        <annotator id="eHOST_2010">Giorgio Malinverni</annotator>
        <span start="18711" end="18714" />
        <spannedText>non</spannedText>
        <creationDate>Thu Jan 13 02:14:01 CET 2022</creationDate>
    </annotation>
    <classMention id="EHOST_Instance_19437">
        <mentionClass id="NegCue">non</mentionClass>
    </classMention>
    <annotation>
        <mention id="EHOST_Instance_19438" />
        <annotator id="eHOST_2010">Giorgio Malinverni</annotator>
        <span start="18847" end="18850" />
        <spannedText>non</spannedText>
        <creationDate>Thu Jan 13 02:14:18 CET 2022</creationDate>
    </annotation>
    <classMention id="EHOST_Instance_19438">
        <mentionClass id="NegCue">non</mentionClass>
    </classMention>
    <annotation>
        <mention id="EHOST_Instance_19439" />
        <annotator id="eHOST_2010">Giorgio Malinverni</annotator>
        <span start="18908" end="18911" />
        <spannedText>not</spannedText>
        <creationDate>Thu Jan 13 02:14:24 CET 2022</creationDate>
    </annotation>
    <classMention id="EHOST_Instance_19439">
        <mentionClass id="NegCue">not</mentionClass>
    </classMention>
    <annotation>
        <mention id="EHOST_Instance_19440" />
        <annotator id="eHOST_2010">Giorgio Malinverni</annotator>
        <span start="19081" end="19084" />
        <spannedText>non</spannedText>
        <creationDate>Thu Jan 13 02:14:35 CET 2022</creationDate>
    </annotation>
    <classMention id="EHOST_Instance_19440">
        <mentionClass id="NegCue">non</mentionClass>
    </classMention>
    <annotation>
        <mention id="EHOST_Instance_19441" />
        <annotator id="eHOST_2010">Giorgio Malinverni</annotator>
        <span start="19320" end="19323" />
        <spannedText>not</spannedText>
        <creationDate>Thu Jan 13 02:14:46 CET 2022</creationDate>
    </annotation>
    <classMention id="EHOST_Instance_19441">
        <mentionClass id="NegCue">not</mentionClass>
    </classMention>
    <annotation>
        <mention id="EHOST_Instance_19442" />
        <annotator id="eHOST_2010">Giorgio Malinverni</annotator>
        <span start="19448" end="19451" />
        <spannedText>not</spannedText>
        <creationDate>Thu Jan 13 02:14:52 CET 2022</creationDate>
    </annotation>
    <classMention id="EHOST_Instance_19442">
        <mentionClass id="NegCue">not</mentionClass>
    </classMention>
    <annotation>
        <mention id="EHOST_Instance_19443" />
        <annotator id="eHOST_2010">Giorgio Malinverni</annotator>
        <span start="20530" end="20532" />
        <spannedText>no</spannedText>
        <creationDate>Thu Jan 13 02:15:33 CET 2022</creationDate>
    </annotation>
    <classMention id="EHOST_Instance_19443">
        <mentionClass id="NegCue">no</mentionClass>
    </classMention>
    <annotation>
        <mention id="EHOST_Instance_19444" />
        <annotator id="eHOST_2010">Giorgio Malinverni</annotator>
        <span start="21687" end="21690" />
        <spannedText>not</spannedText>
        <creationDate>Thu Jan 13 02:16:53 CET 2022</creationDate>
    </annotation>
    <classMention id="EHOST_Instance_19444">
        <mentionClass id="NegCue">not</mentionClass>
    </classMention>
    <annotation>
        <mention id="EHOST_Instance_19445" />
        <annotator id="eHOST_2010">Giorgio Malinverni</annotator>
        <span start="21752" end="21757" />
        <spannedText>never</spannedText>
        <creationDate>Thu Jan 13 02:16:59 CET 2022</creationDate>
    </annotation>
    <classMention id="EHOST_Instance_19445">
        <mentionClass id="NegCue">never</mentionClass>
    </classMention>
    <annotation>
        <mention id="EHOST_Instance_19446" />
        <annotator id="eHOST_2010">Giorgio Malinverni</annotator>
        <span start="21857" end="21860" />
        <spannedText>not</spannedText>
        <creationDate>Thu Jan 13 02:17:06 CET 2022</creationDate>
    </annotation>
    <classMention id="EHOST_Instance_19446">
        <mentionClass id="NegCue">not</mentionClass>
    </classMention>
    <annotation>
        <mention id="EHOST_Instance_19447" />
        <annotator id="eHOST_2010">Giorgio Malinverni</annotator>
        <span start="22018" end="22021" />
        <spannedText>n’t</spannedText>
        <creationDate>Thu Jan 13 02:17:16 CET 2022</creationDate>
    </annotation>
    <classMention id="EHOST_Instance_19447">
        <mentionClass id="NegCue">n’t</mentionClass>
    </classMention>
    <annotation>
        <mention id="EHOST_Instance_19448" />
        <annotator id="eHOST_2010">Giorgio Malinverni</annotator>
        <span start="22164" end="22167" />
        <spannedText>not</spannedText>
        <creationDate>Thu Jan 13 02:17:23 CET 2022</creationDate>
    </annotation>
    <classMention id="EHOST_Instance_19448">
        <mentionClass id="NegCue">not</mentionClass>
    </classMention>
    <annotation>
        <mention id="EHOST_Instance_19449" />
        <annotator id="eHOST_2010">Giorgio Malinverni</annotator>
        <span start="22206" end="22209" />
        <spannedText>n’t</spannedText>
        <creationDate>Thu Jan 13 02:17:30 CET 2022</creationDate>
    </annotation>
    <classMention id="EHOST_Instance_19449">
        <mentionClass id="NegCue">n’t</mentionClass>
    </classMention>
    <annotation>
        <mention id="EHOST_Instance_19450" />
        <annotator id="eHOST_2010">Giorgio Malinverni</annotator>
        <span start="22499" end="22502" />
        <spannedText>not</spannedText>
        <creationDate>Thu Jan 13 02:17:48 CET 2022</creationDate>
    </annotation>
    <classMention id="EHOST_Instance_19450">
        <mentionClass id="NegCue">not</mentionClass>
    </classMention>
    <annotation>
        <mention id="EHOST_Instance_19451" />
        <annotator id="eHOST_2010">Giorgio Malinverni</annotator>
        <span start="22560" end="22562" />
        <spannedText>un</spannedText>
        <creationDate>Thu Jan 13 02:18:04 CET 2022</creationDate>
    </annotation>
    <classMention id="EHOST_Instance_19451">
        <mentionClass id="NegCue">un</mentionClass>
    </classMention>
    <annotation>
        <mention id="EHOST_Instance_19452" />
        <annotator id="eHOST_2010">Giorgio Malinverni</annotator>
        <span start="22669" end="22672" />
        <spannedText>not</spannedText>
        <creationDate>Thu Jan 13 02:18:21 CET 2022</creationDate>
    </annotation>
    <classMention id="EHOST_Instance_19452">
        <mentionClass id="NegCue">not</mentionClass>
    </classMention>
    <annotation>
        <mention id="EHOST_Instance_19453" />
        <annotator id="eHOST_2010">Giorgio Malinverni</annotator>
        <span start="22728" end="22731" />
        <spannedText>not</spannedText>
        <creationDate>Thu Jan 13 02:18:24 CET 2022</creationDate>
    </annotation>
    <classMention id="EHOST_Instance_19453">
        <mentionClass id="NegCue">not</mentionClass>
    </classMention>
    <annotation>
        <mention id="EHOST_Instance_19454" />
        <annotator id="eHOST_2010">Giorgio Malinverni</annotator>
        <span start="22766" end="22768" />
        <spannedText>no</spannedText>
        <creationDate>Thu Jan 13 02:18:35 CET 2022</creationDate>
    </annotation>
    <classMention id="EHOST_Instance_19454">
        <mentionClass id="NegCue">no</mentionClass>
    </classMention>
    <annotation>
        <mention id="EHOST_Instance_19455" />
        <annotator id="eHOST_2010">Giorgio Malinverni</annotator>
        <span start="22910" end="22913" />
        <spannedText>n’t</spannedText>
        <creationDate>Thu Jan 13 02:18:46 CET 2022</creationDate>
    </annotation>
    <classMention id="EHOST_Instance_19455">
        <mentionClass id="NegCue">n’t</mentionClass>
    </classMention>
    <annotation>
        <mention id="EHOST_Instance_19456" />
        <annotator id="eHOST_2010">Giorgio Malinverni</annotator>
        <span start="22994" end="22996" />
        <spannedText>un</spannedText>
        <creationDate>Thu Jan 13 02:19:11 CET 2022</creationDate>
    </annotation>
    <classMention id="EHOST_Instance_19456">
        <mentionClass id="NegCue">un</mentionClass>
    </classMention>
    <annotation>
        <mention id="EHOST_Instance_19457" />
        <annotator id="eHOST_2010">Giorgio Malinverni</annotator>
        <span start="24112" end="24115" />
        <spannedText>not</spannedText>
        <creationDate>Thu Jan 13 02:19:59 CET 2022</creationDate>
    </annotation>
    <classMention id="EHOST_Instance_19457">
        <mentionClass id="NegCue">not</mentionClass>
    </classMention>
    <annotation>
        <mention id="EHOST_Instance_19458" />
        <annotator id="eHOST_2010">Giorgio Malinverni</annotator>
        <span start="24728" end="24731" />
        <spannedText>n’t</spannedText>
        <creationDate>Thu Jan 13 02:20:31 CET 2022</creationDate>
    </annotation>
    <classMention id="EHOST_Instance_19458">
        <mentionClass id="NegCue">n’t</mentionClass>
    </classMention>
    <annotation>
        <mention id="EHOST_Instance_19459" />
        <annotator id="eHOST_2010">Giorgio Malinverni</annotator>
        <span start="24864" end="24867" />
        <spannedText>not</spannedText>
        <creationDate>Thu Jan 13 02:20:38 CET 2022</creationDate>
    </annotation>
    <classMention id="EHOST_Instance_19459">
        <mentionClass id="NegCue">not</mentionClass>
    </classMention>
    <annotation>
        <mention id="EHOST_Instance_19460" />
        <annotator id="eHOST_2010">Giorgio Malinverni</annotator>
        <span start="25151" end="25153" />
        <spannedText>no</spannedText>
        <creationDate>Thu Jan 13 02:20:51 CET 2022</creationDate>
    </annotation>
    <classMention id="EHOST_Instance_19460">
        <mentionClass id="NegCue">no</mentionClass>
    </classMention>
    <annotation>
        <mention id="EHOST_Instance_19461" />
        <annotator id="eHOST_2010">Giorgio Malinverni</annotator>
        <span start="25214" end="25217" />
        <spannedText>not</spannedText>
        <creationDate>Thu Jan 13 02:21:57 CET 2022</creationDate>
    </annotation>
    <classMention id="EHOST_Instance_19461">
        <mentionClass id="NegCue">not</mentionClass>
    </classMention>
    <annotation>
        <mention id="EHOST_Instance_19462" />
        <annotator id="eHOST_2010">Giorgio Malinverni</annotator>
        <span start="25325" end="25328" />
        <spannedText>not</spannedText>
        <creationDate>Thu Jan 13 02:22:02 CET 2022</creationDate>
    </annotation>
    <classMention id="EHOST_Instance_19462">
        <mentionClass id="NegCue">not</mentionClass>
    </classMention>
    <annotation>
        <mention id="EHOST_Instance_19463" />
        <annotator id="eHOST_2010">Giorgio Malinverni</annotator>
        <span start="25449" end="25452" />
        <spannedText>not</spannedText>
        <creationDate>Thu Jan 13 02:22:09 CET 2022</creationDate>
    </annotation>
    <classMention id="EHOST_Instance_19463">
        <mentionClass id="NegCue">not</mentionClass>
    </classMention>
    <annotation>
        <mention id="EHOST_Instance_19464" />
        <annotator id="eHOST_2010">Giorgio Malinverni</annotator>
        <span start="25599" end="25602" />
        <spannedText>not</spannedText>
        <creationDate>Thu Jan 13 02:22:15 CET 2022</creationDate>
    </annotation>
    <classMention id="EHOST_Instance_19464">
        <mentionClass id="NegCue">not</mentionClass>
    </classMention>
    <annotation>
        <mention id="EHOST_Instance_19465" />
        <annotator id="eHOST_2010">Giorgio Malinverni</annotator>
        <span start="25824" end="25827" />
        <spannedText>non</spannedText>
        <creationDate>Thu Jan 13 02:22:23 CET 2022</creationDate>
    </annotation>
    <classMention id="EHOST_Instance_19465">
        <mentionClass id="NegCue">non</mentionClass>
    </classMention>
    <annotation>
        <mention id="EHOST_Instance_19466" />
        <annotator id="eHOST_2010">Giorgio Malinverni</annotator>
        <span start="26149" end="26152" />
        <spannedText>not</spannedText>
        <creationDate>Thu Jan 13 02:23:08 CET 2022</creationDate>
    </annotation>
    <classMention id="EHOST_Instance_19466">
        <mentionClass id="NegCue">not</mentionClass>
    </classMention>
    <annotation>
        <mention id="EHOST_Instance_19467" />
        <annotator id="eHOST_2010">Giorgio Malinverni</annotator>
        <span start="26346" end="26349" />
        <spannedText>not</spannedText>
        <creationDate>Thu Jan 13 02:23:14 CET 2022</creationDate>
    </annotation>
    <classMention id="EHOST_Instance_19467">
        <mentionClass id="NegCue">not</mentionClass>
    </classMention>
    <annotation>
        <mention id="EHOST_Instance_19468" />
        <annotator id="eHOST_2010">Giorgio Malinverni</annotator>
        <span start="26649" end="26651" />
        <spannedText>no</spannedText>
        <creationDate>Thu Jan 13 02:23:30 CET 2022</creationDate>
    </annotation>
    <classMention id="EHOST_Instance_19468">
        <mentionClass id="NegCue">no</mentionClass>
    </classMention>
    <annotation>
        <mention id="EHOST_Instance_19469" />
        <annotator id="eHOST_2010">Giorgio Malinverni</annotator>
        <span start="27293" end="27296" />
        <spannedText>not</spannedText>
        <creationDate>Thu Jan 13 02:23:58 CET 2022</creationDate>
    </annotation>
    <classMention id="EHOST_Instance_19469">
        <mentionClass id="NegCue">not</mentionClass>
    </classMention>
    <annotation>
        <mention id="EHOST_Instance_19470" />
        <annotator id="eHOST_2010">Giorgio Malinverni</annotator>
        <span start="27720" end="27723" />
        <spannedText>n’t</spannedText>
        <creationDate>Thu Jan 13 02:24:30 CET 2022</creationDate>
    </annotation>
    <classMention id="EHOST_Instance_19470">
        <mentionClass id="NegCue">n’t</mentionClass>
    </classMention>
    <eHOST_Adjudication_Status version="1.0">
        <Adjudication_Selected_Annotators version="1.0" />
        <Adjudication_Selected_Classes version="1.0" />
        <Adjudication_Others>
            <CHECK_OVERLAPPED_SPANS>false</CHECK_OVERLAPPED_SPANS>
            <CHECK_ATTRIBUTES>false</CHECK_ATTRIBUTES>
            <CHECK_RELATIONSHIP>false</CHECK_RELATIONSHIP>
            <CHECK_CLASS>false</CHECK_CLASS>
            <CHECK_COMMENT>false</CHECK_COMMENT>
        </Adjudication_Others>
    </eHOST_Adjudication_Status>
</annotations>

