<?xml version="1.0" encoding="UTF-8"?>
<annotations textSource="fitfortravel-scot-nhs-uk_20160608T202918.txt">
    <annotation>
        <mention id="EHOST_Instance_1" />
        <annotator id="01">Tessel</annotator>
        <span start="1851" end="1855" />
        <spannedText>none</spannedText>
        <creationDate>Wed Jan 12 17:08:20 CET 2022</creationDate>
    </annotation>
    <classMention id="EHOST_Instance_1">
        <mentionClass id="NegCue">none</mentionClass>
    </classMention>
    <annotation>
        <mention id="EHOST_Instance_2" />
        <annotator id="01">Tessel</annotator>
        <span start="609" end="612" />
        <spannedText>not</spannedText>
        <creationDate>Wed Jan 12 17:59:54 CET 2022</creationDate>
    </annotation>
    <classMention id="EHOST_Instance_2">
        <mentionClass id="NegCue">not</mentionClass>
    </classMention>
    <annotation>
        <mention id="EHOST_Instance_3" />
        <annotator id="01">Tessel</annotator>
        <span start="2615" end="2617" />
        <spannedText>un</spannedText>
        <creationDate>Wed Jan 12 18:00:02 CET 2022</creationDate>
    </annotation>
    <classMention id="EHOST_Instance_3">
        <mentionClass id="NegCue">un</mentionClass>
    </classMention>
    <annotation>
        <mention id="EHOST_Instance_4" />
        <annotator id="01">Tessel</annotator>
        <span start="2989" end="2992" />
        <spannedText>not</spannedText>
        <creationDate>Wed Jan 12 17:09:54 CET 2022</creationDate>
    </annotation>
    <classMention id="EHOST_Instance_4">
        <mentionClass id="NegCue">not</mentionClass>
    </classMention>
    <annotation>
        <mention id="EHOST_Instance_5" />
        <annotator id="01">Tessel</annotator>
        <span start="3694" end="3696" />
        <spannedText>no</spannedText>
        <creationDate>Wed Jan 12 17:14:34 CET 2022</creationDate>
    </annotation>
    <classMention id="EHOST_Instance_5">
        <mentionClass id="NegCue">no</mentionClass>
    </classMention>
    <annotation>
        <mention id="EHOST_Instance_6" />
        <annotator id="01">Tessel</annotator>
        <span start="4360" end="4363" />
        <spannedText>not</spannedText>
        <creationDate>Wed Jan 12 17:15:44 CET 2022</creationDate>
    </annotation>
    <classMention id="EHOST_Instance_6">
        <mentionClass id="NegCue">not</mentionClass>
    </classMention>
    <annotation>
        <mention id="EHOST_Instance_7" />
        <annotator id="01">Tessel</annotator>
        <span start="4754" end="4757" />
        <spannedText>not</spannedText>
        <creationDate>Wed Jan 12 17:15:57 CET 2022</creationDate>
    </annotation>
    <classMention id="EHOST_Instance_7">
        <mentionClass id="NegCue">not</mentionClass>
    </classMention>
    <annotation>
        <mention id="EHOST_Instance_8" />
        <annotator id="eHOST_2010">Alyssa</annotator>
        <span start="609" end="612" />
        <spannedText>not</spannedText>
        <creationDate>Wed Jan 12 18:12:33 CET 2022</creationDate>
    </annotation>
    <classMention id="EHOST_Instance_8">
        <mentionClass id="NegCue">not</mentionClass>
    </classMention>
    <annotation>
        <mention id="EHOST_Instance_9" />
        <annotator id="eHOST_2010">Alyssa</annotator>
        <span start="1851" end="1855" />
        <spannedText>none</spannedText>
        <creationDate>Wed Jan 12 18:13:27 CET 2022</creationDate>
    </annotation>
    <classMention id="EHOST_Instance_9">
        <mentionClass id="NegCue">none</mentionClass>
    </classMention>
    <annotation>
        <mention id="EHOST_Instance_10" />
        <annotator id="eHOST_2010">Alyssa</annotator>
        <span start="2955" end="2958" />
        <spannedText>not</spannedText>
        <creationDate>Wed Jan 12 18:14:01 CET 2022</creationDate>
    </annotation>
    <classMention id="EHOST_Instance_10">
        <mentionClass id="NegCue">not</mentionClass>
    </classMention>
    <annotation>
        <mention id="EHOST_Instance_11" />
        <annotator id="eHOST_2010">Alyssa</annotator>
        <span start="2989" end="2992" />
        <spannedText>not</spannedText>
        <creationDate>Wed Jan 12 18:14:04 CET 2022</creationDate>
    </annotation>
    <classMention id="EHOST_Instance_11">
        <mentionClass id="NegCue">not</mentionClass>
    </classMention>
    <annotation>
        <mention id="EHOST_Instance_12" />
        <annotator id="eHOST_2010">Alyssa</annotator>
        <span start="3694" end="3696" />
        <spannedText>no</spannedText>
        <creationDate>Wed Jan 12 18:14:23 CET 2022</creationDate>
    </annotation>
    <classMention id="EHOST_Instance_12">
        <mentionClass id="NegCue">no</mentionClass>
    </classMention>
    <annotation>
        <mention id="EHOST_Instance_13" />
        <annotator id="eHOST_2010">Alyssa</annotator>
        <span start="4360" end="4363" />
        <spannedText>not</spannedText>
        <creationDate>Wed Jan 12 18:14:39 CET 2022</creationDate>
    </annotation>
    <classMention id="EHOST_Instance_13">
        <mentionClass id="NegCue">not</mentionClass>
    </classMention>
    <annotation>
        <mention id="EHOST_Instance_14" />
        <annotator id="eHOST_2010">Alyssa</annotator>
        <span start="4754" end="4757" />
        <spannedText>not</spannedText>
        <creationDate>Wed Jan 12 18:14:50 CET 2022</creationDate>
    </annotation>
    <classMention id="EHOST_Instance_14">
        <mentionClass id="NegCue">not</mentionClass>
    </classMention>
    <adjudicating>
        <mention id="EHOST_Instance_15" />
        <annotator id="01">Tessel</annotator>
        <span start="1851" end="1855" />
        <spannedText>none</spannedText>
        <creationDate>Wed Jan 12 17:08:20 CET 2022</creationDate>
        <processed>true</processed>
        <AdjudicationStatus>MATCHES_OK</AdjudicationStatus>
    </adjudicating>
    <classMention id="EHOST_Instance_15">
        <mentionClass id="NegCue">none</mentionClass>
    </classMention>
    <adjudicating>
        <mention id="EHOST_Instance_16" />
        <annotator id="01">Tessel</annotator>
        <span start="609" end="612" />
        <spannedText>not</spannedText>
        <creationDate>Wed Jan 12 17:59:54 CET 2022</creationDate>
        <processed>true</processed>
        <AdjudicationStatus>MATCHES_OK</AdjudicationStatus>
    </adjudicating>
    <classMention id="EHOST_Instance_16">
        <mentionClass id="NegCue">not</mentionClass>
    </classMention>
    <adjudicating>
        <mention id="EHOST_Instance_17" />
        <annotator id="01">Tessel</annotator>
        <span start="2615" end="2617" />
        <spannedText>un</spannedText>
        <creationDate>Wed Jan 12 18:00:02 CET 2022</creationDate>
        <processed>true</processed>
        <AdjudicationStatus>NON_MATCHES</AdjudicationStatus>
    </adjudicating>
    <classMention id="EHOST_Instance_17">
        <mentionClass id="NegCue">un</mentionClass>
    </classMention>
    <adjudicating>
        <mention id="EHOST_Instance_18" />
        <annotator id="01">Tessel</annotator>
        <span start="2989" end="2992" />
        <spannedText>not</spannedText>
        <creationDate>Wed Jan 12 17:09:54 CET 2022</creationDate>
        <processed>true</processed>
        <AdjudicationStatus>MATCHES_OK</AdjudicationStatus>
    </adjudicating>
    <classMention id="EHOST_Instance_18">
        <mentionClass id="NegCue">not</mentionClass>
    </classMention>
    <adjudicating>
        <mention id="EHOST_Instance_19" />
        <annotator id="01">Tessel</annotator>
        <span start="3694" end="3696" />
        <spannedText>no</spannedText>
        <creationDate>Wed Jan 12 17:14:34 CET 2022</creationDate>
        <processed>true</processed>
        <AdjudicationStatus>MATCHES_OK</AdjudicationStatus>
    </adjudicating>
    <classMention id="EHOST_Instance_19">
        <mentionClass id="NegCue">no</mentionClass>
    </classMention>
    <adjudicating>
        <mention id="EHOST_Instance_20" />
        <annotator id="01">Tessel</annotator>
        <span start="4360" end="4363" />
        <spannedText>not</spannedText>
        <creationDate>Wed Jan 12 17:15:44 CET 2022</creationDate>
        <processed>true</processed>
        <AdjudicationStatus>MATCHES_OK</AdjudicationStatus>
    </adjudicating>
    <classMention id="EHOST_Instance_20">
        <mentionClass id="NegCue">not</mentionClass>
    </classMention>
    <adjudicating>
        <mention id="EHOST_Instance_21" />
        <annotator id="01">Tessel</annotator>
        <span start="4754" end="4757" />
        <spannedText>not</spannedText>
        <creationDate>Wed Jan 12 17:15:57 CET 2022</creationDate>
        <processed>true</processed>
        <AdjudicationStatus>MATCHES_OK</AdjudicationStatus>
    </adjudicating>
    <classMention id="EHOST_Instance_21">
        <mentionClass id="NegCue">not</mentionClass>
    </classMention>
    <adjudicating>
        <mention id="EHOST_Instance_22" />
        <annotator id="eHOST_2010">Alyssa</annotator>
        <span start="609" end="612" />
        <spannedText>not</spannedText>
        <creationDate>Wed Jan 12 18:12:33 CET 2022</creationDate>
        <processed>true</processed>
        <AdjudicationStatus>MATCHES_DLETED</AdjudicationStatus>
    </adjudicating>
    <classMention id="EHOST_Instance_22">
        <mentionClass id="NegCue">not</mentionClass>
    </classMention>
    <adjudicating>
        <mention id="EHOST_Instance_23" />
        <annotator id="eHOST_2010">Alyssa</annotator>
        <span start="1851" end="1855" />
        <spannedText>none</spannedText>
        <creationDate>Wed Jan 12 18:13:27 CET 2022</creationDate>
        <processed>true</processed>
        <AdjudicationStatus>MATCHES_DLETED</AdjudicationStatus>
    </adjudicating>
    <classMention id="EHOST_Instance_23">
        <mentionClass id="NegCue">none</mentionClass>
    </classMention>
    <adjudicating>
        <mention id="EHOST_Instance_24" />
        <annotator id="eHOST_2010">Alyssa</annotator>
        <span start="2955" end="2958" />
        <spannedText>not</spannedText>
        <creationDate>Wed Jan 12 18:14:01 CET 2022</creationDate>
        <processed>true</processed>
        <AdjudicationStatus>NON_MATCHES</AdjudicationStatus>
    </adjudicating>
    <classMention id="EHOST_Instance_24">
        <mentionClass id="NegCue">not</mentionClass>
    </classMention>
    <adjudicating>
        <mention id="EHOST_Instance_25" />
        <annotator id="eHOST_2010">Alyssa</annotator>
        <span start="2989" end="2992" />
        <spannedText>not</spannedText>
        <creationDate>Wed Jan 12 18:14:04 CET 2022</creationDate>
        <processed>true</processed>
        <AdjudicationStatus>MATCHES_DLETED</AdjudicationStatus>
    </adjudicating>
    <classMention id="EHOST_Instance_25">
        <mentionClass id="NegCue">not</mentionClass>
    </classMention>
    <adjudicating>
        <mention id="EHOST_Instance_26" />
        <annotator id="eHOST_2010">Alyssa</annotator>
        <span start="3694" end="3696" />
        <spannedText>no</spannedText>
        <creationDate>Wed Jan 12 18:14:23 CET 2022</creationDate>
        <processed>true</processed>
        <AdjudicationStatus>MATCHES_DLETED</AdjudicationStatus>
    </adjudicating>
    <classMention id="EHOST_Instance_26">
        <mentionClass id="NegCue">no</mentionClass>
    </classMention>
    <adjudicating>
        <mention id="EHOST_Instance_27" />
        <annotator id="eHOST_2010">Alyssa</annotator>
        <span start="4360" end="4363" />
        <spannedText>not</spannedText>
        <creationDate>Wed Jan 12 18:14:39 CET 2022</creationDate>
        <processed>true</processed>
        <AdjudicationStatus>MATCHES_DLETED</AdjudicationStatus>
    </adjudicating>
    <classMention id="EHOST_Instance_27">
        <mentionClass id="NegCue">not</mentionClass>
    </classMention>
    <adjudicating>
        <mention id="EHOST_Instance_28" />
        <annotator id="eHOST_2010">Alyssa</annotator>
        <span start="4754" end="4757" />
        <spannedText>not</spannedText>
        <creationDate>Wed Jan 12 18:14:50 CET 2022</creationDate>
        <processed>true</processed>
        <AdjudicationStatus>MATCHES_DLETED</AdjudicationStatus>
    </adjudicating>
    <classMention id="EHOST_Instance_28">
        <mentionClass id="NegCue">not</mentionClass>
    </classMention>
    <eHOST_Adjudication_Status version="1.0">
        <Adjudication_Selected_Annotators version="1.0">
            <Annotator>Tessel</Annotator>
            <Annotator>Alyssa</Annotator>
            <Annotator>ADJUDICATION</Annotator>
        </Adjudication_Selected_Annotators>
        <Adjudication_Selected_Classes version="1.0">
            <Class>NegCue</Class>
        </Adjudication_Selected_Classes>
        <Adjudication_Others>
            <CHECK_OVERLAPPED_SPANS>false</CHECK_OVERLAPPED_SPANS>
            <CHECK_ATTRIBUTES>false</CHECK_ATTRIBUTES>
            <CHECK_RELATIONSHIP>false</CHECK_RELATIONSHIP>
            <CHECK_CLASS>false</CHECK_CLASS>
            <CHECK_COMMENT>false</CHECK_COMMENT>
        </Adjudication_Others>
    </eHOST_Adjudication_Status>
</annotations>

