<?xml version="1.0" encoding="UTF-8"?>
<annotations textSource="Fox-News_20161029T114432.txt">
    <annotation>
        <mention id="EHOST_Instance_29" />
        <annotator id="01">Tessel</annotator>
        <span start="448" end="455" />
        <spannedText>without</spannedText>
        <creationDate>Wed Jan 12 17:20:06 CET 2022</creationDate>
    </annotation>
    <classMention id="EHOST_Instance_29">
        <mentionClass id="NegCue">without</mentionClass>
    </classMention>
    <annotation>
        <mention id="EHOST_Instance_30" />
        <annotator id="01">Tessel</annotator>
        <span start="761" end="764" />
        <spannedText>not</spannedText>
        <creationDate>Wed Jan 12 17:28:22 CET 2022</creationDate>
    </annotation>
    <classMention id="EHOST_Instance_30">
        <mentionClass id="NegCue">not</mentionClass>
    </classMention>
    <annotation>
        <mention id="EHOST_Instance_31" />
        <annotator id="01">Tessel</annotator>
        <span start="1229" end="1232" />
        <spannedText>not</spannedText>
        <creationDate>Wed Jan 12 17:30:24 CET 2022</creationDate>
    </annotation>
    <classMention id="EHOST_Instance_31">
        <mentionClass id="NegCue">not</mentionClass>
    </classMention>
    <annotation>
        <mention id="EHOST_Instance_32" />
        <annotator id="01">Tessel</annotator>
        <span start="1872" end="1875" />
        <spannedText>not</spannedText>
        <creationDate>Wed Jan 12 17:31:05 CET 2022</creationDate>
    </annotation>
    <classMention id="EHOST_Instance_32">
        <mentionClass id="NegCue">not</mentionClass>
    </classMention>
    <annotation>
        <mention id="EHOST_Instance_33" />
        <annotator id="01">Tessel</annotator>
        <span start="1949" end="1954" />
        <spannedText>never</spannedText>
        <creationDate>Wed Jan 12 17:34:52 CET 2022</creationDate>
    </annotation>
    <classMention id="EHOST_Instance_33">
        <mentionClass id="NegCue">never</mentionClass>
    </classMention>
    <annotation>
        <mention id="EHOST_Instance_34" />
        <annotator id="01">Tessel</annotator>
        <span start="2234" end="2241" />
        <spannedText>without</spannedText>
        <creationDate>Wed Jan 12 17:36:26 CET 2022</creationDate>
    </annotation>
    <classMention id="EHOST_Instance_34">
        <mentionClass id="NegCue">without</mentionClass>
    </classMention>
    <annotation>
        <mention id="EHOST_Instance_35" />
        <annotator id="01">Tessel</annotator>
        <span start="3772" end="3775" />
        <spannedText>not</spannedText>
        <creationDate>Wed Jan 12 17:37:15 CET 2022</creationDate>
    </annotation>
    <classMention id="EHOST_Instance_35">
        <mentionClass id="NegCue">not</mentionClass>
    </classMention>
    <annotation>
        <mention id="EHOST_Instance_36" />
        <annotator id="01">Tessel</annotator>
        <span start="3849" end="3852" />
        <spannedText>not</spannedText>
        <creationDate>Wed Jan 12 17:37:29 CET 2022</creationDate>
    </annotation>
    <classMention id="EHOST_Instance_36">
        <mentionClass id="NegCue">not</mentionClass>
    </classMention>
    <annotation>
        <mention id="EHOST_Instance_37" />
        <annotator id="01">Tessel</annotator>
        <span start="4006" end="4010" />
        <spannedText>none</spannedText>
        <creationDate>Wed Jan 12 17:37:35 CET 2022</creationDate>
    </annotation>
    <classMention id="EHOST_Instance_37">
        <mentionClass id="NegCue">none</mentionClass>
    </classMention>
    <annotation>
        <mention id="EHOST_Instance_38" />
        <annotator id="01">Tessel</annotator>
        <span start="4805" end="4810" />
        <spannedText>never</spannedText>
        <creationDate>Wed Jan 12 17:38:00 CET 2022</creationDate>
    </annotation>
    <classMention id="EHOST_Instance_38">
        <mentionClass id="NegCue">never</mentionClass>
    </classMention>
    <annotation>
        <mention id="EHOST_Instance_39" />
        <annotator id="01">Tessel</annotator>
        <span start="4923" end="4926" />
        <spannedText>not</spannedText>
        <creationDate>Wed Jan 12 17:38:07 CET 2022</creationDate>
    </annotation>
    <classMention id="EHOST_Instance_39">
        <mentionClass id="NegCue">not</mentionClass>
    </classMention>
    <annotation>
        <mention id="EHOST_Instance_40" />
        <annotator id="01">Tessel</annotator>
        <span start="5646" end="5649" />
        <spannedText>not</spannedText>
        <creationDate>Wed Jan 12 17:38:25 CET 2022</creationDate>
    </annotation>
    <classMention id="EHOST_Instance_40">
        <mentionClass id="NegCue">not</mentionClass>
    </classMention>
    <annotation>
        <mention id="EHOST_Instance_41" />
        <annotator id="01">Tessel</annotator>
        <span start="5729" end="5734" />
        <spannedText>nâ€™t</spannedText>
        <creationDate>Thu Jan 13 14:21:06 CET 2022</creationDate>
    </annotation>
    <classMention id="EHOST_Instance_41">
        <mentionClass id="NegCue">nâ€™t</mentionClass>
    </classMention>
    <annotation>
        <mention id="EHOST_Instance_42" />
        <annotator id="01">Tessel</annotator>
        <span start="8413" end="8416" />
        <spannedText>not</spannedText>
        <creationDate>Wed Jan 12 17:40:35 CET 2022</creationDate>
    </annotation>
    <classMention id="EHOST_Instance_42">
        <mentionClass id="NegCue">not</mentionClass>
    </classMention>
    <annotation>
        <mention id="EHOST_Instance_43" />
        <annotator id="01">Tessel</annotator>
        <span start="8826" end="8829" />
        <spannedText>not</spannedText>
        <creationDate>Wed Jan 12 17:40:51 CET 2022</creationDate>
    </annotation>
    <classMention id="EHOST_Instance_43">
        <mentionClass id="NegCue">not</mentionClass>
    </classMention>
    <annotation>
        <mention id="EHOST_Instance_44" />
        <annotator id="01">Tessel</annotator>
        <span start="9121" end="9123" />
        <spannedText>no</spannedText>
        <creationDate>Wed Jan 12 17:46:01 CET 2022</creationDate>
    </annotation>
    <classMention id="EHOST_Instance_44">
        <mentionClass id="NegCue">no</mentionClass>
    </classMention>
    <annotation>
        <mention id="EHOST_Instance_45" />
        <annotator id="01">Tessel</annotator>
        <span start="9530" end="9533" />
        <spannedText>Not</spannedText>
        <creationDate>Wed Jan 12 17:46:16 CET 2022</creationDate>
    </annotation>
    <classMention id="EHOST_Instance_45">
        <mentionClass id="NegCue">Not</mentionClass>
    </classMention>
    <annotation>
        <mention id="EHOST_Instance_46" />
        <annotator id="01">Tessel</annotator>
        <span start="10200" end="10207" />
        <spannedText>nothing</spannedText>
        <creationDate>Wed Jan 12 17:46:45 CET 2022</creationDate>
    </annotation>
    <classMention id="EHOST_Instance_46">
        <mentionClass id="NegCue">nothing</mentionClass>
    </classMention>
    <annotation>
        <mention id="EHOST_Instance_47" />
        <annotator id="01">Tessel</annotator>
        <span start="10846" end="10849" />
        <spannedText>not</spannedText>
        <creationDate>Wed Jan 12 17:47:05 CET 2022</creationDate>
    </annotation>
    <classMention id="EHOST_Instance_47">
        <mentionClass id="NegCue">not</mentionClass>
    </classMention>
    <annotation>
        <mention id="EHOST_Instance_48" />
        <annotator id="01">Tessel</annotator>
        <span start="11597" end="11600" />
        <spannedText>not</spannedText>
        <creationDate>Thu Jan 13 14:21:39 CET 2022</creationDate>
    </annotation>
    <classMention id="EHOST_Instance_48">
        <mentionClass id="NegCue">not</mentionClass>
    </classMention>
    <annotation>
        <mention id="EHOST_Instance_49" />
        <annotator id="01">Tessel</annotator>
        <span start="11858" end="11861" />
        <spannedText>not</spannedText>
        <creationDate>Wed Jan 12 17:47:40 CET 2022</creationDate>
    </annotation>
    <classMention id="EHOST_Instance_49">
        <mentionClass id="NegCue">not</mentionClass>
    </classMention>
    <annotation>
        <mention id="EHOST_Instance_50" />
        <annotator id="01">Tessel</annotator>
        <span start="12699" end="12702" />
        <spannedText>not</spannedText>
        <creationDate>Wed Jan 12 17:48:07 CET 2022</creationDate>
    </annotation>
    <classMention id="EHOST_Instance_50">
        <mentionClass id="NegCue">not</mentionClass>
    </classMention>
    <annotation>
        <mention id="EHOST_Instance_51" />
        <annotator id="01">Tessel</annotator>
        <span start="12979" end="12982" />
        <spannedText>not</spannedText>
        <creationDate>Thu Jan 13 14:21:57 CET 2022</creationDate>
    </annotation>
    <classMention id="EHOST_Instance_51">
        <mentionClass id="NegCue">not</mentionClass>
    </classMention>
    <annotation>
        <mention id="EHOST_Instance_52" />
        <annotator id="01">Tessel</annotator>
        <span start="13423" end="13426" />
        <spannedText>not</spannedText>
        <creationDate>Wed Jan 12 17:48:39 CET 2022</creationDate>
    </annotation>
    <classMention id="EHOST_Instance_52">
        <mentionClass id="NegCue">not</mentionClass>
    </classMention>
    <annotation>
        <mention id="EHOST_Instance_53" />
        <annotator id="01">Tessel</annotator>
        <span start="14664" end="14667" />
        <spannedText>not</spannedText>
        <creationDate>Wed Jan 12 17:49:31 CET 2022</creationDate>
    </annotation>
    <classMention id="EHOST_Instance_53">
        <mentionClass id="NegCue">not</mentionClass>
    </classMention>
    <annotation>
        <mention id="EHOST_Instance_54" />
        <annotator id="01">Tessel</annotator>
        <span start="15544" end="15549" />
        <spannedText>never</spannedText>
        <creationDate>Wed Jan 12 17:49:53 CET 2022</creationDate>
    </annotation>
    <classMention id="EHOST_Instance_54">
        <mentionClass id="NegCue">never</mentionClass>
    </classMention>
    <annotation>
        <mention id="EHOST_Instance_55" />
        <annotator id="01">Tessel</annotator>
        <span start="16013" end="16016" />
        <spannedText>not</spannedText>
        <creationDate>Wed Jan 12 17:50:08 CET 2022</creationDate>
    </annotation>
    <classMention id="EHOST_Instance_55">
        <mentionClass id="NegCue">not</mentionClass>
    </classMention>
    <annotation>
        <mention id="EHOST_Instance_56" />
        <annotator id="eHOST_2010">Alyssa</annotator>
        <span start="335" end="342" />
        <spannedText>without</spannedText>
        <creationDate>Wed Jan 12 18:19:30 CET 2022</creationDate>
    </annotation>
    <classMention id="EHOST_Instance_56">
        <mentionClass id="NegCue">without</mentionClass>
    </classMention>
    <annotation>
        <mention id="EHOST_Instance_57" />
        <annotator id="eHOST_2010">Alyssa</annotator>
        <span start="448" end="455" />
        <spannedText>without</spannedText>
        <creationDate>Wed Jan 12 18:19:46 CET 2022</creationDate>
    </annotation>
    <classMention id="EHOST_Instance_57">
        <mentionClass id="NegCue">without</mentionClass>
    </classMention>
    <annotation>
        <mention id="EHOST_Instance_58" />
        <annotator id="eHOST_2010">Alyssa</annotator>
        <span start="761" end="764" />
        <spannedText>not</spannedText>
        <creationDate>Wed Jan 12 18:19:55 CET 2022</creationDate>
    </annotation>
    <classMention id="EHOST_Instance_58">
        <mentionClass id="NegCue">not</mentionClass>
    </classMention>
    <annotation>
        <mention id="EHOST_Instance_59" />
        <annotator id="eHOST_2010">Alyssa</annotator>
        <span start="1229" end="1232" />
        <spannedText>not</spannedText>
        <creationDate>Wed Jan 12 18:20:09 CET 2022</creationDate>
    </annotation>
    <classMention id="EHOST_Instance_59">
        <mentionClass id="NegCue">not</mentionClass>
    </classMention>
    <annotation>
        <mention id="EHOST_Instance_60" />
        <annotator id="eHOST_2010">Alyssa</annotator>
        <span start="1570" end="1575" />
        <spannedText>never</spannedText>
        <creationDate>Wed Jan 12 18:20:22 CET 2022</creationDate>
    </annotation>
    <classMention id="EHOST_Instance_60">
        <mentionClass id="NegCue">never</mentionClass>
    </classMention>
    <annotation>
        <mention id="EHOST_Instance_61" />
        <annotator id="eHOST_2010">Alyssa</annotator>
        <span start="1872" end="1875" />
        <spannedText>not</spannedText>
        <creationDate>Wed Jan 12 18:20:31 CET 2022</creationDate>
    </annotation>
    <classMention id="EHOST_Instance_61">
        <mentionClass id="NegCue">not</mentionClass>
    </classMention>
    <annotation>
        <mention id="EHOST_Instance_62" />
        <annotator id="eHOST_2010">Alyssa</annotator>
        <span start="2573" end="2575" />
        <spannedText>no</spannedText>
        <creationDate>Wed Jan 12 18:20:52 CET 2022</creationDate>
    </annotation>
    <classMention id="EHOST_Instance_62">
        <mentionClass id="NegCue">no</mentionClass>
    </classMention>
    <annotation>
        <mention id="EHOST_Instance_63" />
        <annotator id="eHOST_2010">Alyssa</annotator>
        <span start="2637" end="2639" />
        <spannedText>no</spannedText>
        <creationDate>Wed Jan 12 18:20:53 CET 2022</creationDate>
    </annotation>
    <classMention id="EHOST_Instance_63">
        <mentionClass id="NegCue">no</mentionClass>
    </classMention>
    <annotation>
        <mention id="EHOST_Instance_64" />
        <annotator id="eHOST_2010">Alyssa</annotator>
        <span start="3772" end="3775" />
        <spannedText>not</spannedText>
        <creationDate>Wed Jan 12 18:21:51 CET 2022</creationDate>
    </annotation>
    <classMention id="EHOST_Instance_64">
        <mentionClass id="NegCue">not</mentionClass>
    </classMention>
    <annotation>
        <mention id="EHOST_Instance_65" />
        <annotator id="eHOST_2010">Alyssa</annotator>
        <span start="3849" end="3852" />
        <spannedText>not</spannedText>
        <creationDate>Wed Jan 12 18:21:54 CET 2022</creationDate>
    </annotation>
    <classMention id="EHOST_Instance_65">
        <mentionClass id="NegCue">not</mentionClass>
    </classMention>
    <annotation>
        <mention id="EHOST_Instance_66" />
        <annotator id="eHOST_2010">Alyssa</annotator>
        <span start="4006" end="4010" />
        <spannedText>none</spannedText>
        <creationDate>Wed Jan 12 18:22:07 CET 2022</creationDate>
    </annotation>
    <classMention id="EHOST_Instance_66">
        <mentionClass id="NegCue">none</mentionClass>
    </classMention>
    <annotation>
        <mention id="EHOST_Instance_67" />
        <annotator id="eHOST_2010">Alyssa</annotator>
        <span start="4805" end="4810" />
        <spannedText>never</spannedText>
        <creationDate>Wed Jan 12 18:22:35 CET 2022</creationDate>
    </annotation>
    <classMention id="EHOST_Instance_67">
        <mentionClass id="NegCue">never</mentionClass>
    </classMention>
    <annotation>
        <mention id="EHOST_Instance_68" />
        <annotator id="eHOST_2010">Alyssa</annotator>
        <span start="4923" end="4926" />
        <spannedText>not</spannedText>
        <creationDate>Wed Jan 12 18:23:30 CET 2022</creationDate>
    </annotation>
    <classMention id="EHOST_Instance_68">
        <mentionClass id="NegCue">not</mentionClass>
    </classMention>
    <annotation>
        <mention id="EHOST_Instance_69" />
        <annotator id="eHOST_2010">Alyssa</annotator>
        <span start="5646" end="5649" />
        <spannedText>not</spannedText>
        <creationDate>Wed Jan 12 18:23:52 CET 2022</creationDate>
    </annotation>
    <classMention id="EHOST_Instance_69">
        <mentionClass id="NegCue">not</mentionClass>
    </classMention>
    <annotation>
        <mention id="EHOST_Instance_70" />
        <annotator id="eHOST_2010">Alyssa</annotator>
        <span start="5729" end="5734" />
        <spannedText>nâ€™t</spannedText>
        <creationDate>Wed Jan 12 18:24:02 CET 2022</creationDate>
    </annotation>
    <classMention id="EHOST_Instance_70">
        <mentionClass id="NegCue">nâ€™t</mentionClass>
    </classMention>
    <annotation>
        <mention id="EHOST_Instance_71" />
        <annotator id="eHOST_2010">Alyssa</annotator>
        <span start="7646" end="7648" />
        <spannedText>un</spannedText>
        <creationDate>Wed Jan 12 18:26:20 CET 2022</creationDate>
    </annotation>
    <classMention id="EHOST_Instance_71">
        <mentionClass id="NegCue">un</mentionClass>
    </classMention>
    <annotation>
        <mention id="EHOST_Instance_72" />
        <annotator id="eHOST_2010">Alyssa</annotator>
        <span start="7703" end="7705" />
        <spannedText>no</spannedText>
        <creationDate>Wed Jan 12 18:26:29 CET 2022</creationDate>
    </annotation>
    <classMention id="EHOST_Instance_72">
        <mentionClass id="NegCue">no</mentionClass>
    </classMention>
    <annotation>
        <mention id="EHOST_Instance_73" />
        <annotator id="eHOST_2010">Alyssa</annotator>
        <span start="8826" end="8829" />
        <spannedText>not</spannedText>
        <creationDate>Wed Jan 12 18:27:37 CET 2022</creationDate>
    </annotation>
    <classMention id="EHOST_Instance_73">
        <mentionClass id="NegCue">not</mentionClass>
    </classMention>
    <annotation>
        <mention id="EHOST_Instance_74" />
        <annotator id="eHOST_2010">Alyssa</annotator>
        <span start="9121" end="9123" />
        <spannedText>no</spannedText>
        <creationDate>Wed Jan 12 18:27:48 CET 2022</creationDate>
    </annotation>
    <classMention id="EHOST_Instance_74">
        <mentionClass id="NegCue">no</mentionClass>
    </classMention>
    <annotation>
        <mention id="EHOST_Instance_75" />
        <annotator id="eHOST_2010">Alyssa</annotator>
        <span start="10846" end="10849" />
        <spannedText>not</spannedText>
        <creationDate>Wed Jan 12 18:28:47 CET 2022</creationDate>
    </annotation>
    <classMention id="EHOST_Instance_75">
        <mentionClass id="NegCue">not</mentionClass>
    </classMention>
    <annotation>
        <mention id="EHOST_Instance_76" />
        <annotator id="eHOST_2010">Alyssa</annotator>
        <span start="11597" end="11600" />
        <spannedText>not</spannedText>
        <creationDate>Wed Jan 12 18:29:09 CET 2022</creationDate>
    </annotation>
    <classMention id="EHOST_Instance_76">
        <mentionClass id="NegCue">not</mentionClass>
    </classMention>
    <annotation>
        <mention id="EHOST_Instance_77" />
        <annotator id="eHOST_2010">Alyssa</annotator>
        <span start="11858" end="11861" />
        <spannedText>not</spannedText>
        <creationDate>Wed Jan 12 18:29:18 CET 2022</creationDate>
    </annotation>
    <classMention id="EHOST_Instance_77">
        <mentionClass id="NegCue">not</mentionClass>
    </classMention>
    <annotation>
        <mention id="EHOST_Instance_78" />
        <annotator id="eHOST_2010">Alyssa</annotator>
        <span start="12332" end="12339" />
        <spannedText>without</spannedText>
        <creationDate>Wed Jan 12 18:29:53 CET 2022</creationDate>
    </annotation>
    <classMention id="EHOST_Instance_78">
        <mentionClass id="NegCue">without</mentionClass>
    </classMention>
    <annotation>
        <mention id="EHOST_Instance_79" />
        <annotator id="eHOST_2010">Alyssa</annotator>
        <span start="12699" end="12702" />
        <spannedText>not</spannedText>
        <creationDate>Wed Jan 12 18:30:03 CET 2022</creationDate>
    </annotation>
    <classMention id="EHOST_Instance_79">
        <mentionClass id="NegCue">not</mentionClass>
    </classMention>
    <annotation>
        <mention id="EHOST_Instance_80" />
        <annotator id="eHOST_2010">Alyssa</annotator>
        <span start="13423" end="13426" />
        <spannedText>not</spannedText>
        <creationDate>Wed Jan 12 18:30:39 CET 2022</creationDate>
    </annotation>
    <classMention id="EHOST_Instance_80">
        <mentionClass id="NegCue">not</mentionClass>
    </classMention>
    <annotation>
        <mention id="EHOST_Instance_81" />
        <annotator id="eHOST_2010">Alyssa</annotator>
        <span start="13612" end="13617" />
        <spannedText>nâ€™t</spannedText>
        <creationDate>Wed Jan 12 18:30:48 CET 2022</creationDate>
    </annotation>
    <classMention id="EHOST_Instance_81">
        <mentionClass id="NegCue">nâ€™t</mentionClass>
    </classMention>
    <annotation>
        <mention id="EHOST_Instance_82" />
        <annotator id="eHOST_2010">Alyssa</annotator>
        <span start="14145" end="14150" />
        <spannedText>never</spannedText>
        <creationDate>Wed Jan 12 18:31:04 CET 2022</creationDate>
    </annotation>
    <classMention id="EHOST_Instance_82">
        <mentionClass id="NegCue">never</mentionClass>
    </classMention>
    <annotation>
        <mention id="EHOST_Instance_83" />
        <annotator id="eHOST_2010">Alyssa</annotator>
        <span start="14664" end="14667" />
        <spannedText>not</spannedText>
        <creationDate>Wed Jan 12 18:31:23 CET 2022</creationDate>
    </annotation>
    <classMention id="EHOST_Instance_83">
        <mentionClass id="NegCue">not</mentionClass>
    </classMention>
    <annotation>
        <mention id="EHOST_Instance_84" />
        <annotator id="eHOST_2010">Alyssa</annotator>
        <span start="15571" end="15574" />
        <spannedText>not</spannedText>
        <creationDate>Wed Jan 12 18:31:46 CET 2022</creationDate>
    </annotation>
    <classMention id="EHOST_Instance_84">
        <mentionClass id="NegCue">not</mentionClass>
    </classMention>
    <annotation>
        <mention id="EHOST_Instance_85" />
        <annotator id="eHOST_2010">Alyssa</annotator>
        <span start="15840" end="15845" />
        <spannedText>never</spannedText>
        <creationDate>Wed Jan 12 18:31:54 CET 2022</creationDate>
    </annotation>
    <classMention id="EHOST_Instance_85">
        <mentionClass id="NegCue">never</mentionClass>
    </classMention>
    <annotation>
        <mention id="EHOST_Instance_86" />
        <annotator id="eHOST_2010">Tessel</annotator>
        <span start="335" end="342" />
        <spannedText>without</spannedText>
        <creationDate>Thu Jan 13 14:20:11 CET 2022</creationDate>
    </annotation>
    <classMention id="EHOST_Instance_86">
        <mentionClass id="NegCue">without</mentionClass>
    </classMention>
    <annotation>
        <mention id="EHOST_Instance_87" />
        <annotator id="eHOST_2010">Tessel</annotator>
        <span start="2573" end="2575" />
        <spannedText>no</spannedText>
        <creationDate>Thu Jan 13 14:20:43 CET 2022</creationDate>
    </annotation>
    <classMention id="EHOST_Instance_87">
        <mentionClass id="NegCue">no</mentionClass>
    </classMention>
    <annotation>
        <mention id="EHOST_Instance_88" />
        <annotator id="eHOST_2010">Tessel</annotator>
        <span start="2637" end="2639" />
        <spannedText>no</spannedText>
        <creationDate>Thu Jan 13 14:20:45 CET 2022</creationDate>
    </annotation>
    <classMention id="EHOST_Instance_88">
        <mentionClass id="NegCue">no</mentionClass>
    </classMention>
    <annotation>
        <mention id="EHOST_Instance_89" />
        <annotator id="eHOST_2010">Tessel</annotator>
        <span start="7703" end="7705" />
        <spannedText>no</spannedText>
        <creationDate>Thu Jan 13 14:21:20 CET 2022</creationDate>
    </annotation>
    <classMention id="EHOST_Instance_89">
        <mentionClass id="NegCue">no</mentionClass>
    </classMention>
    <annotation>
        <mention id="EHOST_Instance_90" />
        <annotator id="eHOST_2010">Tessel</annotator>
        <span start="12332" end="12339" />
        <spannedText>without</spannedText>
        <creationDate>Thu Jan 13 14:21:49 CET 2022</creationDate>
    </annotation>
    <classMention id="EHOST_Instance_90">
        <mentionClass id="NegCue">without</mentionClass>
    </classMention>
    <annotation>
        <mention id="EHOST_Instance_91" />
        <annotator id="eHOST_2010">Tessel</annotator>
        <span start="14145" end="14150" />
        <spannedText>never</spannedText>
        <creationDate>Thu Jan 13 14:22:07 CET 2022</creationDate>
    </annotation>
    <classMention id="EHOST_Instance_91">
        <mentionClass id="NegCue">never</mentionClass>
    </classMention>
    <adjudicating>
        <mention id="EHOST_Instance_92" />
        <annotator id="01">Tessel</annotator>
        <span start="448" end="455" />
        <spannedText>without</spannedText>
        <creationDate>Wed Jan 12 17:20:06 CET 2022</creationDate>
        <processed>true</processed>
        <AdjudicationStatus>MATCHES_OK</AdjudicationStatus>
    </adjudicating>
    <classMention id="EHOST_Instance_92">
        <mentionClass id="NegCue">without</mentionClass>
    </classMention>
    <adjudicating>
        <mention id="EHOST_Instance_93" />
        <annotator id="01">Tessel</annotator>
        <span start="761" end="764" />
        <spannedText>not</spannedText>
        <creationDate>Wed Jan 12 17:28:22 CET 2022</creationDate>
        <processed>true</processed>
        <AdjudicationStatus>MATCHES_OK</AdjudicationStatus>
    </adjudicating>
    <classMention id="EHOST_Instance_93">
        <mentionClass id="NegCue">not</mentionClass>
    </classMention>
    <adjudicating>
        <mention id="EHOST_Instance_94" />
        <annotator id="01">Tessel</annotator>
        <span start="1229" end="1232" />
        <spannedText>not</spannedText>
        <creationDate>Wed Jan 12 17:30:24 CET 2022</creationDate>
        <processed>true</processed>
        <AdjudicationStatus>MATCHES_OK</AdjudicationStatus>
    </adjudicating>
    <classMention id="EHOST_Instance_94">
        <mentionClass id="NegCue">not</mentionClass>
    </classMention>
    <adjudicating>
        <mention id="EHOST_Instance_95" />
        <annotator id="01">Tessel</annotator>
        <span start="1872" end="1875" />
        <spannedText>not</spannedText>
        <creationDate>Wed Jan 12 17:31:05 CET 2022</creationDate>
        <processed>true</processed>
        <AdjudicationStatus>MATCHES_OK</AdjudicationStatus>
    </adjudicating>
    <classMention id="EHOST_Instance_95">
        <mentionClass id="NegCue">not</mentionClass>
    </classMention>
    <adjudicating>
        <mention id="EHOST_Instance_96" />
        <annotator id="01">Tessel</annotator>
        <span start="1949" end="1954" />
        <spannedText>never</spannedText>
        <creationDate>Wed Jan 12 17:34:52 CET 2022</creationDate>
        <processed>true</processed>
        <AdjudicationStatus>NON_MATCHES</AdjudicationStatus>
    </adjudicating>
    <classMention id="EHOST_Instance_96">
        <mentionClass id="NegCue">never</mentionClass>
    </classMention>
    <adjudicating>
        <mention id="EHOST_Instance_97" />
        <annotator id="01">Tessel</annotator>
        <span start="2234" end="2241" />
        <spannedText>without</spannedText>
        <creationDate>Wed Jan 12 17:36:26 CET 2022</creationDate>
        <processed>true</processed>
        <AdjudicationStatus>NON_MATCHES</AdjudicationStatus>
    </adjudicating>
    <classMention id="EHOST_Instance_97">
        <mentionClass id="NegCue">without</mentionClass>
    </classMention>
    <adjudicating>
        <mention id="EHOST_Instance_98" />
        <annotator id="01">Tessel</annotator>
        <span start="3772" end="3775" />
        <spannedText>not</spannedText>
        <creationDate>Wed Jan 12 17:37:15 CET 2022</creationDate>
        <processed>true</processed>
        <AdjudicationStatus>MATCHES_OK</AdjudicationStatus>
    </adjudicating>
    <classMention id="EHOST_Instance_98">
        <mentionClass id="NegCue">not</mentionClass>
    </classMention>
    <adjudicating>
        <mention id="EHOST_Instance_99" />
        <annotator id="01">Tessel</annotator>
        <span start="3849" end="3852" />
        <spannedText>not</spannedText>
        <creationDate>Wed Jan 12 17:37:29 CET 2022</creationDate>
        <processed>true</processed>
        <AdjudicationStatus>MATCHES_OK</AdjudicationStatus>
    </adjudicating>
    <classMention id="EHOST_Instance_99">
        <mentionClass id="NegCue">not</mentionClass>
    </classMention>
    <adjudicating>
        <mention id="EHOST_Instance_100" />
        <annotator id="01">Tessel</annotator>
        <span start="4006" end="4010" />
        <spannedText>none</spannedText>
        <creationDate>Wed Jan 12 17:37:35 CET 2022</creationDate>
        <processed>true</processed>
        <AdjudicationStatus>MATCHES_OK</AdjudicationStatus>
    </adjudicating>
    <classMention id="EHOST_Instance_100">
        <mentionClass id="NegCue">none</mentionClass>
    </classMention>
    <adjudicating>
        <mention id="EHOST_Instance_101" />
        <annotator id="01">Tessel</annotator>
        <span start="4805" end="4810" />
        <spannedText>never</spannedText>
        <creationDate>Wed Jan 12 17:38:00 CET 2022</creationDate>
        <processed>true</processed>
        <AdjudicationStatus>MATCHES_OK</AdjudicationStatus>
    </adjudicating>
    <classMention id="EHOST_Instance_101">
        <mentionClass id="NegCue">never</mentionClass>
    </classMention>
    <adjudicating>
        <mention id="EHOST_Instance_102" />
        <annotator id="01">Tessel</annotator>
        <span start="4923" end="4926" />
        <spannedText>not</spannedText>
        <creationDate>Wed Jan 12 17:38:07 CET 2022</creationDate>
        <processed>true</processed>
        <AdjudicationStatus>MATCHES_OK</AdjudicationStatus>
    </adjudicating>
    <classMention id="EHOST_Instance_102">
        <mentionClass id="NegCue">not</mentionClass>
    </classMention>
    <adjudicating>
        <mention id="EHOST_Instance_103" />
        <annotator id="01">Tessel</annotator>
        <span start="5646" end="5649" />
        <spannedText>not</spannedText>
        <creationDate>Wed Jan 12 17:38:25 CET 2022</creationDate>
        <processed>true</processed>
        <AdjudicationStatus>MATCHES_OK</AdjudicationStatus>
    </adjudicating>
    <classMention id="EHOST_Instance_103">
        <mentionClass id="NegCue">not</mentionClass>
    </classMention>
    <adjudicating>
        <mention id="EHOST_Instance_104" />
        <annotator id="01">Tessel</annotator>
        <span start="5726" end="5734" />
        <spannedText>didnâ€™t</spannedText>
        <creationDate>Wed Jan 12 17:38:39 CET 2022</creationDate>
        <processed>true</processed>
        <AdjudicationStatus>NON_MATCHES</AdjudicationStatus>
    </adjudicating>
    <classMention id="EHOST_Instance_104">
        <mentionClass id="NegCue">didnâ€™t</mentionClass>
    </classMention>
    <adjudicating>
        <mention id="EHOST_Instance_105" />
        <annotator id="01">Tessel</annotator>
        <span start="8413" end="8416" />
        <spannedText>not</spannedText>
        <creationDate>Wed Jan 12 17:40:35 CET 2022</creationDate>
        <processed>true</processed>
        <AdjudicationStatus>NON_MATCHES</AdjudicationStatus>
    </adjudicating>
    <classMention id="EHOST_Instance_105">
        <mentionClass id="NegCue">not</mentionClass>
    </classMention>
    <adjudicating>
        <mention id="EHOST_Instance_106" />
        <annotator id="01">Tessel</annotator>
        <span start="8826" end="8829" />
        <spannedText>not</spannedText>
        <creationDate>Wed Jan 12 17:40:51 CET 2022</creationDate>
        <processed>true</processed>
        <AdjudicationStatus>MATCHES_OK</AdjudicationStatus>
    </adjudicating>
    <classMention id="EHOST_Instance_106">
        <mentionClass id="NegCue">not</mentionClass>
    </classMention>
    <adjudicating>
        <mention id="EHOST_Instance_107" />
        <annotator id="01">Tessel</annotator>
        <span start="9121" end="9123" />
        <spannedText>no</spannedText>
        <creationDate>Wed Jan 12 17:46:01 CET 2022</creationDate>
        <processed>true</processed>
        <AdjudicationStatus>MATCHES_OK</AdjudicationStatus>
    </adjudicating>
    <classMention id="EHOST_Instance_107">
        <mentionClass id="NegCue">no</mentionClass>
    </classMention>
    <adjudicating>
        <mention id="EHOST_Instance_108" />
        <annotator id="01">Tessel</annotator>
        <span start="9530" end="9533" />
        <spannedText>Not</spannedText>
        <creationDate>Wed Jan 12 17:46:16 CET 2022</creationDate>
        <processed>true</processed>
        <AdjudicationStatus>NON_MATCHES</AdjudicationStatus>
    </adjudicating>
    <classMention id="EHOST_Instance_108">
        <mentionClass id="NegCue">Not</mentionClass>
    </classMention>
    <adjudicating>
        <mention id="EHOST_Instance_109" />
        <annotator id="01">Tessel</annotator>
        <span start="10200" end="10207" />
        <spannedText>nothing</spannedText>
        <creationDate>Wed Jan 12 17:46:45 CET 2022</creationDate>
        <processed>true</processed>
        <AdjudicationStatus>NON_MATCHES</AdjudicationStatus>
    </adjudicating>
    <classMention id="EHOST_Instance_109">
        <mentionClass id="NegCue">nothing</mentionClass>
    </classMention>
    <adjudicating>
        <mention id="EHOST_Instance_110" />
        <annotator id="01">Tessel</annotator>
        <span start="10846" end="10849" />
        <spannedText>not</spannedText>
        <creationDate>Wed Jan 12 17:47:05 CET 2022</creationDate>
        <processed>true</processed>
        <AdjudicationStatus>MATCHES_OK</AdjudicationStatus>
    </adjudicating>
    <classMention id="EHOST_Instance_110">
        <mentionClass id="NegCue">not</mentionClass>
    </classMention>
    <adjudicating>
        <mention id="EHOST_Instance_111" />
        <annotator id="01">Tessel</annotator>
        <span start="11594" end="11600" />
        <spannedText>cannot</spannedText>
        <creationDate>Wed Jan 12 17:47:28 CET 2022</creationDate>
        <processed>true</processed>
        <AdjudicationStatus>NON_MATCHES</AdjudicationStatus>
    </adjudicating>
    <classMention id="EHOST_Instance_111">
        <mentionClass id="NegCue">cannot</mentionClass>
    </classMention>
    <adjudicating>
        <mention id="EHOST_Instance_112" />
        <annotator id="01">Tessel</annotator>
        <span start="11858" end="11861" />
        <spannedText>not</spannedText>
        <creationDate>Wed Jan 12 17:47:40 CET 2022</creationDate>
        <processed>true</processed>
        <AdjudicationStatus>MATCHES_OK</AdjudicationStatus>
    </adjudicating>
    <classMention id="EHOST_Instance_112">
        <mentionClass id="NegCue">not</mentionClass>
    </classMention>
    <adjudicating>
        <mention id="EHOST_Instance_113" />
        <annotator id="01">Tessel</annotator>
        <span start="12699" end="12702" />
        <spannedText>not</spannedText>
        <creationDate>Wed Jan 12 17:48:07 CET 2022</creationDate>
        <processed>true</processed>
        <AdjudicationStatus>MATCHES_OK</AdjudicationStatus>
    </adjudicating>
    <classMention id="EHOST_Instance_113">
        <mentionClass id="NegCue">not</mentionClass>
    </classMention>
    <adjudicating>
        <mention id="EHOST_Instance_114" />
        <annotator id="01">Tessel</annotator>
        <span start="12976" end="12982" />
        <spannedText>cannot</spannedText>
        <creationDate>Wed Jan 12 17:48:14 CET 2022</creationDate>
        <processed>true</processed>
        <AdjudicationStatus>NON_MATCHES</AdjudicationStatus>
    </adjudicating>
    <classMention id="EHOST_Instance_114">
        <mentionClass id="NegCue">cannot</mentionClass>
    </classMention>
    <adjudicating>
        <mention id="EHOST_Instance_115" />
        <annotator id="01">Tessel</annotator>
        <span start="13423" end="13426" />
        <spannedText>not</spannedText>
        <creationDate>Wed Jan 12 17:48:39 CET 2022</creationDate>
        <processed>true</processed>
        <AdjudicationStatus>MATCHES_OK</AdjudicationStatus>
    </adjudicating>
    <classMention id="EHOST_Instance_115">
        <mentionClass id="NegCue">not</mentionClass>
    </classMention>
    <adjudicating>
        <mention id="EHOST_Instance_116" />
        <annotator id="01">Tessel</annotator>
        <span start="14664" end="14667" />
        <spannedText>not</spannedText>
        <creationDate>Wed Jan 12 17:49:31 CET 2022</creationDate>
        <processed>true</processed>
        <AdjudicationStatus>MATCHES_OK</AdjudicationStatus>
    </adjudicating>
    <classMention id="EHOST_Instance_116">
        <mentionClass id="NegCue">not</mentionClass>
    </classMention>
    <adjudicating>
        <mention id="EHOST_Instance_117" />
        <annotator id="01">Tessel</annotator>
        <span start="15544" end="15549" />
        <spannedText>never</spannedText>
        <creationDate>Wed Jan 12 17:49:53 CET 2022</creationDate>
        <processed>true</processed>
        <AdjudicationStatus>NON_MATCHES</AdjudicationStatus>
    </adjudicating>
    <classMention id="EHOST_Instance_117">
        <mentionClass id="NegCue">never</mentionClass>
    </classMention>
    <adjudicating>
        <mention id="EHOST_Instance_118" />
        <annotator id="01">Tessel</annotator>
        <span start="16013" end="16016" />
        <spannedText>not</spannedText>
        <creationDate>Wed Jan 12 17:50:08 CET 2022</creationDate>
        <processed>true</processed>
        <AdjudicationStatus>NON_MATCHES</AdjudicationStatus>
    </adjudicating>
    <classMention id="EHOST_Instance_118">
        <mentionClass id="NegCue">not</mentionClass>
    </classMention>
    <adjudicating>
        <mention id="EHOST_Instance_119" />
        <annotator id="eHOST_2010">Alyssa</annotator>
        <span start="335" end="342" />
        <spannedText>without</spannedText>
        <creationDate>Wed Jan 12 18:19:30 CET 2022</creationDate>
        <processed>true</processed>
        <AdjudicationStatus>NON_MATCHES</AdjudicationStatus>
    </adjudicating>
    <classMention id="EHOST_Instance_119">
        <mentionClass id="NegCue">without</mentionClass>
    </classMention>
    <adjudicating>
        <mention id="EHOST_Instance_120" />
        <annotator id="eHOST_2010">Alyssa</annotator>
        <span start="448" end="455" />
        <spannedText>without</spannedText>
        <creationDate>Wed Jan 12 18:19:46 CET 2022</creationDate>
        <processed>true</processed>
        <AdjudicationStatus>MATCHES_DLETED</AdjudicationStatus>
    </adjudicating>
    <classMention id="EHOST_Instance_120">
        <mentionClass id="NegCue">without</mentionClass>
    </classMention>
    <adjudicating>
        <mention id="EHOST_Instance_121" />
        <annotator id="eHOST_2010">Alyssa</annotator>
        <span start="761" end="764" />
        <spannedText>not</spannedText>
        <creationDate>Wed Jan 12 18:19:55 CET 2022</creationDate>
        <processed>true</processed>
        <AdjudicationStatus>MATCHES_DLETED</AdjudicationStatus>
    </adjudicating>
    <classMention id="EHOST_Instance_121">
        <mentionClass id="NegCue">not</mentionClass>
    </classMention>
    <adjudicating>
        <mention id="EHOST_Instance_122" />
        <annotator id="eHOST_2010">Alyssa</annotator>
        <span start="1229" end="1232" />
        <spannedText>not</spannedText>
        <creationDate>Wed Jan 12 18:20:09 CET 2022</creationDate>
        <processed>true</processed>
        <AdjudicationStatus>MATCHES_DLETED</AdjudicationStatus>
    </adjudicating>
    <classMention id="EHOST_Instance_122">
        <mentionClass id="NegCue">not</mentionClass>
    </classMention>
    <adjudicating>
        <mention id="EHOST_Instance_123" />
        <annotator id="eHOST_2010">Alyssa</annotator>
        <span start="1570" end="1575" />
        <spannedText>never</spannedText>
        <creationDate>Wed Jan 12 18:20:22 CET 2022</creationDate>
        <processed>true</processed>
        <AdjudicationStatus>NON_MATCHES</AdjudicationStatus>
    </adjudicating>
    <classMention id="EHOST_Instance_123">
        <mentionClass id="NegCue">never</mentionClass>
    </classMention>
    <adjudicating>
        <mention id="EHOST_Instance_124" />
        <annotator id="eHOST_2010">Alyssa</annotator>
        <span start="1872" end="1875" />
        <spannedText>not</spannedText>
        <creationDate>Wed Jan 12 18:20:31 CET 2022</creationDate>
        <processed>true</processed>
        <AdjudicationStatus>MATCHES_DLETED</AdjudicationStatus>
    </adjudicating>
    <classMention id="EHOST_Instance_124">
        <mentionClass id="NegCue">not</mentionClass>
    </classMention>
    <adjudicating>
        <mention id="EHOST_Instance_125" />
        <annotator id="eHOST_2010">Alyssa</annotator>
        <span start="2573" end="2575" />
        <spannedText>no</spannedText>
        <creationDate>Wed Jan 12 18:20:52 CET 2022</creationDate>
        <processed>true</processed>
        <AdjudicationStatus>NON_MATCHES</AdjudicationStatus>
    </adjudicating>
    <classMention id="EHOST_Instance_125">
        <mentionClass id="NegCue">no</mentionClass>
    </classMention>
    <adjudicating>
        <mention id="EHOST_Instance_126" />
        <annotator id="eHOST_2010">Alyssa</annotator>
        <span start="2637" end="2639" />
        <spannedText>no</spannedText>
        <creationDate>Wed Jan 12 18:20:53 CET 2022</creationDate>
        <processed>true</processed>
        <AdjudicationStatus>NON_MATCHES</AdjudicationStatus>
    </adjudicating>
    <classMention id="EHOST_Instance_126">
        <mentionClass id="NegCue">no</mentionClass>
    </classMention>
    <adjudicating>
        <mention id="EHOST_Instance_127" />
        <annotator id="eHOST_2010">Alyssa</annotator>
        <span start="3772" end="3775" />
        <spannedText>not</spannedText>
        <creationDate>Wed Jan 12 18:21:51 CET 2022</creationDate>
        <processed>true</processed>
        <AdjudicationStatus>MATCHES_DLETED</AdjudicationStatus>
    </adjudicating>
    <classMention id="EHOST_Instance_127">
        <mentionClass id="NegCue">not</mentionClass>
    </classMention>
    <adjudicating>
        <mention id="EHOST_Instance_128" />
        <annotator id="eHOST_2010">Alyssa</annotator>
        <span start="3849" end="3852" />
        <spannedText>not</spannedText>
        <creationDate>Wed Jan 12 18:21:54 CET 2022</creationDate>
        <processed>true</processed>
        <AdjudicationStatus>MATCHES_DLETED</AdjudicationStatus>
    </adjudicating>
    <classMention id="EHOST_Instance_128">
        <mentionClass id="NegCue">not</mentionClass>
    </classMention>
    <adjudicating>
        <mention id="EHOST_Instance_129" />
        <annotator id="eHOST_2010">Alyssa</annotator>
        <span start="4006" end="4010" />
        <spannedText>none</spannedText>
        <creationDate>Wed Jan 12 18:22:07 CET 2022</creationDate>
        <processed>true</processed>
        <AdjudicationStatus>MATCHES_DLETED</AdjudicationStatus>
    </adjudicating>
    <classMention id="EHOST_Instance_129">
        <mentionClass id="NegCue">none</mentionClass>
    </classMention>
    <adjudicating>
        <mention id="EHOST_Instance_130" />
        <annotator id="eHOST_2010">Alyssa</annotator>
        <span start="4805" end="4810" />
        <spannedText>never</spannedText>
        <creationDate>Wed Jan 12 18:22:35 CET 2022</creationDate>
        <processed>true</processed>
        <AdjudicationStatus>MATCHES_DLETED</AdjudicationStatus>
    </adjudicating>
    <classMention id="EHOST_Instance_130">
        <mentionClass id="NegCue">never</mentionClass>
    </classMention>
    <adjudicating>
        <mention id="EHOST_Instance_131" />
        <annotator id="eHOST_2010">Alyssa</annotator>
        <span start="4923" end="4926" />
        <spannedText>not</spannedText>
        <creationDate>Wed Jan 12 18:23:30 CET 2022</creationDate>
        <processed>true</processed>
        <AdjudicationStatus>MATCHES_DLETED</AdjudicationStatus>
    </adjudicating>
    <classMention id="EHOST_Instance_131">
        <mentionClass id="NegCue">not</mentionClass>
    </classMention>
    <adjudicating>
        <mention id="EHOST_Instance_132" />
        <annotator id="eHOST_2010">Alyssa</annotator>
        <span start="5646" end="5649" />
        <spannedText>not</spannedText>
        <creationDate>Wed Jan 12 18:23:52 CET 2022</creationDate>
        <processed>true</processed>
        <AdjudicationStatus>MATCHES_DLETED</AdjudicationStatus>
    </adjudicating>
    <classMention id="EHOST_Instance_132">
        <mentionClass id="NegCue">not</mentionClass>
    </classMention>
    <adjudicating>
        <mention id="EHOST_Instance_133" />
        <annotator id="eHOST_2010">Alyssa</annotator>
        <span start="5729" end="5734" />
        <spannedText>nâ€™t</spannedText>
        <creationDate>Wed Jan 12 18:24:02 CET 2022</creationDate>
        <processed>true</processed>
        <AdjudicationStatus>NON_MATCHES</AdjudicationStatus>
    </adjudicating>
    <classMention id="EHOST_Instance_133">
        <mentionClass id="NegCue">nâ€™t</mentionClass>
    </classMention>
    <adjudicating>
        <mention id="EHOST_Instance_134" />
        <annotator id="eHOST_2010">Alyssa</annotator>
        <span start="7646" end="7648" />
        <spannedText>un</spannedText>
        <creationDate>Wed Jan 12 18:26:20 CET 2022</creationDate>
        <processed>true</processed>
        <AdjudicationStatus>NON_MATCHES</AdjudicationStatus>
    </adjudicating>
    <classMention id="EHOST_Instance_134">
        <mentionClass id="NegCue">un</mentionClass>
    </classMention>
    <adjudicating>
        <mention id="EHOST_Instance_135" />
        <annotator id="eHOST_2010">Alyssa</annotator>
        <span start="7703" end="7705" />
        <spannedText>no</spannedText>
        <creationDate>Wed Jan 12 18:26:29 CET 2022</creationDate>
        <processed>true</processed>
        <AdjudicationStatus>NON_MATCHES</AdjudicationStatus>
    </adjudicating>
    <classMention id="EHOST_Instance_135">
        <mentionClass id="NegCue">no</mentionClass>
    </classMention>
    <adjudicating>
        <mention id="EHOST_Instance_136" />
        <annotator id="eHOST_2010">Alyssa</annotator>
        <span start="8826" end="8829" />
        <spannedText>not</spannedText>
        <creationDate>Wed Jan 12 18:27:37 CET 2022</creationDate>
        <processed>true</processed>
        <AdjudicationStatus>MATCHES_DLETED</AdjudicationStatus>
    </adjudicating>
    <classMention id="EHOST_Instance_136">
        <mentionClass id="NegCue">not</mentionClass>
    </classMention>
    <adjudicating>
        <mention id="EHOST_Instance_137" />
        <annotator id="eHOST_2010">Alyssa</annotator>
        <span start="9121" end="9123" />
        <spannedText>no</spannedText>
        <creationDate>Wed Jan 12 18:27:48 CET 2022</creationDate>
        <processed>true</processed>
        <AdjudicationStatus>MATCHES_DLETED</AdjudicationStatus>
    </adjudicating>
    <classMention id="EHOST_Instance_137">
        <mentionClass id="NegCue">no</mentionClass>
    </classMention>
    <adjudicating>
        <mention id="EHOST_Instance_138" />
        <annotator id="eHOST_2010">Alyssa</annotator>
        <span start="10846" end="10849" />
        <spannedText>not</spannedText>
        <creationDate>Wed Jan 12 18:28:47 CET 2022</creationDate>
        <processed>true</processed>
        <AdjudicationStatus>MATCHES_DLETED</AdjudicationStatus>
    </adjudicating>
    <classMention id="EHOST_Instance_138">
        <mentionClass id="NegCue">not</mentionClass>
    </classMention>
    <adjudicating>
        <mention id="EHOST_Instance_139" />
        <annotator id="eHOST_2010">Alyssa</annotator>
        <span start="11597" end="11600" />
        <spannedText>not</spannedText>
        <creationDate>Wed Jan 12 18:29:09 CET 2022</creationDate>
        <processed>true</processed>
        <AdjudicationStatus>NON_MATCHES</AdjudicationStatus>
    </adjudicating>
    <classMention id="EHOST_Instance_139">
        <mentionClass id="NegCue">not</mentionClass>
    </classMention>
    <adjudicating>
        <mention id="EHOST_Instance_140" />
        <annotator id="eHOST_2010">Alyssa</annotator>
        <span start="11858" end="11861" />
        <spannedText>not</spannedText>
        <creationDate>Wed Jan 12 18:29:18 CET 2022</creationDate>
        <processed>true</processed>
        <AdjudicationStatus>MATCHES_DLETED</AdjudicationStatus>
    </adjudicating>
    <classMention id="EHOST_Instance_140">
        <mentionClass id="NegCue">not</mentionClass>
    </classMention>
    <adjudicating>
        <mention id="EHOST_Instance_141" />
        <annotator id="eHOST_2010">Alyssa</annotator>
        <span start="12332" end="12339" />
        <spannedText>without</spannedText>
        <creationDate>Wed Jan 12 18:29:53 CET 2022</creationDate>
        <processed>true</processed>
        <AdjudicationStatus>NON_MATCHES</AdjudicationStatus>
    </adjudicating>
    <classMention id="EHOST_Instance_141">
        <mentionClass id="NegCue">without</mentionClass>
    </classMention>
    <adjudicating>
        <mention id="EHOST_Instance_142" />
        <annotator id="eHOST_2010">Alyssa</annotator>
        <span start="12699" end="12702" />
        <spannedText>not</spannedText>
        <creationDate>Wed Jan 12 18:30:03 CET 2022</creationDate>
        <processed>true</processed>
        <AdjudicationStatus>MATCHES_DLETED</AdjudicationStatus>
    </adjudicating>
    <classMention id="EHOST_Instance_142">
        <mentionClass id="NegCue">not</mentionClass>
    </classMention>
    <adjudicating>
        <mention id="EHOST_Instance_143" />
        <annotator id="eHOST_2010">Alyssa</annotator>
        <span start="13423" end="13426" />
        <spannedText>not</spannedText>
        <creationDate>Wed Jan 12 18:30:39 CET 2022</creationDate>
        <processed>true</processed>
        <AdjudicationStatus>MATCHES_DLETED</AdjudicationStatus>
    </adjudicating>
    <classMention id="EHOST_Instance_143">
        <mentionClass id="NegCue">not</mentionClass>
    </classMention>
    <adjudicating>
        <mention id="EHOST_Instance_144" />
        <annotator id="eHOST_2010">Alyssa</annotator>
        <span start="13612" end="13617" />
        <spannedText>nâ€™t</spannedText>
        <creationDate>Wed Jan 12 18:30:48 CET 2022</creationDate>
        <processed>true</processed>
        <AdjudicationStatus>NON_MATCHES</AdjudicationStatus>
    </adjudicating>
    <classMention id="EHOST_Instance_144">
        <mentionClass id="NegCue">nâ€™t</mentionClass>
    </classMention>
    <adjudicating>
        <mention id="EHOST_Instance_145" />
        <annotator id="eHOST_2010">Alyssa</annotator>
        <span start="14145" end="14150" />
        <spannedText>never</spannedText>
        <creationDate>Wed Jan 12 18:31:04 CET 2022</creationDate>
        <processed>true</processed>
        <AdjudicationStatus>NON_MATCHES</AdjudicationStatus>
    </adjudicating>
    <classMention id="EHOST_Instance_145">
        <mentionClass id="NegCue">never</mentionClass>
    </classMention>
    <adjudicating>
        <mention id="EHOST_Instance_146" />
        <annotator id="eHOST_2010">Alyssa</annotator>
        <span start="14664" end="14667" />
        <spannedText>not</spannedText>
        <creationDate>Wed Jan 12 18:31:23 CET 2022</creationDate>
        <processed>true</processed>
        <AdjudicationStatus>MATCHES_DLETED</AdjudicationStatus>
    </adjudicating>
    <classMention id="EHOST_Instance_146">
        <mentionClass id="NegCue">not</mentionClass>
    </classMention>
    <adjudicating>
        <mention id="EHOST_Instance_147" />
        <annotator id="eHOST_2010">Alyssa</annotator>
        <span start="15571" end="15574" />
        <spannedText>not</spannedText>
        <creationDate>Wed Jan 12 18:31:46 CET 2022</creationDate>
        <processed>true</processed>
        <AdjudicationStatus>NON_MATCHES</AdjudicationStatus>
    </adjudicating>
    <classMention id="EHOST_Instance_147">
        <mentionClass id="NegCue">not</mentionClass>
    </classMention>
    <adjudicating>
        <mention id="EHOST_Instance_148" />
        <annotator id="eHOST_2010">Alyssa</annotator>
        <span start="15840" end="15845" />
        <spannedText>never</spannedText>
        <creationDate>Wed Jan 12 18:31:54 CET 2022</creationDate>
        <processed>true</processed>
        <AdjudicationStatus>NON_MATCHES</AdjudicationStatus>
    </adjudicating>
    <classMention id="EHOST_Instance_148">
        <mentionClass id="NegCue">never</mentionClass>
    </classMention>
    <eHOST_Adjudication_Status version="1.0">
        <Adjudication_Selected_Annotators version="1.0">
            <Annotator>Tessel</Annotator>
            <Annotator>Alyssa</Annotator>
            <Annotator>ADJUDICATION</Annotator>
        </Adjudication_Selected_Annotators>
        <Adjudication_Selected_Classes version="1.0">
            <Class>NegCue</Class>
        </Adjudication_Selected_Classes>
        <Adjudication_Others>
            <CHECK_OVERLAPPED_SPANS>false</CHECK_OVERLAPPED_SPANS>
            <CHECK_ATTRIBUTES>false</CHECK_ATTRIBUTES>
            <CHECK_RELATIONSHIP>false</CHECK_RELATIONSHIP>
            <CHECK_CLASS>false</CHECK_CLASS>
            <CHECK_COMMENT>false</CHECK_COMMENT>
        </Adjudication_Others>
    </eHOST_Adjudication_Status>
</annotations>

