<?xml version="1.0" encoding="UTF-8"?>
<annotations textSource="globalresearch-ca_20170312T001802.txt">
    <annotation>
        <mention id="EHOST_Instance_149" />
        <annotator id="01">Tessel</annotator>
        <span start="10" end="12" />
        <spannedText>no</spannedText>
        <creationDate>Wed Jan 12 17:50:40 CET 2022</creationDate>
    </annotation>
    <classMention id="EHOST_Instance_149">
        <mentionClass id="NegCue">no</mentionClass>
    </classMention>
    <annotation>
        <mention id="EHOST_Instance_150" />
        <annotator id="01">Tessel</annotator>
        <span start="284" end="287" />
        <spannedText>not</spannedText>
        <creationDate>Wed Jan 12 17:50:49 CET 2022</creationDate>
    </annotation>
    <classMention id="EHOST_Instance_150">
        <mentionClass id="NegCue">not</mentionClass>
    </classMention>
    <annotation>
        <mention id="EHOST_Instance_151" />
        <annotator id="01">Tessel</annotator>
        <span start="1518" end="1522" />
        <spannedText>none</spannedText>
        <creationDate>Wed Jan 12 17:56:59 CET 2022</creationDate>
    </annotation>
    <classMention id="EHOST_Instance_151">
        <mentionClass id="NegCue">none</mentionClass>
    </classMention>
    <annotation>
        <mention id="EHOST_Instance_152" />
        <annotator id="01">Tessel</annotator>
        <span start="1733" end="1735" />
        <spannedText>un</spannedText>
        <creationDate>Wed Jan 12 17:59:37 CET 2022</creationDate>
    </annotation>
    <classMention id="EHOST_Instance_152">
        <mentionClass id="NegCue">un</mentionClass>
    </classMention>
    <annotation>
        <mention id="EHOST_Instance_153" />
        <annotator id="01">Tessel</annotator>
        <span start="1779" end="1781" />
        <spannedText>un</spannedText>
        <creationDate>Wed Jan 12 18:01:11 CET 2022</creationDate>
    </annotation>
    <classMention id="EHOST_Instance_153">
        <mentionClass id="NegCue">un</mentionClass>
    </classMention>
    <annotation>
        <mention id="EHOST_Instance_154" />
        <annotator id="01">Tessel</annotator>
        <span start="1964" end="1969" />
        <spannedText>never</spannedText>
        <creationDate>Wed Jan 12 18:01:51 CET 2022</creationDate>
    </annotation>
    <classMention id="EHOST_Instance_154">
        <mentionClass id="NegCue">never</mentionClass>
    </classMention>
    <annotation>
        <mention id="EHOST_Instance_155" />
        <annotator id="01">Tessel</annotator>
        <span start="2018" end="2020" />
        <spannedText>no</spannedText>
        <creationDate>Wed Jan 12 18:01:53 CET 2022</creationDate>
    </annotation>
    <classMention id="EHOST_Instance_155">
        <mentionClass id="NegCue">no</mentionClass>
    </classMention>
    <annotation>
        <mention id="EHOST_Instance_156" />
        <annotator id="01">Tessel</annotator>
        <span start="2265" end="2267" />
        <spannedText>no</spannedText>
        <creationDate>Wed Jan 12 18:02:04 CET 2022</creationDate>
    </annotation>
    <classMention id="EHOST_Instance_156">
        <mentionClass id="NegCue">no</mentionClass>
    </classMention>
    <annotation>
        <mention id="EHOST_Instance_157" />
        <annotator id="01">Tessel</annotator>
        <span start="2357" end="2360" />
        <spannedText>not</spannedText>
        <creationDate>Wed Jan 12 18:02:08 CET 2022</creationDate>
    </annotation>
    <classMention id="EHOST_Instance_157">
        <mentionClass id="NegCue">not</mentionClass>
    </classMention>
    <annotation>
        <mention id="EHOST_Instance_158" />
        <annotator id="01">Tessel</annotator>
        <span start="2370" end="2372" />
        <spannedText>un</spannedText>
        <creationDate>Wed Jan 12 18:02:19 CET 2022</creationDate>
    </annotation>
    <classMention id="EHOST_Instance_158">
        <mentionClass id="NegCue">un</mentionClass>
    </classMention>
    <annotation>
        <mention id="EHOST_Instance_159" />
        <annotator id="01">Tessel</annotator>
        <span start="2750" end="2755" />
        <spannedText>nâ€™t</spannedText>
        <creationDate>Wed Jan 12 18:02:53 CET 2022</creationDate>
    </annotation>
    <classMention id="EHOST_Instance_159">
        <mentionClass id="NegCue">nâ€™t</mentionClass>
    </classMention>
    <annotation>
        <mention id="EHOST_Instance_160" />
        <annotator id="01">Tessel</annotator>
        <span start="3865" end="3870" />
        <spannedText>nâ€™t</spannedText>
        <creationDate>Wed Jan 12 18:03:39 CET 2022</creationDate>
    </annotation>
    <classMention id="EHOST_Instance_160">
        <mentionClass id="NegCue">nâ€™t</mentionClass>
    </classMention>
    <annotation>
        <mention id="EHOST_Instance_161" />
        <annotator id="01">Tessel</annotator>
        <span start="4235" end="4237" />
        <spannedText>in</spannedText>
        <creationDate>Wed Jan 12 18:03:57 CET 2022</creationDate>
    </annotation>
    <classMention id="EHOST_Instance_161">
        <mentionClass id="NegCue">in</mentionClass>
    </classMention>
    <annotation>
        <mention id="EHOST_Instance_162" />
        <annotator id="01">Tessel</annotator>
        <span start="4249" end="4251" />
        <spannedText>in</spannedText>
        <creationDate>Wed Jan 12 18:04:25 CET 2022</creationDate>
    </annotation>
    <classMention id="EHOST_Instance_162">
        <mentionClass id="NegCue">in</mentionClass>
    </classMention>
    <annotation>
        <mention id="EHOST_Instance_163" />
        <annotator id="01">Tessel</annotator>
        <span start="4452" end="4455" />
        <spannedText>not</spannedText>
        <creationDate>Wed Jan 12 18:04:48 CET 2022</creationDate>
    </annotation>
    <classMention id="EHOST_Instance_163">
        <mentionClass id="NegCue">not</mentionClass>
    </classMention>
    <annotation>
        <mention id="EHOST_Instance_164" />
        <annotator id="01">Tessel</annotator>
        <span start="4741" end="4744" />
        <spannedText>not</spannedText>
        <creationDate>Wed Jan 12 18:06:32 CET 2022</creationDate>
    </annotation>
    <classMention id="EHOST_Instance_164">
        <mentionClass id="NegCue">not</mentionClass>
    </classMention>
    <annotation>
        <mention id="EHOST_Instance_165" />
        <annotator id="eHOST_2010">Alyssa</annotator>
        <span start="10" end="12" />
        <spannedText>no</spannedText>
        <creationDate>Wed Jan 12 12:00:25 CET 2022</creationDate>
    </annotation>
    <classMention id="EHOST_Instance_165">
        <mentionClass id="NegCue">no</mentionClass>
    </classMention>
    <annotation>
        <mention id="EHOST_Instance_166" />
        <annotator id="eHOST_2010">Alyssa</annotator>
        <span start="284" end="287" />
        <spannedText>not</spannedText>
        <creationDate>Wed Jan 12 12:00:38 CET 2022</creationDate>
    </annotation>
    <classMention id="EHOST_Instance_166">
        <mentionClass id="NegCue">not</mentionClass>
    </classMention>
    <annotation>
        <mention id="EHOST_Instance_167" />
        <annotator id="eHOST_2010">Alyssa</annotator>
        <span start="1305" end="1307" />
        <spannedText>un</spannedText>
        <creationDate>Wed Jan 12 12:03:16 CET 2022</creationDate>
    </annotation>
    <classMention id="EHOST_Instance_167">
        <mentionClass id="NegCue">un</mentionClass>
    </classMention>
    <annotation>
        <mention id="EHOST_Instance_168" />
        <annotator id="eHOST_2010">Alyssa</annotator>
        <span start="1490" end="1492" />
        <spannedText>un</spannedText>
        <creationDate>Wed Jan 12 12:03:56 CET 2022</creationDate>
    </annotation>
    <classMention id="EHOST_Instance_168">
        <mentionClass id="NegCue">un</mentionClass>
    </classMention>
    <annotation>
        <mention id="EHOST_Instance_169" />
        <annotator id="eHOST_2010">Alyssa</annotator>
        <span start="1543" end="1545" />
        <spannedText>un</spannedText>
        <creationDate>Wed Jan 12 12:04:07 CET 2022</creationDate>
    </annotation>
    <classMention id="EHOST_Instance_169">
        <mentionClass id="NegCue">un</mentionClass>
    </classMention>
    <annotation>
        <mention id="EHOST_Instance_170" />
        <annotator id="eHOST_2010">Alyssa</annotator>
        <span start="1676" end="1678" />
        <spannedText>in</spannedText>
        <creationDate>Wed Jan 12 12:05:25 CET 2022</creationDate>
    </annotation>
    <classMention id="EHOST_Instance_170">
        <mentionClass id="NegCue">in</mentionClass>
    </classMention>
    <annotation>
        <mention id="EHOST_Instance_171" />
        <annotator id="eHOST_2010">Alyssa</annotator>
        <span start="1733" end="1735" />
        <spannedText>un</spannedText>
        <creationDate>Wed Jan 12 12:06:00 CET 2022</creationDate>
    </annotation>
    <classMention id="EHOST_Instance_171">
        <mentionClass id="NegCue">un</mentionClass>
    </classMention>
    <annotation>
        <mention id="EHOST_Instance_172" />
        <annotator id="eHOST_2010">Alyssa</annotator>
        <span start="1779" end="1781" />
        <spannedText>un</spannedText>
        <creationDate>Wed Jan 12 12:06:14 CET 2022</creationDate>
    </annotation>
    <classMention id="EHOST_Instance_172">
        <mentionClass id="NegCue">un</mentionClass>
    </classMention>
    <annotation>
        <mention id="EHOST_Instance_173" />
        <annotator id="eHOST_2010">Alyssa</annotator>
        <span start="2265" end="2267" />
        <spannedText>no</spannedText>
        <creationDate>Wed Jan 12 12:07:27 CET 2022</creationDate>
    </annotation>
    <classMention id="EHOST_Instance_173">
        <mentionClass id="NegCue">no</mentionClass>
    </classMention>
    <annotation>
        <mention id="EHOST_Instance_174" />
        <annotator id="eHOST_2010">Alyssa</annotator>
        <span start="2308" end="2313" />
        <spannedText>nâ€™t</spannedText>
        <creationDate>Wed Jan 12 12:07:37 CET 2022</creationDate>
    </annotation>
    <classMention id="EHOST_Instance_174">
        <mentionClass id="NegCue">nâ€™t</mentionClass>
    </classMention>
    <annotation>
        <mention id="EHOST_Instance_175" />
        <annotator id="eHOST_2010">Alyssa</annotator>
        <span start="2357" end="2360" />
        <spannedText>not</spannedText>
        <creationDate>Wed Jan 12 12:07:55 CET 2022</creationDate>
    </annotation>
    <classMention id="EHOST_Instance_175">
        <mentionClass id="NegCue">not</mentionClass>
    </classMention>
    <annotation>
        <mention id="EHOST_Instance_176" />
        <annotator id="eHOST_2010">Alyssa</annotator>
        <span start="2370" end="2372" />
        <spannedText>un</spannedText>
        <creationDate>Wed Jan 12 12:08:19 CET 2022</creationDate>
    </annotation>
    <classMention id="EHOST_Instance_176">
        <mentionClass id="NegCue">un</mentionClass>
    </classMention>
    <annotation>
        <mention id="EHOST_Instance_177" />
        <annotator id="eHOST_2010">Alyssa</annotator>
        <span start="2469" end="2473" />
        <spannedText>less</spannedText>
        <creationDate>Wed Jan 12 12:09:44 CET 2022</creationDate>
    </annotation>
    <classMention id="EHOST_Instance_177">
        <mentionClass id="NegCue">less</mentionClass>
    </classMention>
    <annotation>
        <mention id="EHOST_Instance_178" />
        <annotator id="eHOST_2010">Alyssa</annotator>
        <span start="2566" end="2573" />
        <spannedText>failure</spannedText>
        <creationDate>Wed Jan 12 12:09:49 CET 2022</creationDate>
    </annotation>
    <classMention id="EHOST_Instance_178">
        <mentionClass id="NegCue">failure</mentionClass>
    </classMention>
    <annotation>
        <mention id="EHOST_Instance_179" />
        <annotator id="eHOST_2010">Alyssa</annotator>
        <span start="2750" end="2755" />
        <spannedText>nâ€™t</spannedText>
        <creationDate>Wed Jan 12 12:10:09 CET 2022</creationDate>
    </annotation>
    <classMention id="EHOST_Instance_179">
        <mentionClass id="NegCue">nâ€™t</mentionClass>
    </classMention>
    <annotation>
        <mention id="EHOST_Instance_180" />
        <annotator id="eHOST_2010">Alyssa</annotator>
        <span start="3865" end="3870" />
        <spannedText>nâ€™t</spannedText>
        <creationDate>Wed Jan 12 12:11:44 CET 2022</creationDate>
    </annotation>
    <classMention id="EHOST_Instance_180">
        <mentionClass id="NegCue">nâ€™t</mentionClass>
    </classMention>
    <annotation>
        <mention id="EHOST_Instance_181" />
        <annotator id="eHOST_2010">Alyssa</annotator>
        <span start="4208" end="4211" />
        <spannedText>not</spannedText>
        <creationDate>Wed Jan 12 12:12:04 CET 2022</creationDate>
    </annotation>
    <classMention id="EHOST_Instance_181">
        <mentionClass id="NegCue">not</mentionClass>
    </classMention>
    <annotation>
        <mention id="EHOST_Instance_182" />
        <annotator id="eHOST_2010">Alyssa</annotator>
        <span start="4235" end="4237" />
        <spannedText>in</spannedText>
        <creationDate>Wed Jan 12 12:12:14 CET 2022</creationDate>
    </annotation>
    <classMention id="EHOST_Instance_182">
        <mentionClass id="NegCue">in</mentionClass>
    </classMention>
    <annotation>
        <mention id="EHOST_Instance_183" />
        <annotator id="eHOST_2010">Alyssa</annotator>
        <span start="4249" end="4251" />
        <spannedText>in</spannedText>
        <creationDate>Wed Jan 12 12:12:21 CET 2022</creationDate>
    </annotation>
    <classMention id="EHOST_Instance_183">
        <mentionClass id="NegCue">in</mentionClass>
    </classMention>
    <annotation>
        <mention id="EHOST_Instance_184" />
        <annotator id="eHOST_2010">Alyssa</annotator>
        <span start="4452" end="4455" />
        <spannedText>not</spannedText>
        <creationDate>Wed Jan 12 12:12:30 CET 2022</creationDate>
    </annotation>
    <classMention id="EHOST_Instance_184">
        <mentionClass id="NegCue">not</mentionClass>
    </classMention>
    <annotation>
        <mention id="EHOST_Instance_185" />
        <annotator id="eHOST_2010">Alyssa</annotator>
        <span start="4741" end="4744" />
        <spannedText>not</spannedText>
        <creationDate>Wed Jan 12 12:12:40 CET 2022</creationDate>
    </annotation>
    <classMention id="EHOST_Instance_185">
        <mentionClass id="NegCue">not</mentionClass>
    </classMention>
    <annotation>
        <mention id="EHOST_Instance_186" />
        <annotator id="eHOST_2010">Alyssa</annotator>
        <span start="5023" end="5030" />
        <spannedText>without</spannedText>
        <creationDate>Wed Jan 12 12:12:55 CET 2022</creationDate>
    </annotation>
    <classMention id="EHOST_Instance_186">
        <mentionClass id="NegCue">without</mentionClass>
    </classMention>
    <annotation>
        <mention id="EHOST_Instance_187" />
        <annotator id="eHOST_2010">Alyssa</annotator>
        <span start="1907" end="1936" />
        <spannedText>A failure of theÂ MMR vaccine</spannedText>
        <creationDate>Wed Jan 12 15:59:54 CET 2022</creationDate>
    </annotation>
    <classMention id="EHOST_Instance_187">
        <mentionClass id="NegCue">A failure of theÂ MMR vaccine</mentionClass>
    </classMention>
    <annotation>
        <mention id="EHOST_Instance_188" />
        <annotator id="eHOST_2010">Alyssa</annotator>
        <span start="1949" end="2006" />
        <spannedText>which you will never hear about from the prostitute press</spannedText>
        <creationDate>Wed Jan 12 15:59:59 CET 2022</creationDate>
    </annotation>
    <classMention id="EHOST_Instance_188">
        <mentionClass id="NegCue">which you will never hear about from the prostitute press</mentionClass>
    </classMention>
    <annotation>
        <mention id="EHOST_Instance_189" />
        <annotator id="eHOST_2010">Alyssa</annotator>
        <span start="2018" end="2020" />
        <spannedText>no</spannedText>
        <creationDate>Wed Jan 12 16:00:05 CET 2022</creationDate>
    </annotation>
    <classMention id="EHOST_Instance_189">
        <mentionClass id="NegCue">no</mentionClass>
    </classMention>
    <adjudicating>
        <mention id="EHOST_Instance_190" />
        <annotator id="01">Tessel</annotator>
        <span start="10" end="12" />
        <spannedText>no</spannedText>
        <creationDate>Wed Jan 12 17:50:40 CET 2022</creationDate>
        <processed>true</processed>
        <AdjudicationStatus>MATCHES_OK</AdjudicationStatus>
    </adjudicating>
    <classMention id="EHOST_Instance_190">
        <mentionClass id="NegCue">no</mentionClass>
    </classMention>
    <adjudicating>
        <mention id="EHOST_Instance_191" />
        <annotator id="01">Tessel</annotator>
        <span start="284" end="287" />
        <spannedText>not</spannedText>
        <creationDate>Wed Jan 12 17:50:49 CET 2022</creationDate>
        <processed>true</processed>
        <AdjudicationStatus>MATCHES_OK</AdjudicationStatus>
    </adjudicating>
    <classMention id="EHOST_Instance_191">
        <mentionClass id="NegCue">not</mentionClass>
    </classMention>
    <adjudicating>
        <mention id="EHOST_Instance_192" />
        <annotator id="01">Tessel</annotator>
        <span start="1518" end="1522" />
        <spannedText>none</spannedText>
        <creationDate>Wed Jan 12 17:56:59 CET 2022</creationDate>
        <processed>true</processed>
        <AdjudicationStatus>NON_MATCHES</AdjudicationStatus>
    </adjudicating>
    <classMention id="EHOST_Instance_192">
        <mentionClass id="NegCue">none</mentionClass>
    </classMention>
    <adjudicating>
        <mention id="EHOST_Instance_193" />
        <annotator id="01">Tessel</annotator>
        <span start="1733" end="1735" />
        <spannedText>un</spannedText>
        <creationDate>Wed Jan 12 17:59:37 CET 2022</creationDate>
        <processed>true</processed>
        <AdjudicationStatus>MATCHES_OK</AdjudicationStatus>
    </adjudicating>
    <classMention id="EHOST_Instance_193">
        <mentionClass id="NegCue">un</mentionClass>
    </classMention>
    <adjudicating>
        <mention id="EHOST_Instance_194" />
        <annotator id="01">Tessel</annotator>
        <span start="1779" end="1781" />
        <spannedText>un</spannedText>
        <creationDate>Wed Jan 12 18:01:11 CET 2022</creationDate>
        <processed>true</processed>
        <AdjudicationStatus>MATCHES_OK</AdjudicationStatus>
    </adjudicating>
    <classMention id="EHOST_Instance_194">
        <mentionClass id="NegCue">un</mentionClass>
    </classMention>
    <adjudicating>
        <mention id="EHOST_Instance_195" />
        <annotator id="01">Tessel</annotator>
        <span start="1964" end="1969" />
        <spannedText>never</spannedText>
        <creationDate>Wed Jan 12 18:01:51 CET 2022</creationDate>
        <processed>true</processed>
        <AdjudicationStatus>NON_MATCHES</AdjudicationStatus>
    </adjudicating>
    <classMention id="EHOST_Instance_195">
        <mentionClass id="NegCue">never</mentionClass>
    </classMention>
    <adjudicating>
        <mention id="EHOST_Instance_196" />
        <annotator id="01">Tessel</annotator>
        <span start="2018" end="2020" />
        <spannedText>no</spannedText>
        <creationDate>Wed Jan 12 18:01:53 CET 2022</creationDate>
        <processed>true</processed>
        <AdjudicationStatus>MATCHES_OK</AdjudicationStatus>
    </adjudicating>
    <classMention id="EHOST_Instance_196">
        <mentionClass id="NegCue">no</mentionClass>
    </classMention>
    <adjudicating>
        <mention id="EHOST_Instance_197" />
        <annotator id="01">Tessel</annotator>
        <span start="2265" end="2267" />
        <spannedText>no</spannedText>
        <creationDate>Wed Jan 12 18:02:04 CET 2022</creationDate>
        <processed>true</processed>
        <AdjudicationStatus>MATCHES_OK</AdjudicationStatus>
    </adjudicating>
    <classMention id="EHOST_Instance_197">
        <mentionClass id="NegCue">no</mentionClass>
    </classMention>
    <adjudicating>
        <mention id="EHOST_Instance_198" />
        <annotator id="01">Tessel</annotator>
        <span start="2357" end="2360" />
        <spannedText>not</spannedText>
        <creationDate>Wed Jan 12 18:02:08 CET 2022</creationDate>
        <processed>true</processed>
        <AdjudicationStatus>MATCHES_OK</AdjudicationStatus>
    </adjudicating>
    <classMention id="EHOST_Instance_198">
        <mentionClass id="NegCue">not</mentionClass>
    </classMention>
    <adjudicating>
        <mention id="EHOST_Instance_199" />
        <annotator id="01">Tessel</annotator>
        <span start="2370" end="2372" />
        <spannedText>un</spannedText>
        <creationDate>Wed Jan 12 18:02:19 CET 2022</creationDate>
        <processed>true</processed>
        <AdjudicationStatus>MATCHES_OK</AdjudicationStatus>
    </adjudicating>
    <classMention id="EHOST_Instance_199">
        <mentionClass id="NegCue">un</mentionClass>
    </classMention>
    <adjudicating>
        <mention id="EHOST_Instance_200" />
        <annotator id="01">Tessel</annotator>
        <span start="2750" end="2755" />
        <spannedText>nâ€™t</spannedText>
        <creationDate>Wed Jan 12 18:02:53 CET 2022</creationDate>
        <processed>true</processed>
        <AdjudicationStatus>MATCHES_OK</AdjudicationStatus>
    </adjudicating>
    <classMention id="EHOST_Instance_200">
        <mentionClass id="NegCue">nâ€™t</mentionClass>
    </classMention>
    <adjudicating>
        <mention id="EHOST_Instance_201" />
        <annotator id="01">Tessel</annotator>
        <span start="3865" end="3870" />
        <spannedText>nâ€™t</spannedText>
        <creationDate>Wed Jan 12 18:03:39 CET 2022</creationDate>
        <processed>true</processed>
        <AdjudicationStatus>MATCHES_OK</AdjudicationStatus>
    </adjudicating>
    <classMention id="EHOST_Instance_201">
        <mentionClass id="NegCue">nâ€™t</mentionClass>
    </classMention>
    <adjudicating>
        <mention id="EHOST_Instance_202" />
        <annotator id="01">Tessel</annotator>
        <span start="4235" end="4237" />
        <spannedText>in</spannedText>
        <creationDate>Wed Jan 12 18:03:57 CET 2022</creationDate>
        <processed>true</processed>
        <AdjudicationStatus>MATCHES_OK</AdjudicationStatus>
    </adjudicating>
    <classMention id="EHOST_Instance_202">
        <mentionClass id="NegCue">in</mentionClass>
    </classMention>
    <adjudicating>
        <mention id="EHOST_Instance_203" />
        <annotator id="01">Tessel</annotator>
        <span start="4249" end="4251" />
        <spannedText>in</spannedText>
        <creationDate>Wed Jan 12 18:04:25 CET 2022</creationDate>
        <processed>true</processed>
        <AdjudicationStatus>MATCHES_OK</AdjudicationStatus>
    </adjudicating>
    <classMention id="EHOST_Instance_203">
        <mentionClass id="NegCue">in</mentionClass>
    </classMention>
    <adjudicating>
        <mention id="EHOST_Instance_204" />
        <annotator id="01">Tessel</annotator>
        <span start="4452" end="4455" />
        <spannedText>not</spannedText>
        <creationDate>Wed Jan 12 18:04:48 CET 2022</creationDate>
        <processed>true</processed>
        <AdjudicationStatus>MATCHES_OK</AdjudicationStatus>
    </adjudicating>
    <classMention id="EHOST_Instance_204">
        <mentionClass id="NegCue">not</mentionClass>
    </classMention>
    <adjudicating>
        <mention id="EHOST_Instance_205" />
        <annotator id="01">Tessel</annotator>
        <span start="4741" end="4744" />
        <spannedText>not</spannedText>
        <creationDate>Wed Jan 12 18:06:32 CET 2022</creationDate>
        <processed>true</processed>
        <AdjudicationStatus>MATCHES_OK</AdjudicationStatus>
    </adjudicating>
    <classMention id="EHOST_Instance_205">
        <mentionClass id="NegCue">not</mentionClass>
    </classMention>
    <adjudicating>
        <mention id="EHOST_Instance_206" />
        <annotator id="eHOST_2010">Alyssa</annotator>
        <span start="10" end="12" />
        <spannedText>no</spannedText>
        <creationDate>Wed Jan 12 12:00:25 CET 2022</creationDate>
        <processed>true</processed>
        <AdjudicationStatus>MATCHES_DLETED</AdjudicationStatus>
    </adjudicating>
    <classMention id="EHOST_Instance_206">
        <mentionClass id="NegCue">no</mentionClass>
    </classMention>
    <adjudicating>
        <mention id="EHOST_Instance_207" />
        <annotator id="eHOST_2010">Alyssa</annotator>
        <span start="284" end="287" />
        <spannedText>not</spannedText>
        <creationDate>Wed Jan 12 12:00:38 CET 2022</creationDate>
        <processed>true</processed>
        <AdjudicationStatus>MATCHES_DLETED</AdjudicationStatus>
    </adjudicating>
    <classMention id="EHOST_Instance_207">
        <mentionClass id="NegCue">not</mentionClass>
    </classMention>
    <adjudicating>
        <mention id="EHOST_Instance_208" />
        <annotator id="eHOST_2010">Alyssa</annotator>
        <span start="1305" end="1307" />
        <spannedText>un</spannedText>
        <creationDate>Wed Jan 12 12:03:16 CET 2022</creationDate>
        <processed>true</processed>
        <AdjudicationStatus>NON_MATCHES</AdjudicationStatus>
    </adjudicating>
    <classMention id="EHOST_Instance_208">
        <mentionClass id="NegCue">un</mentionClass>
    </classMention>
    <adjudicating>
        <mention id="EHOST_Instance_209" />
        <annotator id="eHOST_2010">Alyssa</annotator>
        <span start="1490" end="1492" />
        <spannedText>un</spannedText>
        <creationDate>Wed Jan 12 12:03:56 CET 2022</creationDate>
        <processed>true</processed>
        <AdjudicationStatus>NON_MATCHES</AdjudicationStatus>
    </adjudicating>
    <classMention id="EHOST_Instance_209">
        <mentionClass id="NegCue">un</mentionClass>
    </classMention>
    <adjudicating>
        <mention id="EHOST_Instance_210" />
        <annotator id="eHOST_2010">Alyssa</annotator>
        <span start="1543" end="1545" />
        <spannedText>un</spannedText>
        <creationDate>Wed Jan 12 12:04:07 CET 2022</creationDate>
        <processed>true</processed>
        <AdjudicationStatus>NON_MATCHES</AdjudicationStatus>
    </adjudicating>
    <classMention id="EHOST_Instance_210">
        <mentionClass id="NegCue">un</mentionClass>
    </classMention>
    <adjudicating>
        <mention id="EHOST_Instance_211" />
        <annotator id="eHOST_2010">Alyssa</annotator>
        <span start="1676" end="1678" />
        <spannedText>in</spannedText>
        <creationDate>Wed Jan 12 12:05:25 CET 2022</creationDate>
        <processed>true</processed>
        <AdjudicationStatus>NON_MATCHES</AdjudicationStatus>
    </adjudicating>
    <classMention id="EHOST_Instance_211">
        <mentionClass id="NegCue">in</mentionClass>
    </classMention>
    <adjudicating>
        <mention id="EHOST_Instance_212" />
        <annotator id="eHOST_2010">Alyssa</annotator>
        <span start="1733" end="1735" />
        <spannedText>un</spannedText>
        <creationDate>Wed Jan 12 12:06:00 CET 2022</creationDate>
        <processed>true</processed>
        <AdjudicationStatus>MATCHES_DLETED</AdjudicationStatus>
    </adjudicating>
    <classMention id="EHOST_Instance_212">
        <mentionClass id="NegCue">un</mentionClass>
    </classMention>
    <adjudicating>
        <mention id="EHOST_Instance_213" />
        <annotator id="eHOST_2010">Alyssa</annotator>
        <span start="1779" end="1781" />
        <spannedText>un</spannedText>
        <creationDate>Wed Jan 12 12:06:14 CET 2022</creationDate>
        <processed>true</processed>
        <AdjudicationStatus>MATCHES_DLETED</AdjudicationStatus>
    </adjudicating>
    <classMention id="EHOST_Instance_213">
        <mentionClass id="NegCue">un</mentionClass>
    </classMention>
    <adjudicating>
        <mention id="EHOST_Instance_214" />
        <annotator id="eHOST_2010">Alyssa</annotator>
        <span start="2265" end="2267" />
        <spannedText>no</spannedText>
        <creationDate>Wed Jan 12 12:07:27 CET 2022</creationDate>
        <processed>true</processed>
        <AdjudicationStatus>MATCHES_DLETED</AdjudicationStatus>
    </adjudicating>
    <classMention id="EHOST_Instance_214">
        <mentionClass id="NegCue">no</mentionClass>
    </classMention>
    <adjudicating>
        <mention id="EHOST_Instance_215" />
        <annotator id="eHOST_2010">Alyssa</annotator>
        <span start="2308" end="2313" />
        <spannedText>nâ€™t</spannedText>
        <creationDate>Wed Jan 12 12:07:37 CET 2022</creationDate>
        <processed>true</processed>
        <AdjudicationStatus>NON_MATCHES</AdjudicationStatus>
    </adjudicating>
    <classMention id="EHOST_Instance_215">
        <mentionClass id="NegCue">nâ€™t</mentionClass>
    </classMention>
    <adjudicating>
        <mention id="EHOST_Instance_216" />
        <annotator id="eHOST_2010">Alyssa</annotator>
        <span start="2357" end="2360" />
        <spannedText>not</spannedText>
        <creationDate>Wed Jan 12 12:07:55 CET 2022</creationDate>
        <processed>true</processed>
        <AdjudicationStatus>MATCHES_DLETED</AdjudicationStatus>
    </adjudicating>
    <classMention id="EHOST_Instance_216">
        <mentionClass id="NegCue">not</mentionClass>
    </classMention>
    <adjudicating>
        <mention id="EHOST_Instance_217" />
        <annotator id="eHOST_2010">Alyssa</annotator>
        <span start="2370" end="2372" />
        <spannedText>un</spannedText>
        <creationDate>Wed Jan 12 12:08:19 CET 2022</creationDate>
        <processed>true</processed>
        <AdjudicationStatus>MATCHES_DLETED</AdjudicationStatus>
    </adjudicating>
    <classMention id="EHOST_Instance_217">
        <mentionClass id="NegCue">un</mentionClass>
    </classMention>
    <adjudicating>
        <mention id="EHOST_Instance_218" />
        <annotator id="eHOST_2010">Alyssa</annotator>
        <span start="2469" end="2473" />
        <spannedText>less</spannedText>
        <creationDate>Wed Jan 12 12:09:44 CET 2022</creationDate>
        <processed>true</processed>
        <AdjudicationStatus>NON_MATCHES</AdjudicationStatus>
    </adjudicating>
    <classMention id="EHOST_Instance_218">
        <mentionClass id="NegCue">less</mentionClass>
    </classMention>
    <adjudicating>
        <mention id="EHOST_Instance_219" />
        <annotator id="eHOST_2010">Alyssa</annotator>
        <span start="2566" end="2573" />
        <spannedText>failure</spannedText>
        <creationDate>Wed Jan 12 12:09:49 CET 2022</creationDate>
        <processed>true</processed>
        <AdjudicationStatus>NON_MATCHES</AdjudicationStatus>
    </adjudicating>
    <classMention id="EHOST_Instance_219">
        <mentionClass id="NegCue">failure</mentionClass>
    </classMention>
    <adjudicating>
        <mention id="EHOST_Instance_220" />
        <annotator id="eHOST_2010">Alyssa</annotator>
        <span start="2750" end="2755" />
        <spannedText>nâ€™t</spannedText>
        <creationDate>Wed Jan 12 12:10:09 CET 2022</creationDate>
        <processed>true</processed>
        <AdjudicationStatus>MATCHES_DLETED</AdjudicationStatus>
    </adjudicating>
    <classMention id="EHOST_Instance_220">
        <mentionClass id="NegCue">nâ€™t</mentionClass>
    </classMention>
    <adjudicating>
        <mention id="EHOST_Instance_221" />
        <annotator id="eHOST_2010">Alyssa</annotator>
        <span start="3865" end="3870" />
        <spannedText>nâ€™t</spannedText>
        <creationDate>Wed Jan 12 12:11:44 CET 2022</creationDate>
        <processed>true</processed>
        <AdjudicationStatus>MATCHES_DLETED</AdjudicationStatus>
    </adjudicating>
    <classMention id="EHOST_Instance_221">
        <mentionClass id="NegCue">nâ€™t</mentionClass>
    </classMention>
    <adjudicating>
        <mention id="EHOST_Instance_222" />
        <annotator id="eHOST_2010">Alyssa</annotator>
        <span start="4208" end="4211" />
        <spannedText>not</spannedText>
        <creationDate>Wed Jan 12 12:12:04 CET 2022</creationDate>
        <processed>true</processed>
        <AdjudicationStatus>NON_MATCHES</AdjudicationStatus>
    </adjudicating>
    <classMention id="EHOST_Instance_222">
        <mentionClass id="NegCue">not</mentionClass>
    </classMention>
    <adjudicating>
        <mention id="EHOST_Instance_223" />
        <annotator id="eHOST_2010">Alyssa</annotator>
        <span start="4235" end="4237" />
        <spannedText>in</spannedText>
        <creationDate>Wed Jan 12 12:12:14 CET 2022</creationDate>
        <processed>true</processed>
        <AdjudicationStatus>MATCHES_DLETED</AdjudicationStatus>
    </adjudicating>
    <classMention id="EHOST_Instance_223">
        <mentionClass id="NegCue">in</mentionClass>
    </classMention>
    <adjudicating>
        <mention id="EHOST_Instance_224" />
        <annotator id="eHOST_2010">Alyssa</annotator>
        <span start="4249" end="4251" />
        <spannedText>in</spannedText>
        <creationDate>Wed Jan 12 12:12:21 CET 2022</creationDate>
        <processed>true</processed>
        <AdjudicationStatus>MATCHES_DLETED</AdjudicationStatus>
    </adjudicating>
    <classMention id="EHOST_Instance_224">
        <mentionClass id="NegCue">in</mentionClass>
    </classMention>
    <adjudicating>
        <mention id="EHOST_Instance_225" />
        <annotator id="eHOST_2010">Alyssa</annotator>
        <span start="4452" end="4455" />
        <spannedText>not</spannedText>
        <creationDate>Wed Jan 12 12:12:30 CET 2022</creationDate>
        <processed>true</processed>
        <AdjudicationStatus>MATCHES_DLETED</AdjudicationStatus>
    </adjudicating>
    <classMention id="EHOST_Instance_225">
        <mentionClass id="NegCue">not</mentionClass>
    </classMention>
    <adjudicating>
        <mention id="EHOST_Instance_226" />
        <annotator id="eHOST_2010">Alyssa</annotator>
        <span start="4741" end="4744" />
        <spannedText>not</spannedText>
        <creationDate>Wed Jan 12 12:12:40 CET 2022</creationDate>
        <processed>true</processed>
        <AdjudicationStatus>MATCHES_DLETED</AdjudicationStatus>
    </adjudicating>
    <classMention id="EHOST_Instance_226">
        <mentionClass id="NegCue">not</mentionClass>
    </classMention>
    <adjudicating>
        <mention id="EHOST_Instance_227" />
        <annotator id="eHOST_2010">Alyssa</annotator>
        <span start="5023" end="5030" />
        <spannedText>without</spannedText>
        <creationDate>Wed Jan 12 12:12:55 CET 2022</creationDate>
        <processed>true</processed>
        <AdjudicationStatus>NON_MATCHES</AdjudicationStatus>
    </adjudicating>
    <classMention id="EHOST_Instance_227">
        <mentionClass id="NegCue">without</mentionClass>
    </classMention>
    <adjudicating>
        <mention id="EHOST_Instance_228" />
        <annotator id="eHOST_2010">Alyssa</annotator>
        <span start="1907" end="1936" />
        <spannedText>A failure of theÂ MMR vaccine</spannedText>
        <creationDate>Wed Jan 12 15:59:54 CET 2022</creationDate>
        <processed>true</processed>
        <AdjudicationStatus>NON_MATCHES</AdjudicationStatus>
    </adjudicating>
    <classMention id="EHOST_Instance_228">
        <mentionClass id="NegCue">A failure of theÂ MMR vaccine</mentionClass>
    </classMention>
    <adjudicating>
        <mention id="EHOST_Instance_229" />
        <annotator id="eHOST_2010">Alyssa</annotator>
        <span start="1949" end="2006" />
        <spannedText>which you will never hear about from the prostitute press</spannedText>
        <creationDate>Wed Jan 12 15:59:59 CET 2022</creationDate>
        <processed>true</processed>
        <AdjudicationStatus>NON_MATCHES</AdjudicationStatus>
    </adjudicating>
    <classMention id="EHOST_Instance_229">
        <mentionClass id="NegCue">which you will never hear about from the prostitute press</mentionClass>
    </classMention>
    <adjudicating>
        <mention id="EHOST_Instance_230" />
        <annotator id="eHOST_2010">Alyssa</annotator>
        <span start="2018" end="2020" />
        <spannedText>no</spannedText>
        <creationDate>Wed Jan 12 16:00:05 CET 2022</creationDate>
        <processed>true</processed>
        <AdjudicationStatus>MATCHES_DLETED</AdjudicationStatus>
    </adjudicating>
    <classMention id="EHOST_Instance_230">
        <mentionClass id="NegCue">no</mentionClass>
    </classMention>
    <eHOST_Adjudication_Status version="1.0">
        <Adjudication_Selected_Annotators version="1.0">
            <Annotator>Tessel</Annotator>
            <Annotator>Alyssa</Annotator>
            <Annotator>ADJUDICATION</Annotator>
        </Adjudication_Selected_Annotators>
        <Adjudication_Selected_Classes version="1.0">
            <Class>NegCue</Class>
        </Adjudication_Selected_Classes>
        <Adjudication_Others>
            <CHECK_OVERLAPPED_SPANS>false</CHECK_OVERLAPPED_SPANS>
            <CHECK_ATTRIBUTES>false</CHECK_ATTRIBUTES>
            <CHECK_RELATIONSHIP>false</CHECK_RELATIONSHIP>
            <CHECK_CLASS>false</CHECK_CLASS>
            <CHECK_COMMENT>false</CHECK_COMMENT>
        </Adjudication_Others>
    </eHOST_Adjudication_Status>
</annotations>

