<?xml version="1.0" encoding="UTF-8"?>
<annotations textSource="greenmedinfo-com_20170703T045312.txt">
    <annotation>
        <mention id="EHOST_Instance_351" />
        <annotator id="01">Tessel</annotator>
        <span start="241" end="244" />
        <spannedText>not</spannedText>
        <creationDate>Wed Jan 12 18:17:19 CET 2022</creationDate>
    </annotation>
    <classMention id="EHOST_Instance_351">
        <mentionClass id="NegCue">not</mentionClass>
    </classMention>
    <annotation>
        <mention id="EHOST_Instance_352" />
        <annotator id="01">Tessel</annotator>
        <span start="1715" end="1718" />
        <spannedText>non</spannedText>
        <creationDate>Wed Jan 12 18:18:05 CET 2022</creationDate>
    </annotation>
    <classMention id="EHOST_Instance_352">
        <mentionClass id="NegCue">non</mentionClass>
    </classMention>
    <annotation>
        <mention id="EHOST_Instance_353" />
        <annotator id="01">Tessel</annotator>
        <span start="1806" end="1809" />
        <spannedText>not</spannedText>
        <creationDate>Wed Jan 12 18:18:11 CET 2022</creationDate>
    </annotation>
    <classMention id="EHOST_Instance_353">
        <mentionClass id="NegCue">not</mentionClass>
    </classMention>
    <annotation>
        <mention id="EHOST_Instance_354" />
        <annotator id="01">Tessel</annotator>
        <span start="2154" end="2159" />
        <spannedText>never</spannedText>
        <creationDate>Wed Jan 12 18:18:21 CET 2022</creationDate>
    </annotation>
    <classMention id="EHOST_Instance_354">
        <mentionClass id="NegCue">never</mentionClass>
    </classMention>
    <annotation>
        <mention id="EHOST_Instance_355" />
        <annotator id="01">Tessel</annotator>
        <span start="4485" end="4488" />
        <spannedText>not</spannedText>
        <creationDate>Wed Jan 12 18:21:43 CET 2022</creationDate>
    </annotation>
    <classMention id="EHOST_Instance_355">
        <mentionClass id="NegCue">not</mentionClass>
    </classMention>
    <annotation>
        <mention id="EHOST_Instance_356" />
        <annotator id="01">Tessel</annotator>
        <span start="6248" end="6251" />
        <spannedText>non</spannedText>
        <creationDate>Wed Jan 12 18:22:39 CET 2022</creationDate>
    </annotation>
    <classMention id="EHOST_Instance_356">
        <mentionClass id="NegCue">non</mentionClass>
    </classMention>
    <annotation>
        <mention id="EHOST_Instance_357" />
        <annotator id="01">Tessel</annotator>
        <span start="6561" end="6564" />
        <spannedText>not</spannedText>
        <creationDate>Wed Jan 12 18:22:49 CET 2022</creationDate>
    </annotation>
    <classMention id="EHOST_Instance_357">
        <mentionClass id="NegCue">not</mentionClass>
    </classMention>
    <annotation>
        <mention id="EHOST_Instance_358" />
        <annotator id="01">Tessel</annotator>
        <span start="7197" end="7200" />
        <spannedText>not</spannedText>
        <creationDate>Wed Jan 12 18:23:02 CET 2022</creationDate>
    </annotation>
    <classMention id="EHOST_Instance_358">
        <mentionClass id="NegCue">not</mentionClass>
    </classMention>
    <annotation>
        <mention id="EHOST_Instance_359" />
        <annotator id="01">Tessel</annotator>
        <span start="8085" end="8088" />
        <spannedText>non</spannedText>
        <creationDate>Wed Jan 12 18:23:28 CET 2022</creationDate>
    </annotation>
    <classMention id="EHOST_Instance_359">
        <mentionClass id="NegCue">non</mentionClass>
    </classMention>
    <annotation>
        <mention id="EHOST_Instance_360" />
        <annotator id="eHOST_2010">Alyssa</annotator>
        <span start="1715" end="1718" />
        <spannedText>non</spannedText>
        <creationDate>Wed Jan 12 14:52:21 CET 2022</creationDate>
    </annotation>
    <classMention id="EHOST_Instance_360">
        <mentionClass id="NegCue">non</mentionClass>
    </classMention>
    <annotation>
        <mention id="EHOST_Instance_361" />
        <annotator id="eHOST_2010">Alyssa</annotator>
        <span start="1806" end="1809" />
        <spannedText>not</spannedText>
        <creationDate>Wed Jan 12 14:52:29 CET 2022</creationDate>
    </annotation>
    <classMention id="EHOST_Instance_361">
        <mentionClass id="NegCue">not</mentionClass>
    </classMention>
    <annotation>
        <mention id="EHOST_Instance_362" />
        <annotator id="eHOST_2010">Alyssa</annotator>
        <span start="1841" end="2029" />
        <spannedText>Since vaccine strain measles has almost entirely supplanted wild-type, communally acquired measles, it is statistically unlikely that PCR tests will reveal the media's hysterical storyline</spannedText>
        <creationDate>Wed Jan 12 14:53:21 CET 2022</creationDate>
    </annotation>
    <classMention id="EHOST_Instance_362">
        <mentionClass id="NegCue">Since vaccine strain measles has almost entirely supplanted wild-type, communally acquired measles, it is statistically unlikely that PCR tests will reveal the media's hysterical storyline</mentionClass>
    </classMention>
    <annotation>
        <mention id="EHOST_Instance_363" />
        <annotator id="eHOST_2010">Alyssa</annotator>
        <span start="2087" end="2098" />
        <spannedText>to be true</spannedText>
        <creationDate>Wed Jan 12 14:53:25 CET 2022</creationDate>
    </annotation>
    <classMention id="EHOST_Instance_363">
        <mentionClass id="NegCue">to be true</mentionClass>
    </classMention>
    <annotation>
        <mention id="EHOST_Instance_364" />
        <annotator id="eHOST_2010">Alyssa</annotator>
        <span start="2154" end="2159" />
        <spannedText>never</spannedText>
        <creationDate>Wed Jan 12 14:53:38 CET 2022</creationDate>
    </annotation>
    <classMention id="EHOST_Instance_364">
        <mentionClass id="NegCue">never</mentionClass>
    </classMention>
    <annotation>
        <mention id="EHOST_Instance_365" />
        <annotator id="eHOST_2010">Alyssa</annotator>
        <span start="5184" end="5186" />
        <spannedText>un</spannedText>
        <creationDate>Wed Jan 12 14:55:53 CET 2022</creationDate>
    </annotation>
    <classMention id="EHOST_Instance_365">
        <mentionClass id="NegCue">un</mentionClass>
    </classMention>
    <annotation>
        <mention id="EHOST_Instance_366" />
        <annotator id="eHOST_2010">Alyssa</annotator>
        <span start="5415" end="5417" />
        <spannedText>un</spannedText>
        <creationDate>Wed Jan 12 14:56:36 CET 2022</creationDate>
    </annotation>
    <classMention id="EHOST_Instance_366">
        <mentionClass id="NegCue">un</mentionClass>
    </classMention>
    <annotation>
        <mention id="EHOST_Instance_367" />
        <annotator id="eHOST_2010">Alyssa</annotator>
        <span start="6181" end="6183" />
        <spannedText>un</spannedText>
        <creationDate>Wed Jan 12 14:57:13 CET 2022</creationDate>
    </annotation>
    <classMention id="EHOST_Instance_367">
        <mentionClass id="NegCue">un</mentionClass>
    </classMention>
    <annotation>
        <mention id="EHOST_Instance_368" />
        <annotator id="eHOST_2010">Alyssa</annotator>
        <span start="6248" end="6251" />
        <spannedText>non</spannedText>
        <creationDate>Wed Jan 12 14:57:17 CET 2022</creationDate>
    </annotation>
    <classMention id="EHOST_Instance_368">
        <mentionClass id="NegCue">non</mentionClass>
    </classMention>
    <annotation>
        <mention id="EHOST_Instance_369" />
        <annotator id="eHOST_2010">Alyssa</annotator>
        <span start="6356" end="6361" />
        <spannedText>never</spannedText>
        <creationDate>Wed Jan 12 14:57:29 CET 2022</creationDate>
    </annotation>
    <classMention id="EHOST_Instance_369">
        <mentionClass id="NegCue">never</mentionClass>
    </classMention>
    <annotation>
        <mention id="EHOST_Instance_370" />
        <annotator id="eHOST_2010">Alyssa</annotator>
        <span start="6691" end="6698" />
        <spannedText>failure</spannedText>
        <creationDate>Wed Jan 12 14:57:59 CET 2022</creationDate>
    </annotation>
    <classMention id="EHOST_Instance_370">
        <mentionClass id="NegCue">failure</mentionClass>
    </classMention>
    <annotation>
        <mention id="EHOST_Instance_371" />
        <annotator id="eHOST_2010">Alyssa</annotator>
        <span start="7767" end="7774" />
        <spannedText>Failure</spannedText>
        <creationDate>Wed Jan 12 14:58:42 CET 2022</creationDate>
    </annotation>
    <classMention id="EHOST_Instance_371">
        <mentionClass id="NegCue">Failure</mentionClass>
    </classMention>
    <annotation>
        <mention id="EHOST_Instance_372" />
        <annotator id="eHOST_2010">Alyssa</annotator>
        <span start="7937" end="7939" />
        <spannedText>in</spannedText>
        <creationDate>Wed Jan 12 14:58:55 CET 2022</creationDate>
    </annotation>
    <classMention id="EHOST_Instance_372">
        <mentionClass id="NegCue">in</mentionClass>
    </classMention>
    <annotation>
        <mention id="EHOST_Instance_373" />
        <annotator id="eHOST_2010">Alyssa</annotator>
        <span start="8085" end="8088" />
        <spannedText>non</spannedText>
        <creationDate>Wed Jan 12 14:59:07 CET 2022</creationDate>
    </annotation>
    <classMention id="EHOST_Instance_373">
        <mentionClass id="NegCue">non</mentionClass>
    </classMention>
    <adjudicating>
        <mention id="EHOST_Instance_374" />
        <annotator id="01">Tessel</annotator>
        <span start="241" end="244" />
        <spannedText>not</spannedText>
        <creationDate>Wed Jan 12 18:17:19 CET 2022</creationDate>
        <processed>true</processed>
        <AdjudicationStatus>NON_MATCHES</AdjudicationStatus>
    </adjudicating>
    <classMention id="EHOST_Instance_374">
        <mentionClass id="NegCue">not</mentionClass>
    </classMention>
    <adjudicating>
        <mention id="EHOST_Instance_375" />
        <annotator id="01">Tessel</annotator>
        <span start="1715" end="1718" />
        <spannedText>non</spannedText>
        <creationDate>Wed Jan 12 18:18:05 CET 2022</creationDate>
        <processed>true</processed>
        <AdjudicationStatus>MATCHES_OK</AdjudicationStatus>
    </adjudicating>
    <classMention id="EHOST_Instance_375">
        <mentionClass id="NegCue">non</mentionClass>
    </classMention>
    <adjudicating>
        <mention id="EHOST_Instance_376" />
        <annotator id="01">Tessel</annotator>
        <span start="1806" end="1809" />
        <spannedText>not</spannedText>
        <creationDate>Wed Jan 12 18:18:11 CET 2022</creationDate>
        <processed>true</processed>
        <AdjudicationStatus>MATCHES_OK</AdjudicationStatus>
    </adjudicating>
    <classMention id="EHOST_Instance_376">
        <mentionClass id="NegCue">not</mentionClass>
    </classMention>
    <adjudicating>
        <mention id="EHOST_Instance_377" />
        <annotator id="01">Tessel</annotator>
        <span start="2154" end="2159" />
        <spannedText>never</spannedText>
        <creationDate>Wed Jan 12 18:18:21 CET 2022</creationDate>
        <processed>true</processed>
        <AdjudicationStatus>MATCHES_OK</AdjudicationStatus>
    </adjudicating>
    <classMention id="EHOST_Instance_377">
        <mentionClass id="NegCue">never</mentionClass>
    </classMention>
    <adjudicating>
        <mention id="EHOST_Instance_378" />
        <annotator id="01">Tessel</annotator>
        <span start="4485" end="4488" />
        <spannedText>not</spannedText>
        <creationDate>Wed Jan 12 18:21:43 CET 2022</creationDate>
        <processed>true</processed>
        <AdjudicationStatus>NON_MATCHES</AdjudicationStatus>
    </adjudicating>
    <classMention id="EHOST_Instance_378">
        <mentionClass id="NegCue">not</mentionClass>
    </classMention>
    <adjudicating>
        <mention id="EHOST_Instance_379" />
        <annotator id="01">Tessel</annotator>
        <span start="6248" end="6251" />
        <spannedText>non</spannedText>
        <creationDate>Wed Jan 12 18:22:39 CET 2022</creationDate>
        <processed>true</processed>
        <AdjudicationStatus>MATCHES_OK</AdjudicationStatus>
    </adjudicating>
    <classMention id="EHOST_Instance_379">
        <mentionClass id="NegCue">non</mentionClass>
    </classMention>
    <adjudicating>
        <mention id="EHOST_Instance_380" />
        <annotator id="01">Tessel</annotator>
        <span start="6561" end="6564" />
        <spannedText>not</spannedText>
        <creationDate>Wed Jan 12 18:22:49 CET 2022</creationDate>
        <processed>true</processed>
        <AdjudicationStatus>NON_MATCHES</AdjudicationStatus>
    </adjudicating>
    <classMention id="EHOST_Instance_380">
        <mentionClass id="NegCue">not</mentionClass>
    </classMention>
    <adjudicating>
        <mention id="EHOST_Instance_381" />
        <annotator id="01">Tessel</annotator>
        <span start="7197" end="7200" />
        <spannedText>not</spannedText>
        <creationDate>Wed Jan 12 18:23:02 CET 2022</creationDate>
        <processed>true</processed>
        <AdjudicationStatus>NON_MATCHES</AdjudicationStatus>
    </adjudicating>
    <classMention id="EHOST_Instance_381">
        <mentionClass id="NegCue">not</mentionClass>
    </classMention>
    <adjudicating>
        <mention id="EHOST_Instance_382" />
        <annotator id="01">Tessel</annotator>
        <span start="8085" end="8088" />
        <spannedText>non</spannedText>
        <creationDate>Wed Jan 12 18:23:28 CET 2022</creationDate>
        <processed>true</processed>
        <AdjudicationStatus>MATCHES_OK</AdjudicationStatus>
    </adjudicating>
    <classMention id="EHOST_Instance_382">
        <mentionClass id="NegCue">non</mentionClass>
    </classMention>
    <adjudicating>
        <mention id="EHOST_Instance_383" />
        <annotator id="eHOST_2010">Alyssa</annotator>
        <span start="1715" end="1718" />
        <spannedText>non</spannedText>
        <creationDate>Wed Jan 12 14:52:21 CET 2022</creationDate>
        <processed>true</processed>
        <AdjudicationStatus>MATCHES_DLETED</AdjudicationStatus>
    </adjudicating>
    <classMention id="EHOST_Instance_383">
        <mentionClass id="NegCue">non</mentionClass>
    </classMention>
    <adjudicating>
        <mention id="EHOST_Instance_384" />
        <annotator id="eHOST_2010">Alyssa</annotator>
        <span start="1806" end="1809" />
        <spannedText>not</spannedText>
        <creationDate>Wed Jan 12 14:52:29 CET 2022</creationDate>
        <processed>true</processed>
        <AdjudicationStatus>MATCHES_DLETED</AdjudicationStatus>
    </adjudicating>
    <classMention id="EHOST_Instance_384">
        <mentionClass id="NegCue">not</mentionClass>
    </classMention>
    <adjudicating>
        <mention id="EHOST_Instance_385" />
        <annotator id="eHOST_2010">Alyssa</annotator>
        <span start="1841" end="2029" />
        <spannedText>Since vaccine strain measles has almost entirely supplanted wild-type, communally acquired measles, it is statistically unlikely that PCR tests will reveal the media's hysterical storyline</spannedText>
        <creationDate>Wed Jan 12 14:53:21 CET 2022</creationDate>
        <processed>true</processed>
        <AdjudicationStatus>NON_MATCHES</AdjudicationStatus>
    </adjudicating>
    <classMention id="EHOST_Instance_385">
        <mentionClass id="NegCue">Since vaccine strain measles has almost entirely supplanted wild-type, communally acquired measles, it is statistically unlikely that PCR tests will reveal the media's hysterical storyline</mentionClass>
    </classMention>
    <adjudicating>
        <mention id="EHOST_Instance_386" />
        <annotator id="eHOST_2010">Alyssa</annotator>
        <span start="2087" end="2098" />
        <spannedText>to be true</spannedText>
        <creationDate>Wed Jan 12 14:53:25 CET 2022</creationDate>
        <processed>true</processed>
        <AdjudicationStatus>NON_MATCHES</AdjudicationStatus>
    </adjudicating>
    <classMention id="EHOST_Instance_386">
        <mentionClass id="NegCue">to be true</mentionClass>
    </classMention>
    <adjudicating>
        <mention id="EHOST_Instance_387" />
        <annotator id="eHOST_2010">Alyssa</annotator>
        <span start="2154" end="2159" />
        <spannedText>never</spannedText>
        <creationDate>Wed Jan 12 14:53:38 CET 2022</creationDate>
        <processed>true</processed>
        <AdjudicationStatus>MATCHES_DLETED</AdjudicationStatus>
    </adjudicating>
    <classMention id="EHOST_Instance_387">
        <mentionClass id="NegCue">never</mentionClass>
    </classMention>
    <adjudicating>
        <mention id="EHOST_Instance_388" />
        <annotator id="eHOST_2010">Alyssa</annotator>
        <span start="5184" end="5186" />
        <spannedText>un</spannedText>
        <creationDate>Wed Jan 12 14:55:53 CET 2022</creationDate>
        <processed>true</processed>
        <AdjudicationStatus>NON_MATCHES</AdjudicationStatus>
    </adjudicating>
    <classMention id="EHOST_Instance_388">
        <mentionClass id="NegCue">un</mentionClass>
    </classMention>
    <adjudicating>
        <mention id="EHOST_Instance_389" />
        <annotator id="eHOST_2010">Alyssa</annotator>
        <span start="5415" end="5417" />
        <spannedText>un</spannedText>
        <creationDate>Wed Jan 12 14:56:36 CET 2022</creationDate>
        <processed>true</processed>
        <AdjudicationStatus>NON_MATCHES</AdjudicationStatus>
    </adjudicating>
    <classMention id="EHOST_Instance_389">
        <mentionClass id="NegCue">un</mentionClass>
    </classMention>
    <adjudicating>
        <mention id="EHOST_Instance_390" />
        <annotator id="eHOST_2010">Alyssa</annotator>
        <span start="6181" end="6183" />
        <spannedText>un</spannedText>
        <creationDate>Wed Jan 12 14:57:13 CET 2022</creationDate>
        <processed>true</processed>
        <AdjudicationStatus>NON_MATCHES</AdjudicationStatus>
    </adjudicating>
    <classMention id="EHOST_Instance_390">
        <mentionClass id="NegCue">un</mentionClass>
    </classMention>
    <adjudicating>
        <mention id="EHOST_Instance_391" />
        <annotator id="eHOST_2010">Alyssa</annotator>
        <span start="6248" end="6251" />
        <spannedText>non</spannedText>
        <creationDate>Wed Jan 12 14:57:17 CET 2022</creationDate>
        <processed>true</processed>
        <AdjudicationStatus>MATCHES_DLETED</AdjudicationStatus>
    </adjudicating>
    <classMention id="EHOST_Instance_391">
        <mentionClass id="NegCue">non</mentionClass>
    </classMention>
    <adjudicating>
        <mention id="EHOST_Instance_392" />
        <annotator id="eHOST_2010">Alyssa</annotator>
        <span start="6356" end="6361" />
        <spannedText>never</spannedText>
        <creationDate>Wed Jan 12 14:57:29 CET 2022</creationDate>
        <processed>true</processed>
        <AdjudicationStatus>NON_MATCHES</AdjudicationStatus>
    </adjudicating>
    <classMention id="EHOST_Instance_392">
        <mentionClass id="NegCue">never</mentionClass>
    </classMention>
    <adjudicating>
        <mention id="EHOST_Instance_393" />
        <annotator id="eHOST_2010">Alyssa</annotator>
        <span start="6691" end="6698" />
        <spannedText>failure</spannedText>
        <creationDate>Wed Jan 12 14:57:59 CET 2022</creationDate>
        <processed>true</processed>
        <AdjudicationStatus>NON_MATCHES</AdjudicationStatus>
    </adjudicating>
    <classMention id="EHOST_Instance_393">
        <mentionClass id="NegCue">failure</mentionClass>
    </classMention>
    <adjudicating>
        <mention id="EHOST_Instance_394" />
        <annotator id="eHOST_2010">Alyssa</annotator>
        <span start="7767" end="7774" />
        <spannedText>Failure</spannedText>
        <creationDate>Wed Jan 12 14:58:42 CET 2022</creationDate>
        <processed>true</processed>
        <AdjudicationStatus>NON_MATCHES</AdjudicationStatus>
    </adjudicating>
    <classMention id="EHOST_Instance_394">
        <mentionClass id="NegCue">Failure</mentionClass>
    </classMention>
    <adjudicating>
        <mention id="EHOST_Instance_395" />
        <annotator id="eHOST_2010">Alyssa</annotator>
        <span start="7937" end="7939" />
        <spannedText>in</spannedText>
        <creationDate>Wed Jan 12 14:58:55 CET 2022</creationDate>
        <processed>true</processed>
        <AdjudicationStatus>NON_MATCHES</AdjudicationStatus>
    </adjudicating>
    <classMention id="EHOST_Instance_395">
        <mentionClass id="NegCue">in</mentionClass>
    </classMention>
    <adjudicating>
        <mention id="EHOST_Instance_396" />
        <annotator id="eHOST_2010">Alyssa</annotator>
        <span start="8085" end="8088" />
        <spannedText>non</spannedText>
        <creationDate>Wed Jan 12 14:59:07 CET 2022</creationDate>
        <processed>true</processed>
        <AdjudicationStatus>MATCHES_DLETED</AdjudicationStatus>
    </adjudicating>
    <classMention id="EHOST_Instance_396">
        <mentionClass id="NegCue">non</mentionClass>
    </classMention>
    <eHOST_Adjudication_Status version="1.0">
        <Adjudication_Selected_Annotators version="1.0">
            <Annotator>Tessel</Annotator>
            <Annotator>Alyssa</Annotator>
            <Annotator>ADJUDICATION</Annotator>
        </Adjudication_Selected_Annotators>
        <Adjudication_Selected_Classes version="1.0">
            <Class>NegCue</Class>
        </Adjudication_Selected_Classes>
        <Adjudication_Others>
            <CHECK_OVERLAPPED_SPANS>false</CHECK_OVERLAPPED_SPANS>
            <CHECK_ATTRIBUTES>false</CHECK_ATTRIBUTES>
            <CHECK_RELATIONSHIP>false</CHECK_RELATIONSHIP>
            <CHECK_CLASS>false</CHECK_CLASS>
            <CHECK_COMMENT>false</CHECK_COMMENT>
        </Adjudication_Others>
    </eHOST_Adjudication_Status>
</annotations>

