<?xml version="1.0" encoding="UTF-8"?>
<annotations textSource="greenmedinfo-com_20160402T131018.txt">
    <annotation>
        <mention id="EHOST_Instance_231" />
        <annotator id="01">Tessel</annotator>
        <span start="27" end="29" />
        <spannedText>no</spannedText>
        <creationDate>Wed Jan 12 18:06:55 CET 2022</creationDate>
    </annotation>
    <classMention id="EHOST_Instance_231">
        <mentionClass id="NegCue">no</mentionClass>
    </classMention>
    <annotation>
        <mention id="EHOST_Instance_232" />
        <annotator id="01">Tessel</annotator>
        <span start="222" end="224" />
        <spannedText>No</spannedText>
        <creationDate>Wed Jan 12 18:07:03 CET 2022</creationDate>
    </annotation>
    <classMention id="EHOST_Instance_232">
        <mentionClass id="NegCue">No</mentionClass>
    </classMention>
    <annotation>
        <mention id="EHOST_Instance_233" />
        <annotator id="01">Tessel</annotator>
        <span start="298" end="301" />
        <spannedText>not</spannedText>
        <creationDate>Wed Jan 12 18:07:06 CET 2022</creationDate>
    </annotation>
    <classMention id="EHOST_Instance_233">
        <mentionClass id="NegCue">not</mentionClass>
    </classMention>
    <annotation>
        <mention id="EHOST_Instance_234" />
        <annotator id="01">Tessel</annotator>
        <span start="340" end="343" />
        <spannedText>not</spannedText>
        <creationDate>Wed Jan 12 18:07:09 CET 2022</creationDate>
    </annotation>
    <classMention id="EHOST_Instance_234">
        <mentionClass id="NegCue">not</mentionClass>
    </classMention>
    <annotation>
        <mention id="EHOST_Instance_235" />
        <annotator id="01">Tessel</annotator>
        <span start="399" end="402" />
        <spannedText>non</spannedText>
        <creationDate>Wed Jan 12 18:07:27 CET 2022</creationDate>
    </annotation>
    <classMention id="EHOST_Instance_235">
        <mentionClass id="NegCue">non</mentionClass>
    </classMention>
    <annotation>
        <mention id="EHOST_Instance_236" />
        <annotator id="01">Tessel</annotator>
        <span start="1692" end="1695" />
        <spannedText>not</spannedText>
        <creationDate>Wed Jan 12 18:08:12 CET 2022</creationDate>
    </annotation>
    <classMention id="EHOST_Instance_236">
        <mentionClass id="NegCue">not</mentionClass>
    </classMention>
    <annotation>
        <mention id="EHOST_Instance_237" />
        <annotator id="01">Tessel</annotator>
        <span start="1736" end="1739" />
        <spannedText>n't</spannedText>
        <creationDate>Wed Jan 12 18:08:17 CET 2022</creationDate>
    </annotation>
    <classMention id="EHOST_Instance_237">
        <mentionClass id="NegCue">n't</mentionClass>
    </classMention>
    <annotation>
        <mention id="EHOST_Instance_238" />
        <annotator id="01">Tessel</annotator>
        <span start="1801" end="1804" />
        <spannedText>nor</spannedText>
        <creationDate>Wed Jan 12 18:08:42 CET 2022</creationDate>
    </annotation>
    <classMention id="EHOST_Instance_238">
        <mentionClass id="NegCue">nor</mentionClass>
    </classMention>
    <annotation>
        <mention id="EHOST_Instance_239" />
        <annotator id="01">Tessel</annotator>
        <span start="3421" end="3424" />
        <spannedText>not</spannedText>
        <creationDate>Wed Jan 12 18:08:53 CET 2022</creationDate>
    </annotation>
    <classMention id="EHOST_Instance_239">
        <mentionClass id="NegCue">not</mentionClass>
    </classMention>
    <annotation>
        <mention id="EHOST_Instance_240" />
        <annotator id="01">Tessel</annotator>
        <span start="3509" end="3512" />
        <spannedText>not</spannedText>
        <creationDate>Wed Jan 12 18:08:56 CET 2022</creationDate>
    </annotation>
    <classMention id="EHOST_Instance_240">
        <mentionClass id="NegCue">not</mentionClass>
    </classMention>
    <annotation>
        <mention id="EHOST_Instance_241" />
        <annotator id="01">Tessel</annotator>
        <span start="3670" end="3673" />
        <spannedText>not</spannedText>
        <creationDate>Wed Jan 12 18:09:00 CET 2022</creationDate>
    </annotation>
    <classMention id="EHOST_Instance_241">
        <mentionClass id="NegCue">not</mentionClass>
    </classMention>
    <annotation>
        <mention id="EHOST_Instance_242" />
        <annotator id="eHOST_2010">Alyssa</annotator>
        <span start="27" end="29" />
        <spannedText>no</spannedText>
        <creationDate>Wed Jan 12 12:13:39 CET 2022</creationDate>
    </annotation>
    <classMention id="EHOST_Instance_242">
        <mentionClass id="NegCue">no</mentionClass>
    </classMention>
    <annotation>
        <mention id="EHOST_Instance_243" />
        <annotator id="eHOST_2010">Alyssa</annotator>
        <span start="222" end="224" />
        <spannedText>No</spannedText>
        <creationDate>Wed Jan 12 12:13:53 CET 2022</creationDate>
    </annotation>
    <classMention id="EHOST_Instance_243">
        <mentionClass id="NegCue">No</mentionClass>
    </classMention>
    <annotation>
        <mention id="EHOST_Instance_244" />
        <annotator id="eHOST_2010">Alyssa</annotator>
        <span start="298" end="301" />
        <spannedText>not</spannedText>
        <creationDate>Wed Jan 12 12:13:57 CET 2022</creationDate>
    </annotation>
    <classMention id="EHOST_Instance_244">
        <mentionClass id="NegCue">not</mentionClass>
    </classMention>
    <annotation>
        <mention id="EHOST_Instance_245" />
        <annotator id="eHOST_2010">Alyssa</annotator>
        <span start="340" end="343" />
        <spannedText>not</spannedText>
        <creationDate>Wed Jan 12 12:14:00 CET 2022</creationDate>
    </annotation>
    <classMention id="EHOST_Instance_245">
        <mentionClass id="NegCue">not</mentionClass>
    </classMention>
    <annotation>
        <mention id="EHOST_Instance_246" />
        <annotator id="eHOST_2010">Alyssa</annotator>
        <span start="399" end="402" />
        <spannedText>non</spannedText>
        <creationDate>Wed Jan 12 12:14:11 CET 2022</creationDate>
    </annotation>
    <classMention id="EHOST_Instance_246">
        <mentionClass id="NegCue">non</mentionClass>
    </classMention>
    <annotation>
        <mention id="EHOST_Instance_247" />
        <annotator id="eHOST_2010">Alyssa</annotator>
        <span start="684" end="692" />
        <spannedText>failures</spannedText>
        <creationDate>Wed Jan 12 12:14:23 CET 2022</creationDate>
    </annotation>
    <classMention id="EHOST_Instance_247">
        <mentionClass id="NegCue">failures</mentionClass>
    </classMention>
    <annotation>
        <mention id="EHOST_Instance_248" />
        <annotator id="eHOST_2010">Alyssa</annotator>
        <span start="431" end="433" />
        <spannedText>in</spannedText>
        <creationDate>Wed Jan 12 12:14:38 CET 2022</creationDate>
    </annotation>
    <classMention id="EHOST_Instance_248">
        <mentionClass id="NegCue">in</mentionClass>
    </classMention>
    <annotation>
        <mention id="EHOST_Instance_249" />
        <annotator id="eHOST_2010">Alyssa</annotator>
        <span start="728" end="732" />
        <spannedText>less</spannedText>
        <creationDate>Wed Jan 12 12:14:55 CET 2022</creationDate>
    </annotation>
    <classMention id="EHOST_Instance_249">
        <mentionClass id="NegCue">less</mentionClass>
    </classMention>
    <annotation>
        <mention id="EHOST_Instance_250" />
        <annotator id="eHOST_2010">Alyssa</annotator>
        <span start="3421" end="3424" />
        <spannedText>not</spannedText>
        <creationDate>Wed Jan 12 12:18:05 CET 2022</creationDate>
    </annotation>
    <classMention id="EHOST_Instance_250">
        <mentionClass id="NegCue">not</mentionClass>
    </classMention>
    <annotation>
        <mention id="EHOST_Instance_251" />
        <annotator id="eHOST_2010">Alyssa</annotator>
        <span start="3509" end="3512" />
        <spannedText>not</spannedText>
        <creationDate>Wed Jan 12 12:18:08 CET 2022</creationDate>
    </annotation>
    <classMention id="EHOST_Instance_251">
        <mentionClass id="NegCue">not</mentionClass>
    </classMention>
    <annotation>
        <mention id="EHOST_Instance_252" />
        <annotator id="eHOST_2010">Alyssa</annotator>
        <span start="3670" end="3673" />
        <spannedText>not</spannedText>
        <creationDate>Wed Jan 12 12:18:15 CET 2022</creationDate>
    </annotation>
    <classMention id="EHOST_Instance_252">
        <mentionClass id="NegCue">not</mentionClass>
    </classMention>
    <annotation>
        <mention id="EHOST_Instance_253" />
        <annotator id="eHOST_2010">Alyssa</annotator>
        <span start="1730" end="1829" />
        <spannedText>You can't vaccinate away conditions that lead to compromised immunity, nor can you 'immunize' folks</spannedText>
        <creationDate>Wed Jan 12 12:19:36 CET 2022</creationDate>
    </annotation>
    <classMention id="EHOST_Instance_253">
        <mentionClass id="NegCue">You can't vaccinate away conditions that lead to compromised immunity, nor can you 'immunize' folks</mentionClass>
    </classMention>
    <annotation>
        <mention id="EHOST_Instance_254" />
        <annotator id="eHOST_2010">Alyssa</annotator>
        <span start="1855" end="1908" />
        <spannedText>against the desire to pursue the truth about vaccines</spannedText>
        <creationDate>Wed Jan 12 12:19:41 CET 2022</creationDate>
    </annotation>
    <classMention id="EHOST_Instance_254">
        <mentionClass id="NegCue">against the desire to pursue the truth about vaccines</mentionClass>
    </classMention>
    <adjudicating>
        <mention id="EHOST_Instance_255" />
        <annotator id="01">Tessel</annotator>
        <span start="27" end="29" />
        <spannedText>no</spannedText>
        <creationDate>Wed Jan 12 18:06:55 CET 2022</creationDate>
        <processed>true</processed>
        <AdjudicationStatus>MATCHES_OK</AdjudicationStatus>
    </adjudicating>
    <classMention id="EHOST_Instance_255">
        <mentionClass id="NegCue">no</mentionClass>
    </classMention>
    <adjudicating>
        <mention id="EHOST_Instance_256" />
        <annotator id="01">Tessel</annotator>
        <span start="222" end="224" />
        <spannedText>No</spannedText>
        <creationDate>Wed Jan 12 18:07:03 CET 2022</creationDate>
        <processed>true</processed>
        <AdjudicationStatus>MATCHES_OK</AdjudicationStatus>
    </adjudicating>
    <classMention id="EHOST_Instance_256">
        <mentionClass id="NegCue">No</mentionClass>
    </classMention>
    <adjudicating>
        <mention id="EHOST_Instance_257" />
        <annotator id="01">Tessel</annotator>
        <span start="298" end="301" />
        <spannedText>not</spannedText>
        <creationDate>Wed Jan 12 18:07:06 CET 2022</creationDate>
        <processed>true</processed>
        <AdjudicationStatus>MATCHES_OK</AdjudicationStatus>
    </adjudicating>
    <classMention id="EHOST_Instance_257">
        <mentionClass id="NegCue">not</mentionClass>
    </classMention>
    <adjudicating>
        <mention id="EHOST_Instance_258" />
        <annotator id="01">Tessel</annotator>
        <span start="340" end="343" />
        <spannedText>not</spannedText>
        <creationDate>Wed Jan 12 18:07:09 CET 2022</creationDate>
        <processed>true</processed>
        <AdjudicationStatus>MATCHES_OK</AdjudicationStatus>
    </adjudicating>
    <classMention id="EHOST_Instance_258">
        <mentionClass id="NegCue">not</mentionClass>
    </classMention>
    <adjudicating>
        <mention id="EHOST_Instance_259" />
        <annotator id="01">Tessel</annotator>
        <span start="399" end="402" />
        <spannedText>non</spannedText>
        <creationDate>Wed Jan 12 18:07:27 CET 2022</creationDate>
        <processed>true</processed>
        <AdjudicationStatus>MATCHES_OK</AdjudicationStatus>
    </adjudicating>
    <classMention id="EHOST_Instance_259">
        <mentionClass id="NegCue">non</mentionClass>
    </classMention>
    <adjudicating>
        <mention id="EHOST_Instance_260" />
        <annotator id="01">Tessel</annotator>
        <span start="1692" end="1695" />
        <spannedText>not</spannedText>
        <creationDate>Wed Jan 12 18:08:12 CET 2022</creationDate>
        <processed>true</processed>
        <AdjudicationStatus>NON_MATCHES</AdjudicationStatus>
    </adjudicating>
    <classMention id="EHOST_Instance_260">
        <mentionClass id="NegCue">not</mentionClass>
    </classMention>
    <adjudicating>
        <mention id="EHOST_Instance_261" />
        <annotator id="01">Tessel</annotator>
        <span start="1736" end="1739" />
        <spannedText>n't</spannedText>
        <creationDate>Wed Jan 12 18:08:17 CET 2022</creationDate>
        <processed>true</processed>
        <AdjudicationStatus>NON_MATCHES</AdjudicationStatus>
    </adjudicating>
    <classMention id="EHOST_Instance_261">
        <mentionClass id="NegCue">n't</mentionClass>
    </classMention>
    <adjudicating>
        <mention id="EHOST_Instance_262" />
        <annotator id="01">Tessel</annotator>
        <span start="1801" end="1804" />
        <spannedText>nor</spannedText>
        <creationDate>Wed Jan 12 18:08:42 CET 2022</creationDate>
        <processed>true</processed>
        <AdjudicationStatus>NON_MATCHES</AdjudicationStatus>
    </adjudicating>
    <classMention id="EHOST_Instance_262">
        <mentionClass id="NegCue">nor</mentionClass>
    </classMention>
    <adjudicating>
        <mention id="EHOST_Instance_263" />
        <annotator id="01">Tessel</annotator>
        <span start="3421" end="3424" />
        <spannedText>not</spannedText>
        <creationDate>Wed Jan 12 18:08:53 CET 2022</creationDate>
        <processed>true</processed>
        <AdjudicationStatus>MATCHES_OK</AdjudicationStatus>
    </adjudicating>
    <classMention id="EHOST_Instance_263">
        <mentionClass id="NegCue">not</mentionClass>
    </classMention>
    <adjudicating>
        <mention id="EHOST_Instance_264" />
        <annotator id="01">Tessel</annotator>
        <span start="3509" end="3512" />
        <spannedText>not</spannedText>
        <creationDate>Wed Jan 12 18:08:56 CET 2022</creationDate>
        <processed>true</processed>
        <AdjudicationStatus>MATCHES_OK</AdjudicationStatus>
    </adjudicating>
    <classMention id="EHOST_Instance_264">
        <mentionClass id="NegCue">not</mentionClass>
    </classMention>
    <adjudicating>
        <mention id="EHOST_Instance_265" />
        <annotator id="01">Tessel</annotator>
        <span start="3670" end="3673" />
        <spannedText>not</spannedText>
        <creationDate>Wed Jan 12 18:09:00 CET 2022</creationDate>
        <processed>true</processed>
        <AdjudicationStatus>MATCHES_OK</AdjudicationStatus>
    </adjudicating>
    <classMention id="EHOST_Instance_265">
        <mentionClass id="NegCue">not</mentionClass>
    </classMention>
    <adjudicating>
        <mention id="EHOST_Instance_266" />
        <annotator id="eHOST_2010">Alyssa</annotator>
        <span start="27" end="29" />
        <spannedText>no</spannedText>
        <creationDate>Wed Jan 12 12:13:39 CET 2022</creationDate>
        <processed>true</processed>
        <AdjudicationStatus>MATCHES_DLETED</AdjudicationStatus>
    </adjudicating>
    <classMention id="EHOST_Instance_266">
        <mentionClass id="NegCue">no</mentionClass>
    </classMention>
    <adjudicating>
        <mention id="EHOST_Instance_267" />
        <annotator id="eHOST_2010">Alyssa</annotator>
        <span start="222" end="224" />
        <spannedText>No</spannedText>
        <creationDate>Wed Jan 12 12:13:53 CET 2022</creationDate>
        <processed>true</processed>
        <AdjudicationStatus>MATCHES_DLETED</AdjudicationStatus>
    </adjudicating>
    <classMention id="EHOST_Instance_267">
        <mentionClass id="NegCue">No</mentionClass>
    </classMention>
    <adjudicating>
        <mention id="EHOST_Instance_268" />
        <annotator id="eHOST_2010">Alyssa</annotator>
        <span start="298" end="301" />
        <spannedText>not</spannedText>
        <creationDate>Wed Jan 12 12:13:57 CET 2022</creationDate>
        <processed>true</processed>
        <AdjudicationStatus>MATCHES_DLETED</AdjudicationStatus>
    </adjudicating>
    <classMention id="EHOST_Instance_268">
        <mentionClass id="NegCue">not</mentionClass>
    </classMention>
    <adjudicating>
        <mention id="EHOST_Instance_269" />
        <annotator id="eHOST_2010">Alyssa</annotator>
        <span start="340" end="343" />
        <spannedText>not</spannedText>
        <creationDate>Wed Jan 12 12:14:00 CET 2022</creationDate>
        <processed>true</processed>
        <AdjudicationStatus>MATCHES_DLETED</AdjudicationStatus>
    </adjudicating>
    <classMention id="EHOST_Instance_269">
        <mentionClass id="NegCue">not</mentionClass>
    </classMention>
    <adjudicating>
        <mention id="EHOST_Instance_270" />
        <annotator id="eHOST_2010">Alyssa</annotator>
        <span start="399" end="402" />
        <spannedText>non</spannedText>
        <creationDate>Wed Jan 12 12:14:11 CET 2022</creationDate>
        <processed>true</processed>
        <AdjudicationStatus>MATCHES_DLETED</AdjudicationStatus>
    </adjudicating>
    <classMention id="EHOST_Instance_270">
        <mentionClass id="NegCue">non</mentionClass>
    </classMention>
    <adjudicating>
        <mention id="EHOST_Instance_271" />
        <annotator id="eHOST_2010">Alyssa</annotator>
        <span start="684" end="692" />
        <spannedText>failures</spannedText>
        <creationDate>Wed Jan 12 12:14:23 CET 2022</creationDate>
        <processed>true</processed>
        <AdjudicationStatus>NON_MATCHES</AdjudicationStatus>
    </adjudicating>
    <classMention id="EHOST_Instance_271">
        <mentionClass id="NegCue">failures</mentionClass>
    </classMention>
    <adjudicating>
        <mention id="EHOST_Instance_272" />
        <annotator id="eHOST_2010">Alyssa</annotator>
        <span start="431" end="433" />
        <spannedText>in</spannedText>
        <creationDate>Wed Jan 12 12:14:38 CET 2022</creationDate>
        <processed>true</processed>
        <AdjudicationStatus>NON_MATCHES</AdjudicationStatus>
    </adjudicating>
    <classMention id="EHOST_Instance_272">
        <mentionClass id="NegCue">in</mentionClass>
    </classMention>
    <adjudicating>
        <mention id="EHOST_Instance_273" />
        <annotator id="eHOST_2010">Alyssa</annotator>
        <span start="728" end="732" />
        <spannedText>less</spannedText>
        <creationDate>Wed Jan 12 12:14:55 CET 2022</creationDate>
        <processed>true</processed>
        <AdjudicationStatus>NON_MATCHES</AdjudicationStatus>
    </adjudicating>
    <classMention id="EHOST_Instance_273">
        <mentionClass id="NegCue">less</mentionClass>
    </classMention>
    <adjudicating>
        <mention id="EHOST_Instance_274" />
        <annotator id="eHOST_2010">Alyssa</annotator>
        <span start="3421" end="3424" />
        <spannedText>not</spannedText>
        <creationDate>Wed Jan 12 12:18:05 CET 2022</creationDate>
        <processed>true</processed>
        <AdjudicationStatus>MATCHES_DLETED</AdjudicationStatus>
    </adjudicating>
    <classMention id="EHOST_Instance_274">
        <mentionClass id="NegCue">not</mentionClass>
    </classMention>
    <adjudicating>
        <mention id="EHOST_Instance_275" />
        <annotator id="eHOST_2010">Alyssa</annotator>
        <span start="3509" end="3512" />
        <spannedText>not</spannedText>
        <creationDate>Wed Jan 12 12:18:08 CET 2022</creationDate>
        <processed>true</processed>
        <AdjudicationStatus>MATCHES_DLETED</AdjudicationStatus>
    </adjudicating>
    <classMention id="EHOST_Instance_275">
        <mentionClass id="NegCue">not</mentionClass>
    </classMention>
    <adjudicating>
        <mention id="EHOST_Instance_276" />
        <annotator id="eHOST_2010">Alyssa</annotator>
        <span start="3670" end="3673" />
        <spannedText>not</spannedText>
        <creationDate>Wed Jan 12 12:18:15 CET 2022</creationDate>
        <processed>true</processed>
        <AdjudicationStatus>MATCHES_DLETED</AdjudicationStatus>
    </adjudicating>
    <classMention id="EHOST_Instance_276">
        <mentionClass id="NegCue">not</mentionClass>
    </classMention>
    <adjudicating>
        <mention id="EHOST_Instance_277" />
        <annotator id="eHOST_2010">Alyssa</annotator>
        <span start="1730" end="1829" />
        <spannedText>You can't vaccinate away conditions that lead to compromised immunity, nor can you 'immunize' folks</spannedText>
        <creationDate>Wed Jan 12 12:19:36 CET 2022</creationDate>
        <processed>true</processed>
        <AdjudicationStatus>NON_MATCHES</AdjudicationStatus>
    </adjudicating>
    <classMention id="EHOST_Instance_277">
        <mentionClass id="NegCue">You can't vaccinate away conditions that lead to compromised immunity, nor can you 'immunize' folks</mentionClass>
    </classMention>
    <adjudicating>
        <mention id="EHOST_Instance_278" />
        <annotator id="eHOST_2010">Alyssa</annotator>
        <span start="1855" end="1908" />
        <spannedText>against the desire to pursue the truth about vaccines</spannedText>
        <creationDate>Wed Jan 12 12:19:41 CET 2022</creationDate>
        <processed>true</processed>
        <AdjudicationStatus>NON_MATCHES</AdjudicationStatus>
    </adjudicating>
    <classMention id="EHOST_Instance_278">
        <mentionClass id="NegCue">against the desire to pursue the truth about vaccines</mentionClass>
    </classMention>
    <eHOST_Adjudication_Status version="1.0">
        <Adjudication_Selected_Annotators version="1.0">
            <Annotator>Tessel</Annotator>
            <Annotator>Alyssa</Annotator>
            <Annotator>ADJUDICATION</Annotator>
        </Adjudication_Selected_Annotators>
        <Adjudication_Selected_Classes version="1.0">
            <Class>NegCue</Class>
        </Adjudication_Selected_Classes>
        <Adjudication_Others>
            <CHECK_OVERLAPPED_SPANS>false</CHECK_OVERLAPPED_SPANS>
            <CHECK_ATTRIBUTES>false</CHECK_ATTRIBUTES>
            <CHECK_RELATIONSHIP>false</CHECK_RELATIONSHIP>
            <CHECK_CLASS>false</CHECK_CLASS>
            <CHECK_COMMENT>false</CHECK_COMMENT>
        </Adjudication_Others>
    </eHOST_Adjudication_Status>
</annotations>

