<?xml version="1.0" encoding="UTF-8"?>
<annotations textSource="greenmedinfo-com_20170702T213636.txt">
    <annotation>
        <mention id="EHOST_Instance_279" />
        <annotator id="01">Tessel</annotator>
        <span start="416" end="419" />
        <spannedText>not</spannedText>
        <creationDate>Wed Jan 12 18:09:28 CET 2022</creationDate>
    </annotation>
    <classMention id="EHOST_Instance_279">
        <mentionClass id="NegCue">not</mentionClass>
    </classMention>
    <annotation>
        <mention id="EHOST_Instance_280" />
        <annotator id="01">Tessel</annotator>
        <span start="1201" end="1204" />
        <spannedText>not</spannedText>
        <creationDate>Wed Jan 12 18:09:47 CET 2022</creationDate>
    </annotation>
    <classMention id="EHOST_Instance_280">
        <mentionClass id="NegCue">not</mentionClass>
    </classMention>
    <annotation>
        <mention id="EHOST_Instance_281" />
        <annotator id="01">Tessel</annotator>
        <span start="1287" end="1290" />
        <spannedText>not</spannedText>
        <creationDate>Wed Jan 12 18:10:00 CET 2022</creationDate>
    </annotation>
    <classMention id="EHOST_Instance_281">
        <mentionClass id="NegCue">not</mentionClass>
    </classMention>
    <annotation>
        <mention id="EHOST_Instance_282" />
        <annotator id="01">Tessel</annotator>
        <span start="1520" end="1527" />
        <spannedText>without</spannedText>
        <creationDate>Wed Jan 12 18:10:06 CET 2022</creationDate>
    </annotation>
    <classMention id="EHOST_Instance_282">
        <mentionClass id="NegCue">without</mentionClass>
    </classMention>
    <annotation>
        <mention id="EHOST_Instance_283" />
        <annotator id="01">Tessel</annotator>
        <span start="1829" end="1832" />
        <spannedText>not</spannedText>
        <creationDate>Wed Jan 12 18:10:15 CET 2022</creationDate>
    </annotation>
    <classMention id="EHOST_Instance_283">
        <mentionClass id="NegCue">not</mentionClass>
    </classMention>
    <annotation>
        <mention id="EHOST_Instance_284" />
        <annotator id="01">Tessel</annotator>
        <span start="1910" end="1913" />
        <spannedText>non</spannedText>
        <creationDate>Wed Jan 12 18:10:25 CET 2022</creationDate>
    </annotation>
    <classMention id="EHOST_Instance_284">
        <mentionClass id="NegCue">non</mentionClass>
    </classMention>
    <annotation>
        <mention id="EHOST_Instance_285" />
        <annotator id="01">Tessel</annotator>
        <span start="2035" end="2038" />
        <spannedText>non</spannedText>
        <creationDate>Wed Jan 12 18:10:41 CET 2022</creationDate>
    </annotation>
    <classMention id="EHOST_Instance_285">
        <mentionClass id="NegCue">non</mentionClass>
    </classMention>
    <annotation>
        <mention id="EHOST_Instance_286" />
        <annotator id="01">Tessel</annotator>
        <span start="2293" end="2296" />
        <spannedText>not</spannedText>
        <creationDate>Wed Jan 12 18:10:54 CET 2022</creationDate>
    </annotation>
    <classMention id="EHOST_Instance_286">
        <mentionClass id="NegCue">not</mentionClass>
    </classMention>
    <annotation>
        <mention id="EHOST_Instance_287" />
        <annotator id="01">Tessel</annotator>
        <span start="2646" end="2648" />
        <spannedText>un</spannedText>
        <creationDate>Wed Jan 12 18:11:10 CET 2022</creationDate>
    </annotation>
    <classMention id="EHOST_Instance_287">
        <mentionClass id="NegCue">un</mentionClass>
    </classMention>
    <annotation>
        <mention id="EHOST_Instance_288" />
        <annotator id="01">Tessel</annotator>
        <span start="3168" end="3170" />
        <spannedText>no</spannedText>
        <creationDate>Wed Jan 12 18:11:32 CET 2022</creationDate>
    </annotation>
    <classMention id="EHOST_Instance_288">
        <mentionClass id="NegCue">no</mentionClass>
    </classMention>
    <annotation>
        <mention id="EHOST_Instance_289" />
        <annotator id="01">Tessel</annotator>
        <span start="3983" end="3986" />
        <spannedText>not</spannedText>
        <creationDate>Wed Jan 12 18:12:25 CET 2022</creationDate>
    </annotation>
    <classMention id="EHOST_Instance_289">
        <mentionClass id="NegCue">not</mentionClass>
    </classMention>
    <annotation>
        <mention id="EHOST_Instance_290" />
        <annotator id="01">Tessel</annotator>
        <span start="4989" end="4992" />
        <spannedText>not</spannedText>
        <creationDate>Wed Jan 12 18:13:15 CET 2022</creationDate>
    </annotation>
    <classMention id="EHOST_Instance_290">
        <mentionClass id="NegCue">not</mentionClass>
    </classMention>
    <annotation>
        <mention id="EHOST_Instance_291" />
        <annotator id="01">Tessel</annotator>
        <span start="5168" end="5171" />
        <spannedText>not</spannedText>
        <creationDate>Wed Jan 12 18:13:21 CET 2022</creationDate>
    </annotation>
    <classMention id="EHOST_Instance_291">
        <mentionClass id="NegCue">not</mentionClass>
    </classMention>
    <annotation>
        <mention id="EHOST_Instance_292" />
        <annotator id="01">Tessel</annotator>
        <span start="6755" end="6757" />
        <spannedText>un</spannedText>
        <creationDate>Wed Jan 12 18:14:10 CET 2022</creationDate>
    </annotation>
    <classMention id="EHOST_Instance_292">
        <mentionClass id="NegCue">un</mentionClass>
    </classMention>
    <annotation>
        <mention id="EHOST_Instance_293" />
        <annotator id="eHOST_2010">Alyssa</annotator>
        <span start="416" end="419" />
        <spannedText>not</spannedText>
        <creationDate>Wed Jan 12 12:20:14 CET 2022</creationDate>
    </annotation>
    <classMention id="EHOST_Instance_293">
        <mentionClass id="NegCue">not</mentionClass>
    </classMention>
    <annotation>
        <mention id="EHOST_Instance_294" />
        <annotator id="eHOST_2010">Alyssa</annotator>
        <span start="792" end="794" />
        <spannedText>un</spannedText>
        <creationDate>Wed Jan 12 12:20:37 CET 2022</creationDate>
    </annotation>
    <classMention id="EHOST_Instance_294">
        <mentionClass id="NegCue">un</mentionClass>
    </classMention>
    <annotation>
        <mention id="EHOST_Instance_295" />
        <annotator id="eHOST_2010">Alyssa</annotator>
        <span start="1043" end="1050" />
        <spannedText>failure</spannedText>
        <creationDate>Wed Jan 12 12:20:48 CET 2022</creationDate>
    </annotation>
    <classMention id="EHOST_Instance_295">
        <mentionClass id="NegCue">failure</mentionClass>
    </classMention>
    <annotation>
        <mention id="EHOST_Instance_296" />
        <annotator id="eHOST_2010">Alyssa</annotator>
        <span start="1201" end="1204" />
        <spannedText>not</spannedText>
        <creationDate>Wed Jan 12 12:20:54 CET 2022</creationDate>
    </annotation>
    <classMention id="EHOST_Instance_296">
        <mentionClass id="NegCue">not</mentionClass>
    </classMention>
    <annotation>
        <mention id="EHOST_Instance_297" />
        <annotator id="eHOST_2010">Alyssa</annotator>
        <span start="1287" end="1290" />
        <spannedText>not</spannedText>
        <creationDate>Wed Jan 12 12:21:13 CET 2022</creationDate>
    </annotation>
    <classMention id="EHOST_Instance_297">
        <mentionClass id="NegCue">not</mentionClass>
    </classMention>
    <annotation>
        <mention id="EHOST_Instance_298" />
        <annotator id="eHOST_2010">Alyssa</annotator>
        <span start="1520" end="1527" />
        <spannedText>without</spannedText>
        <creationDate>Wed Jan 12 12:21:22 CET 2022</creationDate>
    </annotation>
    <classMention id="EHOST_Instance_298">
        <mentionClass id="NegCue">without</mentionClass>
    </classMention>
    <annotation>
        <mention id="EHOST_Instance_299" />
        <annotator id="eHOST_2010">Alyssa</annotator>
        <span start="1829" end="1832" />
        <spannedText>not</spannedText>
        <creationDate>Wed Jan 12 12:21:35 CET 2022</creationDate>
    </annotation>
    <classMention id="EHOST_Instance_299">
        <mentionClass id="NegCue">not</mentionClass>
    </classMention>
    <annotation>
        <mention id="EHOST_Instance_300" />
        <annotator id="eHOST_2010">Alyssa</annotator>
        <span start="1910" end="1913" />
        <spannedText>non</spannedText>
        <creationDate>Wed Jan 12 12:21:44 CET 2022</creationDate>
    </annotation>
    <classMention id="EHOST_Instance_300">
        <mentionClass id="NegCue">non</mentionClass>
    </classMention>
    <annotation>
        <mention id="EHOST_Instance_301" />
        <annotator id="eHOST_2010">Alyssa</annotator>
        <span start="1931" end="2056" />
        <spannedText>The obvious reason is that if the results of such a study demonstrated better health or immunity in the non-vaccinated group</spannedText>
        <creationDate>Wed Jan 12 12:27:27 CET 2022</creationDate>
    </annotation>
    <classMention id="EHOST_Instance_301">
        <mentionClass id="NegCue">The obvious reason is that if the results of such a study demonstrated better health or immunity in the non-vaccinated group</mentionClass>
    </classMention>
    <annotation>
        <mention id="EHOST_Instance_302" />
        <annotator id="eHOST_2010">Alyssa</annotator>
        <span start="2075" end="2189" />
        <spannedText>the entire house of cards supporting our present-day, globally coordinated pro-vaccine agenda would fall to pieces</spannedText>
        <creationDate>Wed Jan 12 12:26:37 CET 2022</creationDate>
    </annotation>
    <classMention id="EHOST_Instance_302">
        <mentionClass id="NegCue">the entire house of cards supporting our present-day, globally coordinated pro-vaccine agenda would fall to pieces</mentionClass>
    </classMention>
    <annotation>
        <mention id="EHOST_Instance_303" />
        <annotator id="eHOST_2010">Alyssa</annotator>
        <span start="2293" end="2296" />
        <spannedText>not</spannedText>
        <creationDate>Wed Jan 12 12:27:45 CET 2022</creationDate>
    </annotation>
    <classMention id="EHOST_Instance_303">
        <mentionClass id="NegCue">not</mentionClass>
    </classMention>
    <annotation>
        <mention id="EHOST_Instance_304" />
        <annotator id="eHOST_2010">Alyssa</annotator>
        <span start="2646" end="2648" />
        <spannedText>un</spannedText>
        <creationDate>Wed Jan 12 12:30:48 CET 2022</creationDate>
    </annotation>
    <classMention id="EHOST_Instance_304">
        <mentionClass id="NegCue">un</mentionClass>
    </classMention>
    <annotation>
        <mention id="EHOST_Instance_305" />
        <annotator id="eHOST_2010">Alyssa</annotator>
        <span start="3168" end="3170" />
        <spannedText>no</spannedText>
        <creationDate>Wed Jan 12 12:31:43 CET 2022</creationDate>
    </annotation>
    <classMention id="EHOST_Instance_305">
        <mentionClass id="NegCue">no</mentionClass>
    </classMention>
    <annotation>
        <mention id="EHOST_Instance_306" />
        <annotator id="eHOST_2010">Alyssa</annotator>
        <span start="3274" end="3276" />
        <spannedText>no</spannedText>
        <creationDate>Wed Jan 12 12:31:52 CET 2022</creationDate>
    </annotation>
    <classMention id="EHOST_Instance_306">
        <mentionClass id="NegCue">no</mentionClass>
    </classMention>
    <annotation>
        <mention id="EHOST_Instance_307" />
        <annotator id="eHOST_2010">Alyssa</annotator>
        <span start="3934" end="3959" />
        <spannedText>Naturally occurring mumps</spannedText>
        <creationDate>Wed Jan 12 12:35:34 CET 2022</creationDate>
    </annotation>
    <classMention id="EHOST_Instance_307">
        <mentionClass id="NegCue">Naturally occurring mumps</mentionClass>
    </classMention>
    <annotation>
        <mention id="EHOST_Instance_308" />
        <annotator id="eHOST_2010">Alyssa</annotator>
        <span start="5168" end="5171" />
        <spannedText>not</spannedText>
        <creationDate>Wed Jan 12 12:37:10 CET 2022</creationDate>
    </annotation>
    <classMention id="EHOST_Instance_308">
        <mentionClass id="NegCue">not</mentionClass>
    </classMention>
    <annotation>
        <mention id="EHOST_Instance_309" />
        <annotator id="eHOST_2010">Alyssa</annotator>
        <span start="6755" end="6757" />
        <spannedText>un</spannedText>
        <creationDate>Wed Jan 12 12:38:49 CET 2022</creationDate>
    </annotation>
    <classMention id="EHOST_Instance_309">
        <mentionClass id="NegCue">un</mentionClass>
    </classMention>
    <annotation>
        <mention id="EHOST_Instance_310" />
        <annotator id="eHOST_2010">Alyssa</annotator>
        <span start="7045" end="7047" />
        <spannedText>in</spannedText>
        <creationDate>Wed Jan 12 12:39:04 CET 2022</creationDate>
    </annotation>
    <classMention id="EHOST_Instance_310">
        <mentionClass id="NegCue">in</mentionClass>
    </classMention>
    <annotation>
        <mention id="EHOST_Instance_311" />
        <annotator id="eHOST_2010">Alyssa</annotator>
        <span start="7434" end="7438" />
        <spannedText>less</spannedText>
        <creationDate>Wed Jan 12 12:39:59 CET 2022</creationDate>
    </annotation>
    <classMention id="EHOST_Instance_311">
        <mentionClass id="NegCue">less</mentionClass>
    </classMention>
    <annotation>
        <mention id="EHOST_Instance_312" />
        <annotator id="eHOST_2010">Alyssa</annotator>
        <span start="3427" end="3431" />
        <spannedText>less</spannedText>
        <creationDate>Wed Jan 12 16:03:53 CET 2022</creationDate>
    </annotation>
    <classMention id="EHOST_Instance_312">
        <mentionClass id="NegCue">less</mentionClass>
    </classMention>
    <annotation>
        <mention id="EHOST_Instance_313" />
        <annotator id="eHOST_2010">Alyssa</annotator>
        <span start="4989" end="4992" />
        <spannedText>not</spannedText>
        <creationDate>Wed Jan 12 16:04:37 CET 2022</creationDate>
    </annotation>
    <classMention id="EHOST_Instance_313">
        <mentionClass id="NegCue">not</mentionClass>
    </classMention>
    <annotation>
        <mention id="EHOST_Instance_314" />
        <annotator id="eHOST_2010">Alyssa</annotator>
        <span start="5404" end="5408" />
        <spannedText>less</spannedText>
        <creationDate>Wed Jan 12 16:05:08 CET 2022</creationDate>
    </annotation>
    <classMention id="EHOST_Instance_314">
        <mentionClass id="NegCue">less</mentionClass>
    </classMention>
    <adjudicating>
        <mention id="EHOST_Instance_315" />
        <annotator id="01">Tessel</annotator>
        <span start="416" end="419" />
        <spannedText>not</spannedText>
        <creationDate>Wed Jan 12 18:09:28 CET 2022</creationDate>
        <processed>true</processed>
        <AdjudicationStatus>MATCHES_OK</AdjudicationStatus>
    </adjudicating>
    <classMention id="EHOST_Instance_315">
        <mentionClass id="NegCue">not</mentionClass>
    </classMention>
    <adjudicating>
        <mention id="EHOST_Instance_316" />
        <annotator id="01">Tessel</annotator>
        <span start="1201" end="1204" />
        <spannedText>not</spannedText>
        <creationDate>Wed Jan 12 18:09:47 CET 2022</creationDate>
        <processed>true</processed>
        <AdjudicationStatus>MATCHES_OK</AdjudicationStatus>
    </adjudicating>
    <classMention id="EHOST_Instance_316">
        <mentionClass id="NegCue">not</mentionClass>
    </classMention>
    <adjudicating>
        <mention id="EHOST_Instance_317" />
        <annotator id="01">Tessel</annotator>
        <span start="1287" end="1290" />
        <spannedText>not</spannedText>
        <creationDate>Wed Jan 12 18:10:00 CET 2022</creationDate>
        <processed>true</processed>
        <AdjudicationStatus>MATCHES_OK</AdjudicationStatus>
    </adjudicating>
    <classMention id="EHOST_Instance_317">
        <mentionClass id="NegCue">not</mentionClass>
    </classMention>
    <adjudicating>
        <mention id="EHOST_Instance_318" />
        <annotator id="01">Tessel</annotator>
        <span start="1520" end="1527" />
        <spannedText>without</spannedText>
        <creationDate>Wed Jan 12 18:10:06 CET 2022</creationDate>
        <processed>true</processed>
        <AdjudicationStatus>MATCHES_OK</AdjudicationStatus>
    </adjudicating>
    <classMention id="EHOST_Instance_318">
        <mentionClass id="NegCue">without</mentionClass>
    </classMention>
    <adjudicating>
        <mention id="EHOST_Instance_319" />
        <annotator id="01">Tessel</annotator>
        <span start="1829" end="1832" />
        <spannedText>not</spannedText>
        <creationDate>Wed Jan 12 18:10:15 CET 2022</creationDate>
        <processed>true</processed>
        <AdjudicationStatus>MATCHES_OK</AdjudicationStatus>
    </adjudicating>
    <classMention id="EHOST_Instance_319">
        <mentionClass id="NegCue">not</mentionClass>
    </classMention>
    <adjudicating>
        <mention id="EHOST_Instance_320" />
        <annotator id="01">Tessel</annotator>
        <span start="1910" end="1913" />
        <spannedText>non</spannedText>
        <creationDate>Wed Jan 12 18:10:25 CET 2022</creationDate>
        <processed>true</processed>
        <AdjudicationStatus>MATCHES_OK</AdjudicationStatus>
    </adjudicating>
    <classMention id="EHOST_Instance_320">
        <mentionClass id="NegCue">non</mentionClass>
    </classMention>
    <adjudicating>
        <mention id="EHOST_Instance_321" />
        <annotator id="01">Tessel</annotator>
        <span start="2035" end="2038" />
        <spannedText>non</spannedText>
        <creationDate>Wed Jan 12 18:10:41 CET 2022</creationDate>
        <processed>true</processed>
        <AdjudicationStatus>NON_MATCHES</AdjudicationStatus>
    </adjudicating>
    <classMention id="EHOST_Instance_321">
        <mentionClass id="NegCue">non</mentionClass>
    </classMention>
    <adjudicating>
        <mention id="EHOST_Instance_322" />
        <annotator id="01">Tessel</annotator>
        <span start="2293" end="2296" />
        <spannedText>not</spannedText>
        <creationDate>Wed Jan 12 18:10:54 CET 2022</creationDate>
        <processed>true</processed>
        <AdjudicationStatus>MATCHES_OK</AdjudicationStatus>
    </adjudicating>
    <classMention id="EHOST_Instance_322">
        <mentionClass id="NegCue">not</mentionClass>
    </classMention>
    <adjudicating>
        <mention id="EHOST_Instance_323" />
        <annotator id="01">Tessel</annotator>
        <span start="2646" end="2648" />
        <spannedText>un</spannedText>
        <creationDate>Wed Jan 12 18:11:10 CET 2022</creationDate>
        <processed>true</processed>
        <AdjudicationStatus>MATCHES_OK</AdjudicationStatus>
    </adjudicating>
    <classMention id="EHOST_Instance_323">
        <mentionClass id="NegCue">un</mentionClass>
    </classMention>
    <adjudicating>
        <mention id="EHOST_Instance_324" />
        <annotator id="01">Tessel</annotator>
        <span start="3168" end="3170" />
        <spannedText>no</spannedText>
        <creationDate>Wed Jan 12 18:11:32 CET 2022</creationDate>
        <processed>true</processed>
        <AdjudicationStatus>MATCHES_OK</AdjudicationStatus>
    </adjudicating>
    <classMention id="EHOST_Instance_324">
        <mentionClass id="NegCue">no</mentionClass>
    </classMention>
    <adjudicating>
        <mention id="EHOST_Instance_325" />
        <annotator id="01">Tessel</annotator>
        <span start="3983" end="3986" />
        <spannedText>not</spannedText>
        <creationDate>Wed Jan 12 18:12:25 CET 2022</creationDate>
        <processed>true</processed>
        <AdjudicationStatus>NON_MATCHES</AdjudicationStatus>
    </adjudicating>
    <classMention id="EHOST_Instance_325">
        <mentionClass id="NegCue">not</mentionClass>
    </classMention>
    <adjudicating>
        <mention id="EHOST_Instance_326" />
        <annotator id="01">Tessel</annotator>
        <span start="4989" end="4992" />
        <spannedText>not</spannedText>
        <creationDate>Wed Jan 12 18:13:15 CET 2022</creationDate>
        <processed>true</processed>
        <AdjudicationStatus>MATCHES_OK</AdjudicationStatus>
    </adjudicating>
    <classMention id="EHOST_Instance_326">
        <mentionClass id="NegCue">not</mentionClass>
    </classMention>
    <adjudicating>
        <mention id="EHOST_Instance_327" />
        <annotator id="01">Tessel</annotator>
        <span start="5168" end="5171" />
        <spannedText>not</spannedText>
        <creationDate>Wed Jan 12 18:13:21 CET 2022</creationDate>
        <processed>true</processed>
        <AdjudicationStatus>MATCHES_OK</AdjudicationStatus>
    </adjudicating>
    <classMention id="EHOST_Instance_327">
        <mentionClass id="NegCue">not</mentionClass>
    </classMention>
    <adjudicating>
        <mention id="EHOST_Instance_328" />
        <annotator id="01">Tessel</annotator>
        <span start="6755" end="6757" />
        <spannedText>un</spannedText>
        <creationDate>Wed Jan 12 18:14:10 CET 2022</creationDate>
        <processed>true</processed>
        <AdjudicationStatus>MATCHES_OK</AdjudicationStatus>
    </adjudicating>
    <classMention id="EHOST_Instance_328">
        <mentionClass id="NegCue">un</mentionClass>
    </classMention>
    <adjudicating>
        <mention id="EHOST_Instance_329" />
        <annotator id="eHOST_2010">Alyssa</annotator>
        <span start="416" end="419" />
        <spannedText>not</spannedText>
        <creationDate>Wed Jan 12 12:20:14 CET 2022</creationDate>
        <processed>true</processed>
        <AdjudicationStatus>MATCHES_DLETED</AdjudicationStatus>
    </adjudicating>
    <classMention id="EHOST_Instance_329">
        <mentionClass id="NegCue">not</mentionClass>
    </classMention>
    <adjudicating>
        <mention id="EHOST_Instance_330" />
        <annotator id="eHOST_2010">Alyssa</annotator>
        <span start="792" end="794" />
        <spannedText>un</spannedText>
        <creationDate>Wed Jan 12 12:20:37 CET 2022</creationDate>
        <processed>true</processed>
        <AdjudicationStatus>NON_MATCHES</AdjudicationStatus>
    </adjudicating>
    <classMention id="EHOST_Instance_330">
        <mentionClass id="NegCue">un</mentionClass>
    </classMention>
    <adjudicating>
        <mention id="EHOST_Instance_331" />
        <annotator id="eHOST_2010">Alyssa</annotator>
        <span start="1043" end="1050" />
        <spannedText>failure</spannedText>
        <creationDate>Wed Jan 12 12:20:48 CET 2022</creationDate>
        <processed>true</processed>
        <AdjudicationStatus>NON_MATCHES</AdjudicationStatus>
    </adjudicating>
    <classMention id="EHOST_Instance_331">
        <mentionClass id="NegCue">failure</mentionClass>
    </classMention>
    <adjudicating>
        <mention id="EHOST_Instance_332" />
        <annotator id="eHOST_2010">Alyssa</annotator>
        <span start="1201" end="1204" />
        <spannedText>not</spannedText>
        <creationDate>Wed Jan 12 12:20:54 CET 2022</creationDate>
        <processed>true</processed>
        <AdjudicationStatus>MATCHES_DLETED</AdjudicationStatus>
    </adjudicating>
    <classMention id="EHOST_Instance_332">
        <mentionClass id="NegCue">not</mentionClass>
    </classMention>
    <adjudicating>
        <mention id="EHOST_Instance_333" />
        <annotator id="eHOST_2010">Alyssa</annotator>
        <span start="1287" end="1290" />
        <spannedText>not</spannedText>
        <creationDate>Wed Jan 12 12:21:13 CET 2022</creationDate>
        <processed>true</processed>
        <AdjudicationStatus>MATCHES_DLETED</AdjudicationStatus>
    </adjudicating>
    <classMention id="EHOST_Instance_333">
        <mentionClass id="NegCue">not</mentionClass>
    </classMention>
    <adjudicating>
        <mention id="EHOST_Instance_334" />
        <annotator id="eHOST_2010">Alyssa</annotator>
        <span start="1520" end="1527" />
        <spannedText>without</spannedText>
        <creationDate>Wed Jan 12 12:21:22 CET 2022</creationDate>
        <processed>true</processed>
        <AdjudicationStatus>MATCHES_DLETED</AdjudicationStatus>
    </adjudicating>
    <classMention id="EHOST_Instance_334">
        <mentionClass id="NegCue">without</mentionClass>
    </classMention>
    <adjudicating>
        <mention id="EHOST_Instance_335" />
        <annotator id="eHOST_2010">Alyssa</annotator>
        <span start="1829" end="1832" />
        <spannedText>not</spannedText>
        <creationDate>Wed Jan 12 12:21:35 CET 2022</creationDate>
        <processed>true</processed>
        <AdjudicationStatus>MATCHES_DLETED</AdjudicationStatus>
    </adjudicating>
    <classMention id="EHOST_Instance_335">
        <mentionClass id="NegCue">not</mentionClass>
    </classMention>
    <adjudicating>
        <mention id="EHOST_Instance_336" />
        <annotator id="eHOST_2010">Alyssa</annotator>
        <span start="1910" end="1913" />
        <spannedText>non</spannedText>
        <creationDate>Wed Jan 12 12:21:44 CET 2022</creationDate>
        <processed>true</processed>
        <AdjudicationStatus>MATCHES_DLETED</AdjudicationStatus>
    </adjudicating>
    <classMention id="EHOST_Instance_336">
        <mentionClass id="NegCue">non</mentionClass>
    </classMention>
    <adjudicating>
        <mention id="EHOST_Instance_337" />
        <annotator id="eHOST_2010">Alyssa</annotator>
        <span start="1931" end="2056" />
        <spannedText>The obvious reason is that if the results of such a study demonstrated better health or immunity in the non-vaccinated group</spannedText>
        <creationDate>Wed Jan 12 12:27:27 CET 2022</creationDate>
        <processed>true</processed>
        <AdjudicationStatus>NON_MATCHES</AdjudicationStatus>
    </adjudicating>
    <classMention id="EHOST_Instance_337">
        <mentionClass id="NegCue">The obvious reason is that if the results of such a study demonstrated better health or immunity in the non-vaccinated group</mentionClass>
    </classMention>
    <adjudicating>
        <mention id="EHOST_Instance_338" />
        <annotator id="eHOST_2010">Alyssa</annotator>
        <span start="2075" end="2189" />
        <spannedText>the entire house of cards supporting our present-day, globally coordinated pro-vaccine agenda would fall to pieces</spannedText>
        <creationDate>Wed Jan 12 12:26:37 CET 2022</creationDate>
        <processed>true</processed>
        <AdjudicationStatus>NON_MATCHES</AdjudicationStatus>
    </adjudicating>
    <classMention id="EHOST_Instance_338">
        <mentionClass id="NegCue">the entire house of cards supporting our present-day, globally coordinated pro-vaccine agenda would fall to pieces</mentionClass>
    </classMention>
    <adjudicating>
        <mention id="EHOST_Instance_339" />
        <annotator id="eHOST_2010">Alyssa</annotator>
        <span start="2293" end="2296" />
        <spannedText>not</spannedText>
        <creationDate>Wed Jan 12 12:27:45 CET 2022</creationDate>
        <processed>true</processed>
        <AdjudicationStatus>MATCHES_DLETED</AdjudicationStatus>
    </adjudicating>
    <classMention id="EHOST_Instance_339">
        <mentionClass id="NegCue">not</mentionClass>
    </classMention>
    <adjudicating>
        <mention id="EHOST_Instance_340" />
        <annotator id="eHOST_2010">Alyssa</annotator>
        <span start="2646" end="2648" />
        <spannedText>un</spannedText>
        <creationDate>Wed Jan 12 12:30:48 CET 2022</creationDate>
        <processed>true</processed>
        <AdjudicationStatus>MATCHES_DLETED</AdjudicationStatus>
    </adjudicating>
    <classMention id="EHOST_Instance_340">
        <mentionClass id="NegCue">un</mentionClass>
    </classMention>
    <adjudicating>
        <mention id="EHOST_Instance_341" />
        <annotator id="eHOST_2010">Alyssa</annotator>
        <span start="3168" end="3170" />
        <spannedText>no</spannedText>
        <creationDate>Wed Jan 12 12:31:43 CET 2022</creationDate>
        <processed>true</processed>
        <AdjudicationStatus>MATCHES_DLETED</AdjudicationStatus>
    </adjudicating>
    <classMention id="EHOST_Instance_341">
        <mentionClass id="NegCue">no</mentionClass>
    </classMention>
    <adjudicating>
        <mention id="EHOST_Instance_342" />
        <annotator id="eHOST_2010">Alyssa</annotator>
        <span start="3274" end="3276" />
        <spannedText>no</spannedText>
        <creationDate>Wed Jan 12 12:31:52 CET 2022</creationDate>
        <processed>true</processed>
        <AdjudicationStatus>NON_MATCHES</AdjudicationStatus>
    </adjudicating>
    <classMention id="EHOST_Instance_342">
        <mentionClass id="NegCue">no</mentionClass>
    </classMention>
    <adjudicating>
        <mention id="EHOST_Instance_343" />
        <annotator id="eHOST_2010">Alyssa</annotator>
        <span start="3934" end="3959" />
        <spannedText>Naturally occurring mumps</spannedText>
        <creationDate>Wed Jan 12 12:35:34 CET 2022</creationDate>
        <processed>true</processed>
        <AdjudicationStatus>NON_MATCHES</AdjudicationStatus>
    </adjudicating>
    <classMention id="EHOST_Instance_343">
        <mentionClass id="NegCue">Naturally occurring mumps</mentionClass>
    </classMention>
    <adjudicating>
        <mention id="EHOST_Instance_344" />
        <annotator id="eHOST_2010">Alyssa</annotator>
        <span start="5168" end="5171" />
        <spannedText>not</spannedText>
        <creationDate>Wed Jan 12 12:37:10 CET 2022</creationDate>
        <processed>true</processed>
        <AdjudicationStatus>MATCHES_DLETED</AdjudicationStatus>
    </adjudicating>
    <classMention id="EHOST_Instance_344">
        <mentionClass id="NegCue">not</mentionClass>
    </classMention>
    <adjudicating>
        <mention id="EHOST_Instance_345" />
        <annotator id="eHOST_2010">Alyssa</annotator>
        <span start="6755" end="6757" />
        <spannedText>un</spannedText>
        <creationDate>Wed Jan 12 12:38:49 CET 2022</creationDate>
        <processed>true</processed>
        <AdjudicationStatus>MATCHES_DLETED</AdjudicationStatus>
    </adjudicating>
    <classMention id="EHOST_Instance_345">
        <mentionClass id="NegCue">un</mentionClass>
    </classMention>
    <adjudicating>
        <mention id="EHOST_Instance_346" />
        <annotator id="eHOST_2010">Alyssa</annotator>
        <span start="7045" end="7047" />
        <spannedText>in</spannedText>
        <creationDate>Wed Jan 12 12:39:04 CET 2022</creationDate>
        <processed>true</processed>
        <AdjudicationStatus>NON_MATCHES</AdjudicationStatus>
    </adjudicating>
    <classMention id="EHOST_Instance_346">
        <mentionClass id="NegCue">in</mentionClass>
    </classMention>
    <adjudicating>
        <mention id="EHOST_Instance_347" />
        <annotator id="eHOST_2010">Alyssa</annotator>
        <span start="7434" end="7438" />
        <spannedText>less</spannedText>
        <creationDate>Wed Jan 12 12:39:59 CET 2022</creationDate>
        <processed>true</processed>
        <AdjudicationStatus>NON_MATCHES</AdjudicationStatus>
    </adjudicating>
    <classMention id="EHOST_Instance_347">
        <mentionClass id="NegCue">less</mentionClass>
    </classMention>
    <adjudicating>
        <mention id="EHOST_Instance_348" />
        <annotator id="eHOST_2010">Alyssa</annotator>
        <span start="3427" end="3431" />
        <spannedText>less</spannedText>
        <creationDate>Wed Jan 12 16:03:53 CET 2022</creationDate>
        <processed>true</processed>
        <AdjudicationStatus>NON_MATCHES</AdjudicationStatus>
    </adjudicating>
    <classMention id="EHOST_Instance_348">
        <mentionClass id="NegCue">less</mentionClass>
    </classMention>
    <adjudicating>
        <mention id="EHOST_Instance_349" />
        <annotator id="eHOST_2010">Alyssa</annotator>
        <span start="4989" end="4992" />
        <spannedText>not</spannedText>
        <creationDate>Wed Jan 12 16:04:37 CET 2022</creationDate>
        <processed>true</processed>
        <AdjudicationStatus>MATCHES_DLETED</AdjudicationStatus>
    </adjudicating>
    <classMention id="EHOST_Instance_349">
        <mentionClass id="NegCue">not</mentionClass>
    </classMention>
    <adjudicating>
        <mention id="EHOST_Instance_350" />
        <annotator id="eHOST_2010">Alyssa</annotator>
        <span start="5404" end="5408" />
        <spannedText>less</spannedText>
        <creationDate>Wed Jan 12 16:05:08 CET 2022</creationDate>
        <processed>true</processed>
        <AdjudicationStatus>NON_MATCHES</AdjudicationStatus>
    </adjudicating>
    <classMention id="EHOST_Instance_350">
        <mentionClass id="NegCue">less</mentionClass>
    </classMention>
    <eHOST_Adjudication_Status version="1.0">
        <Adjudication_Selected_Annotators version="1.0">
            <Annotator>Tessel</Annotator>
            <Annotator>Alyssa</Annotator>
            <Annotator>ADJUDICATION</Annotator>
        </Adjudication_Selected_Annotators>
        <Adjudication_Selected_Classes version="1.0">
            <Class>NegCue</Class>
        </Adjudication_Selected_Classes>
        <Adjudication_Others>
            <CHECK_OVERLAPPED_SPANS>false</CHECK_OVERLAPPED_SPANS>
            <CHECK_ATTRIBUTES>false</CHECK_ATTRIBUTES>
            <CHECK_RELATIONSHIP>false</CHECK_RELATIONSHIP>
            <CHECK_CLASS>false</CHECK_CLASS>
            <CHECK_COMMENT>false</CHECK_COMMENT>
        </Adjudication_Others>
    </eHOST_Adjudication_Status>
</annotations>

