<?xml version="1.0" encoding="UTF-8"?>
<annotations textSource="HealthyChildren-org_20151012T214316.txt">
    <annotation>
        <mention id="EHOST_Instance_439" />
        <annotator id="01">Tessel</annotator>
        <span start="779" end="782" />
        <spannedText>not</spannedText>
        <creationDate>Wed Jan 12 18:28:44 CET 2022</creationDate>
    </annotation>
    <classMention id="EHOST_Instance_439">
        <mentionClass id="NegCue">not</mentionClass>
    </classMention>
    <annotation>
        <mention id="EHOST_Instance_440" />
        <annotator id="01">Tessel</annotator>
        <span start="991" end="996" />
        <spannedText>never</spannedText>
        <creationDate>Wed Jan 12 18:28:53 CET 2022</creationDate>
    </annotation>
    <classMention id="EHOST_Instance_440">
        <mentionClass id="NegCue">never</mentionClass>
    </classMention>
    <annotation>
        <mention id="EHOST_Instance_441" />
        <annotator id="01">Tessel</annotator>
        <span start="1235" end="1240" />
        <spannedText>never</spannedText>
        <creationDate>Wed Jan 12 18:28:59 CET 2022</creationDate>
    </annotation>
    <classMention id="EHOST_Instance_441">
        <mentionClass id="NegCue">never</mentionClass>
    </classMention>
    <annotation>
        <mention id="EHOST_Instance_442" />
        <annotator id="01">Tessel</annotator>
        <span start="1347" end="1350" />
        <spannedText>not</spannedText>
        <creationDate>Wed Jan 12 18:29:02 CET 2022</creationDate>
    </annotation>
    <classMention id="EHOST_Instance_442">
        <mentionClass id="NegCue">not</mentionClass>
    </classMention>
    <annotation>
        <mention id="EHOST_Instance_443" />
        <annotator id="01">Tessel</annotator>
        <span start="1373" end="1378" />
        <spannedText>never</spannedText>
        <creationDate>Wed Jan 12 18:29:04 CET 2022</creationDate>
    </annotation>
    <classMention id="EHOST_Instance_443">
        <mentionClass id="NegCue">never</mentionClass>
    </classMention>
    <annotation>
        <mention id="EHOST_Instance_444" />
        <annotator id="01">Tessel</annotator>
        <span start="1799" end="1802" />
        <spannedText>not</spannedText>
        <creationDate>Wed Jan 12 18:29:15 CET 2022</creationDate>
    </annotation>
    <classMention id="EHOST_Instance_444">
        <mentionClass id="NegCue">not</mentionClass>
    </classMention>
    <annotation>
        <mention id="EHOST_Instance_445" />
        <annotator id="01">Tessel</annotator>
        <span start="2876" end="2879" />
        <spannedText>not</spannedText>
        <creationDate>Wed Jan 12 18:29:39 CET 2022</creationDate>
    </annotation>
    <classMention id="EHOST_Instance_445">
        <mentionClass id="NegCue">not</mentionClass>
    </classMention>
    <annotation>
        <mention id="EHOST_Instance_446" />
        <annotator id="01">Tessel</annotator>
        <span start="5152" end="5155" />
        <spannedText>not</spannedText>
        <creationDate>Wed Jan 12 18:30:35 CET 2022</creationDate>
    </annotation>
    <classMention id="EHOST_Instance_446">
        <mentionClass id="NegCue">not</mentionClass>
    </classMention>
    <annotation>
        <mention id="EHOST_Instance_447" />
        <annotator id="eHOST_2010">Alyssa</annotator>
        <span start="779" end="782" />
        <spannedText>not</spannedText>
        <creationDate>Wed Jan 12 16:20:53 CET 2022</creationDate>
    </annotation>
    <classMention id="EHOST_Instance_447">
        <mentionClass id="NegCue">not</mentionClass>
    </classMention>
    <annotation>
        <mention id="EHOST_Instance_448" />
        <annotator id="eHOST_2010">Alyssa</annotator>
        <span start="1235" end="1240" />
        <spannedText>never</spannedText>
        <creationDate>Wed Jan 12 16:21:10 CET 2022</creationDate>
    </annotation>
    <classMention id="EHOST_Instance_448">
        <mentionClass id="NegCue">never</mentionClass>
    </classMention>
    <annotation>
        <mention id="EHOST_Instance_449" />
        <annotator id="eHOST_2010">Alyssa</annotator>
        <span start="1347" end="1350" />
        <spannedText>not</spannedText>
        <creationDate>Wed Jan 12 16:21:21 CET 2022</creationDate>
    </annotation>
    <classMention id="EHOST_Instance_449">
        <mentionClass id="NegCue">not</mentionClass>
    </classMention>
    <annotation>
        <mention id="EHOST_Instance_450" />
        <annotator id="eHOST_2010">Alyssa</annotator>
        <span start="1373" end="1378" />
        <spannedText>never</spannedText>
        <creationDate>Wed Jan 12 16:21:24 CET 2022</creationDate>
    </annotation>
    <classMention id="EHOST_Instance_450">
        <mentionClass id="NegCue">never</mentionClass>
    </classMention>
    <annotation>
        <mention id="EHOST_Instance_451" />
        <annotator id="eHOST_2010">Alyssa</annotator>
        <span start="1799" end="1802" />
        <spannedText>not</spannedText>
        <creationDate>Wed Jan 12 16:21:39 CET 2022</creationDate>
    </annotation>
    <classMention id="EHOST_Instance_451">
        <mentionClass id="NegCue">not</mentionClass>
    </classMention>
    <annotation>
        <mention id="EHOST_Instance_452" />
        <annotator id="eHOST_2010">Alyssa</annotator>
        <span start="2219" end="2222" />
        <spannedText>not</spannedText>
        <creationDate>Wed Jan 12 16:22:11 CET 2022</creationDate>
    </annotation>
    <classMention id="EHOST_Instance_452">
        <mentionClass id="NegCue">not</mentionClass>
    </classMention>
    <annotation>
        <mention id="EHOST_Instance_453" />
        <annotator id="eHOST_2010">Alyssa</annotator>
        <span start="2876" end="2879" />
        <spannedText>not</spannedText>
        <creationDate>Wed Jan 12 16:22:27 CET 2022</creationDate>
    </annotation>
    <classMention id="EHOST_Instance_453">
        <mentionClass id="NegCue">not</mentionClass>
    </classMention>
    <annotation>
        <mention id="EHOST_Instance_454" />
        <annotator id="eHOST_2010">Alyssa</annotator>
        <span start="3600" end="3603" />
        <spannedText>not</spannedText>
        <creationDate>Wed Jan 12 16:22:47 CET 2022</creationDate>
    </annotation>
    <classMention id="EHOST_Instance_454">
        <mentionClass id="NegCue">not</mentionClass>
    </classMention>
    <annotation>
        <mention id="EHOST_Instance_455" />
        <annotator id="eHOST_2010">Alyssa</annotator>
        <span start="4596" end="4599" />
        <spannedText>not</spannedText>
        <creationDate>Wed Jan 12 16:23:10 CET 2022</creationDate>
    </annotation>
    <classMention id="EHOST_Instance_455">
        <mentionClass id="NegCue">not</mentionClass>
    </classMention>
    <annotation>
        <mention id="EHOST_Instance_456" />
        <annotator id="eHOST_2010">Alyssa</annotator>
        <span start="5152" end="5155" />
        <spannedText>not</spannedText>
        <creationDate>Wed Jan 12 16:23:27 CET 2022</creationDate>
    </annotation>
    <classMention id="EHOST_Instance_456">
        <mentionClass id="NegCue">not</mentionClass>
    </classMention>
    <adjudicating>
        <mention id="EHOST_Instance_457" />
        <annotator id="01">Tessel</annotator>
        <span start="779" end="782" />
        <spannedText>not</spannedText>
        <creationDate>Wed Jan 12 18:28:44 CET 2022</creationDate>
        <processed>true</processed>
        <AdjudicationStatus>MATCHES_OK</AdjudicationStatus>
    </adjudicating>
    <classMention id="EHOST_Instance_457">
        <mentionClass id="NegCue">not</mentionClass>
    </classMention>
    <adjudicating>
        <mention id="EHOST_Instance_458" />
        <annotator id="01">Tessel</annotator>
        <span start="991" end="996" />
        <spannedText>never</spannedText>
        <creationDate>Wed Jan 12 18:28:53 CET 2022</creationDate>
        <processed>true</processed>
        <AdjudicationStatus>NON_MATCHES</AdjudicationStatus>
    </adjudicating>
    <classMention id="EHOST_Instance_458">
        <mentionClass id="NegCue">never</mentionClass>
    </classMention>
    <adjudicating>
        <mention id="EHOST_Instance_459" />
        <annotator id="01">Tessel</annotator>
        <span start="1235" end="1240" />
        <spannedText>never</spannedText>
        <creationDate>Wed Jan 12 18:28:59 CET 2022</creationDate>
        <processed>true</processed>
        <AdjudicationStatus>MATCHES_OK</AdjudicationStatus>
    </adjudicating>
    <classMention id="EHOST_Instance_459">
        <mentionClass id="NegCue">never</mentionClass>
    </classMention>
    <adjudicating>
        <mention id="EHOST_Instance_460" />
        <annotator id="01">Tessel</annotator>
        <span start="1347" end="1350" />
        <spannedText>not</spannedText>
        <creationDate>Wed Jan 12 18:29:02 CET 2022</creationDate>
        <processed>true</processed>
        <AdjudicationStatus>MATCHES_OK</AdjudicationStatus>
    </adjudicating>
    <classMention id="EHOST_Instance_460">
        <mentionClass id="NegCue">not</mentionClass>
    </classMention>
    <adjudicating>
        <mention id="EHOST_Instance_461" />
        <annotator id="01">Tessel</annotator>
        <span start="1373" end="1378" />
        <spannedText>never</spannedText>
        <creationDate>Wed Jan 12 18:29:04 CET 2022</creationDate>
        <processed>true</processed>
        <AdjudicationStatus>MATCHES_OK</AdjudicationStatus>
    </adjudicating>
    <classMention id="EHOST_Instance_461">
        <mentionClass id="NegCue">never</mentionClass>
    </classMention>
    <adjudicating>
        <mention id="EHOST_Instance_462" />
        <annotator id="01">Tessel</annotator>
        <span start="1799" end="1802" />
        <spannedText>not</spannedText>
        <creationDate>Wed Jan 12 18:29:15 CET 2022</creationDate>
        <processed>true</processed>
        <AdjudicationStatus>MATCHES_OK</AdjudicationStatus>
    </adjudicating>
    <classMention id="EHOST_Instance_462">
        <mentionClass id="NegCue">not</mentionClass>
    </classMention>
    <adjudicating>
        <mention id="EHOST_Instance_463" />
        <annotator id="01">Tessel</annotator>
        <span start="2876" end="2879" />
        <spannedText>not</spannedText>
        <creationDate>Wed Jan 12 18:29:39 CET 2022</creationDate>
        <processed>true</processed>
        <AdjudicationStatus>MATCHES_OK</AdjudicationStatus>
    </adjudicating>
    <classMention id="EHOST_Instance_463">
        <mentionClass id="NegCue">not</mentionClass>
    </classMention>
    <adjudicating>
        <mention id="EHOST_Instance_464" />
        <annotator id="01">Tessel</annotator>
        <span start="5152" end="5155" />
        <spannedText>not</spannedText>
        <creationDate>Wed Jan 12 18:30:35 CET 2022</creationDate>
        <processed>true</processed>
        <AdjudicationStatus>MATCHES_OK</AdjudicationStatus>
    </adjudicating>
    <classMention id="EHOST_Instance_464">
        <mentionClass id="NegCue">not</mentionClass>
    </classMention>
    <adjudicating>
        <mention id="EHOST_Instance_465" />
        <annotator id="eHOST_2010">Alyssa</annotator>
        <span start="779" end="782" />
        <spannedText>not</spannedText>
        <creationDate>Wed Jan 12 16:20:53 CET 2022</creationDate>
        <processed>true</processed>
        <AdjudicationStatus>MATCHES_DLETED</AdjudicationStatus>
    </adjudicating>
    <classMention id="EHOST_Instance_465">
        <mentionClass id="NegCue">not</mentionClass>
    </classMention>
    <adjudicating>
        <mention id="EHOST_Instance_466" />
        <annotator id="eHOST_2010">Alyssa</annotator>
        <span start="1235" end="1240" />
        <spannedText>never</spannedText>
        <creationDate>Wed Jan 12 16:21:10 CET 2022</creationDate>
        <processed>true</processed>
        <AdjudicationStatus>MATCHES_DLETED</AdjudicationStatus>
    </adjudicating>
    <classMention id="EHOST_Instance_466">
        <mentionClass id="NegCue">never</mentionClass>
    </classMention>
    <adjudicating>
        <mention id="EHOST_Instance_467" />
        <annotator id="eHOST_2010">Alyssa</annotator>
        <span start="1347" end="1350" />
        <spannedText>not</spannedText>
        <creationDate>Wed Jan 12 16:21:21 CET 2022</creationDate>
        <processed>true</processed>
        <AdjudicationStatus>MATCHES_DLETED</AdjudicationStatus>
    </adjudicating>
    <classMention id="EHOST_Instance_467">
        <mentionClass id="NegCue">not</mentionClass>
    </classMention>
    <adjudicating>
        <mention id="EHOST_Instance_468" />
        <annotator id="eHOST_2010">Alyssa</annotator>
        <span start="1373" end="1378" />
        <spannedText>never</spannedText>
        <creationDate>Wed Jan 12 16:21:24 CET 2022</creationDate>
        <processed>true</processed>
        <AdjudicationStatus>MATCHES_DLETED</AdjudicationStatus>
    </adjudicating>
    <classMention id="EHOST_Instance_468">
        <mentionClass id="NegCue">never</mentionClass>
    </classMention>
    <adjudicating>
        <mention id="EHOST_Instance_469" />
        <annotator id="eHOST_2010">Alyssa</annotator>
        <span start="1799" end="1802" />
        <spannedText>not</spannedText>
        <creationDate>Wed Jan 12 16:21:39 CET 2022</creationDate>
        <processed>true</processed>
        <AdjudicationStatus>MATCHES_DLETED</AdjudicationStatus>
    </adjudicating>
    <classMention id="EHOST_Instance_469">
        <mentionClass id="NegCue">not</mentionClass>
    </classMention>
    <adjudicating>
        <mention id="EHOST_Instance_470" />
        <annotator id="eHOST_2010">Alyssa</annotator>
        <span start="2219" end="2222" />
        <spannedText>not</spannedText>
        <creationDate>Wed Jan 12 16:22:11 CET 2022</creationDate>
        <processed>true</processed>
        <AdjudicationStatus>NON_MATCHES</AdjudicationStatus>
    </adjudicating>
    <classMention id="EHOST_Instance_470">
        <mentionClass id="NegCue">not</mentionClass>
    </classMention>
    <adjudicating>
        <mention id="EHOST_Instance_471" />
        <annotator id="eHOST_2010">Alyssa</annotator>
        <span start="2876" end="2879" />
        <spannedText>not</spannedText>
        <creationDate>Wed Jan 12 16:22:27 CET 2022</creationDate>
        <processed>true</processed>
        <AdjudicationStatus>MATCHES_DLETED</AdjudicationStatus>
    </adjudicating>
    <classMention id="EHOST_Instance_471">
        <mentionClass id="NegCue">not</mentionClass>
    </classMention>
    <adjudicating>
        <mention id="EHOST_Instance_472" />
        <annotator id="eHOST_2010">Alyssa</annotator>
        <span start="3600" end="3603" />
        <spannedText>not</spannedText>
        <creationDate>Wed Jan 12 16:22:47 CET 2022</creationDate>
        <processed>true</processed>
        <AdjudicationStatus>NON_MATCHES</AdjudicationStatus>
    </adjudicating>
    <classMention id="EHOST_Instance_472">
        <mentionClass id="NegCue">not</mentionClass>
    </classMention>
    <adjudicating>
        <mention id="EHOST_Instance_473" />
        <annotator id="eHOST_2010">Alyssa</annotator>
        <span start="4596" end="4599" />
        <spannedText>not</spannedText>
        <creationDate>Wed Jan 12 16:23:10 CET 2022</creationDate>
        <processed>true</processed>
        <AdjudicationStatus>NON_MATCHES</AdjudicationStatus>
    </adjudicating>
    <classMention id="EHOST_Instance_473">
        <mentionClass id="NegCue">not</mentionClass>
    </classMention>
    <adjudicating>
        <mention id="EHOST_Instance_474" />
        <annotator id="eHOST_2010">Alyssa</annotator>
        <span start="5152" end="5155" />
        <spannedText>not</spannedText>
        <creationDate>Wed Jan 12 16:23:27 CET 2022</creationDate>
        <processed>true</processed>
        <AdjudicationStatus>MATCHES_DLETED</AdjudicationStatus>
    </adjudicating>
    <classMention id="EHOST_Instance_474">
        <mentionClass id="NegCue">not</mentionClass>
    </classMention>
    <eHOST_Adjudication_Status version="1.0">
        <Adjudication_Selected_Annotators version="1.0">
            <Annotator>Tessel</Annotator>
            <Annotator>Alyssa</Annotator>
            <Annotator>ADJUDICATION</Annotator>
        </Adjudication_Selected_Annotators>
        <Adjudication_Selected_Classes version="1.0">
            <Class>NegCue</Class>
        </Adjudication_Selected_Classes>
        <Adjudication_Others>
            <CHECK_OVERLAPPED_SPANS>false</CHECK_OVERLAPPED_SPANS>
            <CHECK_ATTRIBUTES>false</CHECK_ATTRIBUTES>
            <CHECK_RELATIONSHIP>false</CHECK_RELATIONSHIP>
            <CHECK_CLASS>false</CHECK_CLASS>
            <CHECK_COMMENT>false</CHECK_COMMENT>
        </Adjudication_Others>
    </eHOST_Adjudication_Status>
</annotations>

