<?xml version="1.0" encoding="UTF-8"?>
<annotations textSource="health-gov-on-ca_20170109T215856.txt">
    <annotation>
        <mention id="EHOST_Instance_397" />
        <annotator id="01">Tessel</annotator>
        <span start="701" end="704" />
        <spannedText>not</spannedText>
        <creationDate>Wed Jan 12 18:25:36 CET 2022</creationDate>
    </annotation>
    <classMention id="EHOST_Instance_397">
        <mentionClass id="NegCue">not</mentionClass>
    </classMention>
    <annotation>
        <mention id="EHOST_Instance_398" />
        <annotator id="01">Tessel</annotator>
        <span start="798" end="801" />
        <spannedText>not</spannedText>
        <creationDate>Wed Jan 12 18:25:40 CET 2022</creationDate>
    </annotation>
    <classMention id="EHOST_Instance_398">
        <mentionClass id="NegCue">not</mentionClass>
    </classMention>
    <annotation>
        <mention id="EHOST_Instance_399" />
        <annotator id="01">Tessel</annotator>
        <span start="3439" end="3441" />
        <spannedText>no</spannedText>
        <creationDate>Wed Jan 12 18:26:52 CET 2022</creationDate>
    </annotation>
    <classMention id="EHOST_Instance_399">
        <mentionClass id="NegCue">no</mentionClass>
    </classMention>
    <annotation>
        <mention id="EHOST_Instance_400" />
        <annotator id="01">Tessel</annotator>
        <span start="3470" end="3473" />
        <spannedText>not</spannedText>
        <creationDate>Wed Jan 12 18:26:54 CET 2022</creationDate>
    </annotation>
    <classMention id="EHOST_Instance_400">
        <mentionClass id="NegCue">not</mentionClass>
    </classMention>
    <annotation>
        <mention id="EHOST_Instance_401" />
        <annotator id="01">Tessel</annotator>
        <span start="4764" end="4767" />
        <spannedText>not</spannedText>
        <creationDate>Wed Jan 12 18:27:24 CET 2022</creationDate>
    </annotation>
    <classMention id="EHOST_Instance_401">
        <mentionClass id="NegCue">not</mentionClass>
    </classMention>
    <annotation>
        <mention id="EHOST_Instance_402" />
        <annotator id="01">Tessel</annotator>
        <span start="4805" end="4808" />
        <spannedText>not</spannedText>
        <creationDate>Wed Jan 12 18:27:27 CET 2022</creationDate>
    </annotation>
    <classMention id="EHOST_Instance_402">
        <mentionClass id="NegCue">not</mentionClass>
    </classMention>
    <annotation>
        <mention id="EHOST_Instance_403" />
        <annotator id="01">Tessel</annotator>
        <span start="5794" end="5797" />
        <spannedText>not</spannedText>
        <creationDate>Wed Jan 12 18:27:53 CET 2022</creationDate>
    </annotation>
    <classMention id="EHOST_Instance_403">
        <mentionClass id="NegCue">not</mentionClass>
    </classMention>
    <annotation>
        <mention id="EHOST_Instance_404" />
        <annotator id="01">Tessel</annotator>
        <span start="5876" end="5878" />
        <spannedText>no</spannedText>
        <creationDate>Wed Jan 12 18:27:57 CET 2022</creationDate>
    </annotation>
    <classMention id="EHOST_Instance_404">
        <mentionClass id="NegCue">no</mentionClass>
    </classMention>
    <annotation>
        <mention id="EHOST_Instance_405" />
        <annotator id="01">Tessel</annotator>
        <span start="6482" end="6485" />
        <spannedText>not</spannedText>
        <creationDate>Wed Jan 12 18:28:10 CET 2022</creationDate>
    </annotation>
    <classMention id="EHOST_Instance_405">
        <mentionClass id="NegCue">not</mentionClass>
    </classMention>
    <annotation>
        <mention id="EHOST_Instance_406" />
        <annotator id="eHOST_2010">Alyssa</annotator>
        <span start="633" end="637" />
        <spannedText>less</spannedText>
        <creationDate>Wed Jan 12 15:00:18 CET 2022</creationDate>
    </annotation>
    <classMention id="EHOST_Instance_406">
        <mentionClass id="NegCue">less</mentionClass>
    </classMention>
    <annotation>
        <mention id="EHOST_Instance_407" />
        <annotator id="eHOST_2010">Alyssa</annotator>
        <span start="701" end="704" />
        <spannedText>not</spannedText>
        <creationDate>Wed Jan 12 15:00:33 CET 2022</creationDate>
    </annotation>
    <classMention id="EHOST_Instance_407">
        <mentionClass id="NegCue">not</mentionClass>
    </classMention>
    <annotation>
        <mention id="EHOST_Instance_408" />
        <annotator id="eHOST_2010">Alyssa</annotator>
        <span start="798" end="801" />
        <spannedText>not</spannedText>
        <creationDate>Wed Jan 12 15:00:37 CET 2022</creationDate>
    </annotation>
    <classMention id="EHOST_Instance_408">
        <mentionClass id="NegCue">not</mentionClass>
    </classMention>
    <annotation>
        <mention id="EHOST_Instance_409" />
        <annotator id="eHOST_2010">Alyssa</annotator>
        <span start="876" end="885" />
        <spannedText>no longer</spannedText>
        <creationDate>Wed Jan 12 15:01:39 CET 2022</creationDate>
    </annotation>
    <classMention id="EHOST_Instance_409">
        <mentionClass id="NegCue">no longer</mentionClass>
    </classMention>
    <annotation>
        <mention id="EHOST_Instance_410" />
        <annotator id="eHOST_2010">Alyssa</annotator>
        <span start="1688" end="1691" />
        <spannedText>not</spannedText>
        <creationDate>Wed Jan 12 15:03:47 CET 2022</creationDate>
    </annotation>
    <classMention id="EHOST_Instance_410">
        <mentionClass id="NegCue">not</mentionClass>
    </classMention>
    <annotation>
        <mention id="EHOST_Instance_411" />
        <annotator id="eHOST_2010">Alyssa</annotator>
        <span start="3439" end="3441" />
        <spannedText>no</spannedText>
        <creationDate>Wed Jan 12 15:04:50 CET 2022</creationDate>
    </annotation>
    <classMention id="EHOST_Instance_411">
        <mentionClass id="NegCue">no</mentionClass>
    </classMention>
    <annotation>
        <mention id="EHOST_Instance_412" />
        <annotator id="eHOST_2010">Alyssa</annotator>
        <span start="3470" end="3473" />
        <spannedText>not</spannedText>
        <creationDate>Wed Jan 12 15:04:53 CET 2022</creationDate>
    </annotation>
    <classMention id="EHOST_Instance_412">
        <mentionClass id="NegCue">not</mentionClass>
    </classMention>
    <annotation>
        <mention id="EHOST_Instance_413" />
        <annotator id="eHOST_2010">Alyssa</annotator>
        <span start="4764" end="4767" />
        <spannedText>not</spannedText>
        <creationDate>Wed Jan 12 15:05:31 CET 2022</creationDate>
    </annotation>
    <classMention id="EHOST_Instance_413">
        <mentionClass id="NegCue">not</mentionClass>
    </classMention>
    <annotation>
        <mention id="EHOST_Instance_414" />
        <annotator id="eHOST_2010">Alyssa</annotator>
        <span start="4805" end="4808" />
        <spannedText>not</spannedText>
        <creationDate>Wed Jan 12 15:05:34 CET 2022</creationDate>
    </annotation>
    <classMention id="EHOST_Instance_414">
        <mentionClass id="NegCue">not</mentionClass>
    </classMention>
    <annotation>
        <mention id="EHOST_Instance_415" />
        <annotator id="eHOST_2010">Alyssa</annotator>
        <span start="5794" end="5797" />
        <spannedText>not</spannedText>
        <creationDate>Wed Jan 12 15:06:14 CET 2022</creationDate>
    </annotation>
    <classMention id="EHOST_Instance_415">
        <mentionClass id="NegCue">not</mentionClass>
    </classMention>
    <annotation>
        <mention id="EHOST_Instance_416" />
        <annotator id="eHOST_2010">Alyssa</annotator>
        <span start="5876" end="5878" />
        <spannedText>no</spannedText>
        <creationDate>Wed Jan 12 15:06:19 CET 2022</creationDate>
    </annotation>
    <classMention id="EHOST_Instance_416">
        <mentionClass id="NegCue">no</mentionClass>
    </classMention>
    <annotation>
        <mention id="EHOST_Instance_417" />
        <annotator id="eHOST_2010">Alyssa</annotator>
        <span start="6550" end="6553" />
        <spannedText>not</spannedText>
        <creationDate>Wed Jan 12 15:06:40 CET 2022</creationDate>
    </annotation>
    <classMention id="EHOST_Instance_417">
        <mentionClass id="NegCue">not</mentionClass>
    </classMention>
    <adjudicating>
        <mention id="EHOST_Instance_418" />
        <annotator id="01">Tessel</annotator>
        <span start="701" end="704" />
        <spannedText>not</spannedText>
        <creationDate>Wed Jan 12 18:25:36 CET 2022</creationDate>
        <processed>true</processed>
        <AdjudicationStatus>MATCHES_OK</AdjudicationStatus>
    </adjudicating>
    <classMention id="EHOST_Instance_418">
        <mentionClass id="NegCue">not</mentionClass>
    </classMention>
    <adjudicating>
        <mention id="EHOST_Instance_419" />
        <annotator id="01">Tessel</annotator>
        <span start="798" end="801" />
        <spannedText>not</spannedText>
        <creationDate>Wed Jan 12 18:25:40 CET 2022</creationDate>
        <processed>true</processed>
        <AdjudicationStatus>MATCHES_OK</AdjudicationStatus>
    </adjudicating>
    <classMention id="EHOST_Instance_419">
        <mentionClass id="NegCue">not</mentionClass>
    </classMention>
    <adjudicating>
        <mention id="EHOST_Instance_420" />
        <annotator id="01">Tessel</annotator>
        <span start="3439" end="3441" />
        <spannedText>no</spannedText>
        <creationDate>Wed Jan 12 18:26:52 CET 2022</creationDate>
        <processed>true</processed>
        <AdjudicationStatus>MATCHES_OK</AdjudicationStatus>
    </adjudicating>
    <classMention id="EHOST_Instance_420">
        <mentionClass id="NegCue">no</mentionClass>
    </classMention>
    <adjudicating>
        <mention id="EHOST_Instance_421" />
        <annotator id="01">Tessel</annotator>
        <span start="3470" end="3473" />
        <spannedText>not</spannedText>
        <creationDate>Wed Jan 12 18:26:54 CET 2022</creationDate>
        <processed>true</processed>
        <AdjudicationStatus>MATCHES_OK</AdjudicationStatus>
    </adjudicating>
    <classMention id="EHOST_Instance_421">
        <mentionClass id="NegCue">not</mentionClass>
    </classMention>
    <adjudicating>
        <mention id="EHOST_Instance_422" />
        <annotator id="01">Tessel</annotator>
        <span start="4764" end="4767" />
        <spannedText>not</spannedText>
        <creationDate>Wed Jan 12 18:27:24 CET 2022</creationDate>
        <processed>true</processed>
        <AdjudicationStatus>MATCHES_OK</AdjudicationStatus>
    </adjudicating>
    <classMention id="EHOST_Instance_422">
        <mentionClass id="NegCue">not</mentionClass>
    </classMention>
    <adjudicating>
        <mention id="EHOST_Instance_423" />
        <annotator id="01">Tessel</annotator>
        <span start="4805" end="4808" />
        <spannedText>not</spannedText>
        <creationDate>Wed Jan 12 18:27:27 CET 2022</creationDate>
        <processed>true</processed>
        <AdjudicationStatus>MATCHES_OK</AdjudicationStatus>
    </adjudicating>
    <classMention id="EHOST_Instance_423">
        <mentionClass id="NegCue">not</mentionClass>
    </classMention>
    <adjudicating>
        <mention id="EHOST_Instance_424" />
        <annotator id="01">Tessel</annotator>
        <span start="5794" end="5797" />
        <spannedText>not</spannedText>
        <creationDate>Wed Jan 12 18:27:53 CET 2022</creationDate>
        <processed>true</processed>
        <AdjudicationStatus>MATCHES_OK</AdjudicationStatus>
    </adjudicating>
    <classMention id="EHOST_Instance_424">
        <mentionClass id="NegCue">not</mentionClass>
    </classMention>
    <adjudicating>
        <mention id="EHOST_Instance_425" />
        <annotator id="01">Tessel</annotator>
        <span start="5876" end="5878" />
        <spannedText>no</spannedText>
        <creationDate>Wed Jan 12 18:27:57 CET 2022</creationDate>
        <processed>true</processed>
        <AdjudicationStatus>MATCHES_OK</AdjudicationStatus>
    </adjudicating>
    <classMention id="EHOST_Instance_425">
        <mentionClass id="NegCue">no</mentionClass>
    </classMention>
    <adjudicating>
        <mention id="EHOST_Instance_426" />
        <annotator id="01">Tessel</annotator>
        <span start="6482" end="6485" />
        <spannedText>not</spannedText>
        <creationDate>Wed Jan 12 18:28:10 CET 2022</creationDate>
        <processed>true</processed>
        <AdjudicationStatus>NON_MATCHES</AdjudicationStatus>
    </adjudicating>
    <classMention id="EHOST_Instance_426">
        <mentionClass id="NegCue">not</mentionClass>
    </classMention>
    <adjudicating>
        <mention id="EHOST_Instance_427" />
        <annotator id="eHOST_2010">Alyssa</annotator>
        <span start="633" end="637" />
        <spannedText>less</spannedText>
        <creationDate>Wed Jan 12 15:00:18 CET 2022</creationDate>
        <processed>true</processed>
        <AdjudicationStatus>NON_MATCHES</AdjudicationStatus>
    </adjudicating>
    <classMention id="EHOST_Instance_427">
        <mentionClass id="NegCue">less</mentionClass>
    </classMention>
    <adjudicating>
        <mention id="EHOST_Instance_428" />
        <annotator id="eHOST_2010">Alyssa</annotator>
        <span start="701" end="704" />
        <spannedText>not</spannedText>
        <creationDate>Wed Jan 12 15:00:33 CET 2022</creationDate>
        <processed>true</processed>
        <AdjudicationStatus>MATCHES_DLETED</AdjudicationStatus>
    </adjudicating>
    <classMention id="EHOST_Instance_428">
        <mentionClass id="NegCue">not</mentionClass>
    </classMention>
    <adjudicating>
        <mention id="EHOST_Instance_429" />
        <annotator id="eHOST_2010">Alyssa</annotator>
        <span start="798" end="801" />
        <spannedText>not</spannedText>
        <creationDate>Wed Jan 12 15:00:37 CET 2022</creationDate>
        <processed>true</processed>
        <AdjudicationStatus>MATCHES_DLETED</AdjudicationStatus>
    </adjudicating>
    <classMention id="EHOST_Instance_429">
        <mentionClass id="NegCue">not</mentionClass>
    </classMention>
    <adjudicating>
        <mention id="EHOST_Instance_430" />
        <annotator id="eHOST_2010">Alyssa</annotator>
        <span start="876" end="885" />
        <spannedText>no longer</spannedText>
        <creationDate>Wed Jan 12 15:01:39 CET 2022</creationDate>
        <processed>true</processed>
        <AdjudicationStatus>NON_MATCHES</AdjudicationStatus>
    </adjudicating>
    <classMention id="EHOST_Instance_430">
        <mentionClass id="NegCue">no longer</mentionClass>
    </classMention>
    <adjudicating>
        <mention id="EHOST_Instance_431" />
        <annotator id="eHOST_2010">Alyssa</annotator>
        <span start="1688" end="1691" />
        <spannedText>not</spannedText>
        <creationDate>Wed Jan 12 15:03:47 CET 2022</creationDate>
        <processed>true</processed>
        <AdjudicationStatus>NON_MATCHES</AdjudicationStatus>
    </adjudicating>
    <classMention id="EHOST_Instance_431">
        <mentionClass id="NegCue">not</mentionClass>
    </classMention>
    <adjudicating>
        <mention id="EHOST_Instance_432" />
        <annotator id="eHOST_2010">Alyssa</annotator>
        <span start="3439" end="3441" />
        <spannedText>no</spannedText>
        <creationDate>Wed Jan 12 15:04:50 CET 2022</creationDate>
        <processed>true</processed>
        <AdjudicationStatus>MATCHES_DLETED</AdjudicationStatus>
    </adjudicating>
    <classMention id="EHOST_Instance_432">
        <mentionClass id="NegCue">no</mentionClass>
    </classMention>
    <adjudicating>
        <mention id="EHOST_Instance_433" />
        <annotator id="eHOST_2010">Alyssa</annotator>
        <span start="3470" end="3473" />
        <spannedText>not</spannedText>
        <creationDate>Wed Jan 12 15:04:53 CET 2022</creationDate>
        <processed>true</processed>
        <AdjudicationStatus>MATCHES_DLETED</AdjudicationStatus>
    </adjudicating>
    <classMention id="EHOST_Instance_433">
        <mentionClass id="NegCue">not</mentionClass>
    </classMention>
    <adjudicating>
        <mention id="EHOST_Instance_434" />
        <annotator id="eHOST_2010">Alyssa</annotator>
        <span start="4764" end="4767" />
        <spannedText>not</spannedText>
        <creationDate>Wed Jan 12 15:05:31 CET 2022</creationDate>
        <processed>true</processed>
        <AdjudicationStatus>MATCHES_DLETED</AdjudicationStatus>
    </adjudicating>
    <classMention id="EHOST_Instance_434">
        <mentionClass id="NegCue">not</mentionClass>
    </classMention>
    <adjudicating>
        <mention id="EHOST_Instance_435" />
        <annotator id="eHOST_2010">Alyssa</annotator>
        <span start="4805" end="4808" />
        <spannedText>not</spannedText>
        <creationDate>Wed Jan 12 15:05:34 CET 2022</creationDate>
        <processed>true</processed>
        <AdjudicationStatus>MATCHES_DLETED</AdjudicationStatus>
    </adjudicating>
    <classMention id="EHOST_Instance_435">
        <mentionClass id="NegCue">not</mentionClass>
    </classMention>
    <adjudicating>
        <mention id="EHOST_Instance_436" />
        <annotator id="eHOST_2010">Alyssa</annotator>
        <span start="5794" end="5797" />
        <spannedText>not</spannedText>
        <creationDate>Wed Jan 12 15:06:14 CET 2022</creationDate>
        <processed>true</processed>
        <AdjudicationStatus>MATCHES_DLETED</AdjudicationStatus>
    </adjudicating>
    <classMention id="EHOST_Instance_436">
        <mentionClass id="NegCue">not</mentionClass>
    </classMention>
    <adjudicating>
        <mention id="EHOST_Instance_437" />
        <annotator id="eHOST_2010">Alyssa</annotator>
        <span start="5876" end="5878" />
        <spannedText>no</spannedText>
        <creationDate>Wed Jan 12 15:06:19 CET 2022</creationDate>
        <processed>true</processed>
        <AdjudicationStatus>MATCHES_DLETED</AdjudicationStatus>
    </adjudicating>
    <classMention id="EHOST_Instance_437">
        <mentionClass id="NegCue">no</mentionClass>
    </classMention>
    <adjudicating>
        <mention id="EHOST_Instance_438" />
        <annotator id="eHOST_2010">Alyssa</annotator>
        <span start="6550" end="6553" />
        <spannedText>not</spannedText>
        <creationDate>Wed Jan 12 15:06:40 CET 2022</creationDate>
        <processed>true</processed>
        <AdjudicationStatus>NON_MATCHES</AdjudicationStatus>
    </adjudicating>
    <classMention id="EHOST_Instance_438">
        <mentionClass id="NegCue">not</mentionClass>
    </classMention>
    <eHOST_Adjudication_Status version="1.0">
        <Adjudication_Selected_Annotators version="1.0">
            <Annotator>Tessel</Annotator>
            <Annotator>Alyssa</Annotator>
            <Annotator>ADJUDICATION</Annotator>
        </Adjudication_Selected_Annotators>
        <Adjudication_Selected_Classes version="1.0">
            <Class>NegCue</Class>
        </Adjudication_Selected_Classes>
        <Adjudication_Others>
            <CHECK_OVERLAPPED_SPANS>false</CHECK_OVERLAPPED_SPANS>
            <CHECK_ATTRIBUTES>false</CHECK_ATTRIBUTES>
            <CHECK_RELATIONSHIP>false</CHECK_RELATIONSHIP>
            <CHECK_CLASS>false</CHECK_CLASS>
            <CHECK_COMMENT>false</CHECK_COMMENT>
        </Adjudication_Others>
    </eHOST_Adjudication_Status>
</annotations>

