<?xml version="1.0" encoding="UTF-8"?>
<annotations textSource="Heavy-com_20161018T051334.txt">
    <annotation>
        <mention id="EHOST_Instance_475" />
        <annotator id="01">Tessel</annotator>
        <span start="1623" end="1626" />
        <spannedText>not</spannedText>
        <creationDate>Wed Jan 12 18:33:08 CET 2022</creationDate>
    </annotation>
    <classMention id="EHOST_Instance_475">
        <mentionClass id="NegCue">not</mentionClass>
    </classMention>
    <annotation>
        <mention id="EHOST_Instance_476" />
        <annotator id="01">Tessel</annotator>
        <span start="1682" end="1684" />
        <spannedText>un</spannedText>
        <creationDate>Wed Jan 12 18:33:17 CET 2022</creationDate>
    </annotation>
    <classMention id="EHOST_Instance_476">
        <mentionClass id="NegCue">un</mentionClass>
    </classMention>
    <annotation>
        <mention id="EHOST_Instance_477" />
        <annotator id="01">Tessel</annotator>
        <span start="1783" end="1785" />
        <spannedText>no</spannedText>
        <creationDate>Wed Jan 12 18:33:21 CET 2022</creationDate>
    </annotation>
    <classMention id="EHOST_Instance_477">
        <mentionClass id="NegCue">no</mentionClass>
    </classMention>
    <annotation>
        <mention id="EHOST_Instance_478" />
        <annotator id="01">Tessel</annotator>
        <span start="1978" end="1980" />
        <spannedText>un</spannedText>
        <creationDate>Wed Jan 12 18:33:36 CET 2022</creationDate>
    </annotation>
    <classMention id="EHOST_Instance_478">
        <mentionClass id="NegCue">un</mentionClass>
    </classMention>
    <annotation>
        <mention id="EHOST_Instance_479" />
        <annotator id="01">Tessel</annotator>
        <span start="2286" end="2287" />
        <spannedText />
        <creationDate>Wed Jan 12 18:33:48 CET 2022</creationDate>
    </annotation>
    <classMention id="EHOST_Instance_479">
        <mentionClass id="NegCue" />
    </classMention>
    <annotation>
        <mention id="EHOST_Instance_480" />
        <annotator id="01">Tessel</annotator>
        <span start="3431" end="3438" />
        <spannedText>nothing</spannedText>
        <creationDate>Wed Jan 12 18:34:27 CET 2022</creationDate>
    </annotation>
    <classMention id="EHOST_Instance_480">
        <mentionClass id="NegCue">nothing</mentionClass>
    </classMention>
    <annotation>
        <mention id="EHOST_Instance_481" />
        <annotator id="01">Tessel</annotator>
        <span start="3519" end="3522" />
        <spannedText>not</spannedText>
        <creationDate>Wed Jan 12 18:34:31 CET 2022</creationDate>
    </annotation>
    <classMention id="EHOST_Instance_481">
        <mentionClass id="NegCue">not</mentionClass>
    </classMention>
    <annotation>
        <mention id="EHOST_Instance_482" />
        <annotator id="01">Tessel</annotator>
        <span start="3898" end="3900" />
        <spannedText>no</spannedText>
        <creationDate>Wed Jan 12 18:34:43 CET 2022</creationDate>
    </annotation>
    <classMention id="EHOST_Instance_482">
        <mentionClass id="NegCue">no</mentionClass>
    </classMention>
    <annotation>
        <mention id="EHOST_Instance_483" />
        <annotator id="01">Tessel</annotator>
        <span start="4067" end="4070" />
        <spannedText>Non</spannedText>
        <creationDate>Wed Jan 12 18:34:47 CET 2022</creationDate>
    </annotation>
    <classMention id="EHOST_Instance_483">
        <mentionClass id="NegCue">Non</mentionClass>
    </classMention>
    <annotation>
        <mention id="EHOST_Instance_484" />
        <annotator id="01">Tessel</annotator>
        <span start="4809" end="4811" />
        <spannedText>no</spannedText>
        <creationDate>Wed Jan 12 18:35:08 CET 2022</creationDate>
    </annotation>
    <classMention id="EHOST_Instance_484">
        <mentionClass id="NegCue">no</mentionClass>
    </classMention>
    <annotation>
        <mention id="EHOST_Instance_485" />
        <annotator id="01">Tessel</annotator>
        <span start="6322" end="6329" />
        <spannedText>without</spannedText>
        <creationDate>Wed Jan 12 18:35:47 CET 2022</creationDate>
    </annotation>
    <classMention id="EHOST_Instance_485">
        <mentionClass id="NegCue">without</mentionClass>
    </classMention>
    <annotation>
        <mention id="EHOST_Instance_486" />
        <annotator id="01">Tessel</annotator>
        <span start="6762" end="6764" />
        <spannedText>no</spannedText>
        <creationDate>Wed Jan 12 18:36:11 CET 2022</creationDate>
    </annotation>
    <classMention id="EHOST_Instance_486">
        <mentionClass id="NegCue">no</mentionClass>
    </classMention>
    <annotation>
        <mention id="EHOST_Instance_487" />
        <annotator id="01">Tessel</annotator>
        <span start="7157" end="7162" />
        <spannedText>nâ€™t</spannedText>
        <creationDate>Wed Jan 12 18:36:37 CET 2022</creationDate>
    </annotation>
    <classMention id="EHOST_Instance_487">
        <mentionClass id="NegCue">nâ€™t</mentionClass>
    </classMention>
    <annotation>
        <mention id="EHOST_Instance_488" />
        <annotator id="eHOST_2010">Alyssa</annotator>
        <span start="1758" end="1764" />
        <spannedText>nobody</spannedText>
        <creationDate>Wed Jan 12 16:24:56 CET 2022</creationDate>
    </annotation>
    <classMention id="EHOST_Instance_488">
        <mentionClass id="NegCue">nobody</mentionClass>
    </classMention>
    <annotation>
        <mention id="EHOST_Instance_489" />
        <annotator id="eHOST_2010">Alyssa</annotator>
        <span start="1623" end="1626" />
        <spannedText>not</spannedText>
        <creationDate>Wed Jan 12 16:25:04 CET 2022</creationDate>
    </annotation>
    <classMention id="EHOST_Instance_489">
        <mentionClass id="NegCue">not</mentionClass>
    </classMention>
    <annotation>
        <mention id="EHOST_Instance_490" />
        <annotator id="eHOST_2010">Alyssa</annotator>
        <span start="1978" end="1980" />
        <spannedText>un</spannedText>
        <creationDate>Wed Jan 12 16:25:18 CET 2022</creationDate>
    </annotation>
    <classMention id="EHOST_Instance_490">
        <mentionClass id="NegCue">un</mentionClass>
    </classMention>
    <annotation>
        <mention id="EHOST_Instance_491" />
        <annotator id="eHOST_2010">Alyssa</annotator>
        <span start="2284" end="2286" />
        <spannedText>no</spannedText>
        <creationDate>Wed Jan 12 16:25:31 CET 2022</creationDate>
    </annotation>
    <classMention id="EHOST_Instance_491">
        <mentionClass id="NegCue">no</mentionClass>
    </classMention>
    <annotation>
        <mention id="EHOST_Instance_492" />
        <annotator id="eHOST_2010">Alyssa</annotator>
        <span start="3431" end="3438" />
        <spannedText>nothing</spannedText>
        <creationDate>Wed Jan 12 16:26:13 CET 2022</creationDate>
    </annotation>
    <classMention id="EHOST_Instance_492">
        <mentionClass id="NegCue">nothing</mentionClass>
    </classMention>
    <annotation>
        <mention id="EHOST_Instance_493" />
        <annotator id="eHOST_2010">Alyssa</annotator>
        <span start="3519" end="3522" />
        <spannedText>not</spannedText>
        <creationDate>Wed Jan 12 16:26:20 CET 2022</creationDate>
    </annotation>
    <classMention id="EHOST_Instance_493">
        <mentionClass id="NegCue">not</mentionClass>
    </classMention>
    <annotation>
        <mention id="EHOST_Instance_494" />
        <annotator id="eHOST_2010">Alyssa</annotator>
        <span start="3898" end="3900" />
        <spannedText>no</spannedText>
        <creationDate>Wed Jan 12 16:26:33 CET 2022</creationDate>
    </annotation>
    <classMention id="EHOST_Instance_494">
        <mentionClass id="NegCue">no</mentionClass>
    </classMention>
    <annotation>
        <mention id="EHOST_Instance_495" />
        <annotator id="eHOST_2010">Alyssa</annotator>
        <span start="4809" end="4811" />
        <spannedText>no</spannedText>
        <creationDate>Wed Jan 12 16:26:59 CET 2022</creationDate>
    </annotation>
    <classMention id="EHOST_Instance_495">
        <mentionClass id="NegCue">no</mentionClass>
    </classMention>
    <annotation>
        <mention id="EHOST_Instance_496" />
        <annotator id="eHOST_2010">Alyssa</annotator>
        <span start="6762" end="6764" />
        <spannedText>no</spannedText>
        <creationDate>Wed Jan 12 16:29:05 CET 2022</creationDate>
    </annotation>
    <classMention id="EHOST_Instance_496">
        <mentionClass id="NegCue">no</mentionClass>
    </classMention>
    <annotation>
        <mention id="EHOST_Instance_497" />
        <annotator id="eHOST_2010">Alyssa</annotator>
        <span start="7014" end="7019" />
        <spannedText>nâ€™t</spannedText>
        <creationDate>Wed Jan 12 16:29:23 CET 2022</creationDate>
    </annotation>
    <classMention id="EHOST_Instance_497">
        <mentionClass id="NegCue">nâ€™t</mentionClass>
    </classMention>
    <annotation>
        <mention id="EHOST_Instance_498" />
        <annotator id="eHOST_2010">Alyssa</annotator>
        <span start="7157" end="7162" />
        <spannedText>nâ€™t</spannedText>
        <creationDate>Wed Jan 12 16:29:46 CET 2022</creationDate>
    </annotation>
    <classMention id="EHOST_Instance_498">
        <mentionClass id="NegCue">nâ€™t</mentionClass>
    </classMention>
    <adjudicating>
        <mention id="EHOST_Instance_499" />
        <annotator id="01">Tessel</annotator>
        <span start="1623" end="1626" />
        <spannedText>not</spannedText>
        <creationDate>Wed Jan 12 18:33:08 CET 2022</creationDate>
        <processed>true</processed>
        <AdjudicationStatus>MATCHES_OK</AdjudicationStatus>
    </adjudicating>
    <classMention id="EHOST_Instance_499">
        <mentionClass id="NegCue">not</mentionClass>
    </classMention>
    <adjudicating>
        <mention id="EHOST_Instance_500" />
        <annotator id="01">Tessel</annotator>
        <span start="1682" end="1684" />
        <spannedText>un</spannedText>
        <creationDate>Wed Jan 12 18:33:17 CET 2022</creationDate>
        <processed>true</processed>
        <AdjudicationStatus>NON_MATCHES</AdjudicationStatus>
    </adjudicating>
    <classMention id="EHOST_Instance_500">
        <mentionClass id="NegCue">un</mentionClass>
    </classMention>
    <adjudicating>
        <mention id="EHOST_Instance_501" />
        <annotator id="01">Tessel</annotator>
        <span start="1783" end="1785" />
        <spannedText>no</spannedText>
        <creationDate>Wed Jan 12 18:33:21 CET 2022</creationDate>
        <processed>true</processed>
        <AdjudicationStatus>NON_MATCHES</AdjudicationStatus>
    </adjudicating>
    <classMention id="EHOST_Instance_501">
        <mentionClass id="NegCue">no</mentionClass>
    </classMention>
    <adjudicating>
        <mention id="EHOST_Instance_502" />
        <annotator id="01">Tessel</annotator>
        <span start="1978" end="1980" />
        <spannedText>un</spannedText>
        <creationDate>Wed Jan 12 18:33:36 CET 2022</creationDate>
        <processed>true</processed>
        <AdjudicationStatus>MATCHES_OK</AdjudicationStatus>
    </adjudicating>
    <classMention id="EHOST_Instance_502">
        <mentionClass id="NegCue">un</mentionClass>
    </classMention>
    <adjudicating>
        <mention id="EHOST_Instance_503" />
        <annotator id="01">Tessel</annotator>
        <span start="2286" end="2287" />
        <spannedText />
        <creationDate>Wed Jan 12 18:33:48 CET 2022</creationDate>
        <processed>true</processed>
        <AdjudicationStatus>NON_MATCHES</AdjudicationStatus>
    </adjudicating>
    <classMention id="EHOST_Instance_503">
        <mentionClass id="NegCue" />
    </classMention>
    <adjudicating>
        <mention id="EHOST_Instance_504" />
        <annotator id="01">Tessel</annotator>
        <span start="3431" end="3438" />
        <spannedText>nothing</spannedText>
        <creationDate>Wed Jan 12 18:34:27 CET 2022</creationDate>
        <processed>true</processed>
        <AdjudicationStatus>MATCHES_OK</AdjudicationStatus>
    </adjudicating>
    <classMention id="EHOST_Instance_504">
        <mentionClass id="NegCue">nothing</mentionClass>
    </classMention>
    <adjudicating>
        <mention id="EHOST_Instance_505" />
        <annotator id="01">Tessel</annotator>
        <span start="3519" end="3522" />
        <spannedText>not</spannedText>
        <creationDate>Wed Jan 12 18:34:31 CET 2022</creationDate>
        <processed>true</processed>
        <AdjudicationStatus>MATCHES_OK</AdjudicationStatus>
    </adjudicating>
    <classMention id="EHOST_Instance_505">
        <mentionClass id="NegCue">not</mentionClass>
    </classMention>
    <adjudicating>
        <mention id="EHOST_Instance_506" />
        <annotator id="01">Tessel</annotator>
        <span start="3898" end="3900" />
        <spannedText>no</spannedText>
        <creationDate>Wed Jan 12 18:34:43 CET 2022</creationDate>
        <processed>true</processed>
        <AdjudicationStatus>MATCHES_OK</AdjudicationStatus>
    </adjudicating>
    <classMention id="EHOST_Instance_506">
        <mentionClass id="NegCue">no</mentionClass>
    </classMention>
    <adjudicating>
        <mention id="EHOST_Instance_507" />
        <annotator id="01">Tessel</annotator>
        <span start="4067" end="4070" />
        <spannedText>Non</spannedText>
        <creationDate>Wed Jan 12 18:34:47 CET 2022</creationDate>
        <processed>true</processed>
        <AdjudicationStatus>NON_MATCHES</AdjudicationStatus>
    </adjudicating>
    <classMention id="EHOST_Instance_507">
        <mentionClass id="NegCue">Non</mentionClass>
    </classMention>
    <adjudicating>
        <mention id="EHOST_Instance_508" />
        <annotator id="01">Tessel</annotator>
        <span start="4809" end="4811" />
        <spannedText>no</spannedText>
        <creationDate>Wed Jan 12 18:35:08 CET 2022</creationDate>
        <processed>true</processed>
        <AdjudicationStatus>MATCHES_OK</AdjudicationStatus>
    </adjudicating>
    <classMention id="EHOST_Instance_508">
        <mentionClass id="NegCue">no</mentionClass>
    </classMention>
    <adjudicating>
        <mention id="EHOST_Instance_509" />
        <annotator id="01">Tessel</annotator>
        <span start="6322" end="6329" />
        <spannedText>without</spannedText>
        <creationDate>Wed Jan 12 18:35:47 CET 2022</creationDate>
        <processed>true</processed>
        <AdjudicationStatus>NON_MATCHES</AdjudicationStatus>
    </adjudicating>
    <classMention id="EHOST_Instance_509">
        <mentionClass id="NegCue">without</mentionClass>
    </classMention>
    <adjudicating>
        <mention id="EHOST_Instance_510" />
        <annotator id="01">Tessel</annotator>
        <span start="6762" end="6764" />
        <spannedText>no</spannedText>
        <creationDate>Wed Jan 12 18:36:11 CET 2022</creationDate>
        <processed>true</processed>
        <AdjudicationStatus>MATCHES_OK</AdjudicationStatus>
    </adjudicating>
    <classMention id="EHOST_Instance_510">
        <mentionClass id="NegCue">no</mentionClass>
    </classMention>
    <adjudicating>
        <mention id="EHOST_Instance_511" />
        <annotator id="01">Tessel</annotator>
        <span start="7157" end="7162" />
        <spannedText>nâ€™t</spannedText>
        <creationDate>Wed Jan 12 18:36:37 CET 2022</creationDate>
        <processed>true</processed>
        <AdjudicationStatus>MATCHES_OK</AdjudicationStatus>
    </adjudicating>
    <classMention id="EHOST_Instance_511">
        <mentionClass id="NegCue">nâ€™t</mentionClass>
    </classMention>
    <adjudicating>
        <mention id="EHOST_Instance_512" />
        <annotator id="eHOST_2010">Alyssa</annotator>
        <span start="1758" end="1764" />
        <spannedText>nobody</spannedText>
        <creationDate>Wed Jan 12 16:24:56 CET 2022</creationDate>
        <processed>true</processed>
        <AdjudicationStatus>NON_MATCHES</AdjudicationStatus>
    </adjudicating>
    <classMention id="EHOST_Instance_512">
        <mentionClass id="NegCue">nobody</mentionClass>
    </classMention>
    <adjudicating>
        <mention id="EHOST_Instance_513" />
        <annotator id="eHOST_2010">Alyssa</annotator>
        <span start="1623" end="1626" />
        <spannedText>not</spannedText>
        <creationDate>Wed Jan 12 16:25:04 CET 2022</creationDate>
        <processed>true</processed>
        <AdjudicationStatus>MATCHES_DLETED</AdjudicationStatus>
    </adjudicating>
    <classMention id="EHOST_Instance_513">
        <mentionClass id="NegCue">not</mentionClass>
    </classMention>
    <adjudicating>
        <mention id="EHOST_Instance_514" />
        <annotator id="eHOST_2010">Alyssa</annotator>
        <span start="1978" end="1980" />
        <spannedText>un</spannedText>
        <creationDate>Wed Jan 12 16:25:18 CET 2022</creationDate>
        <processed>true</processed>
        <AdjudicationStatus>MATCHES_DLETED</AdjudicationStatus>
    </adjudicating>
    <classMention id="EHOST_Instance_514">
        <mentionClass id="NegCue">un</mentionClass>
    </classMention>
    <adjudicating>
        <mention id="EHOST_Instance_515" />
        <annotator id="eHOST_2010">Alyssa</annotator>
        <span start="2284" end="2286" />
        <spannedText>no</spannedText>
        <creationDate>Wed Jan 12 16:25:31 CET 2022</creationDate>
        <processed>true</processed>
        <AdjudicationStatus>NON_MATCHES</AdjudicationStatus>
    </adjudicating>
    <classMention id="EHOST_Instance_515">
        <mentionClass id="NegCue">no</mentionClass>
    </classMention>
    <adjudicating>
        <mention id="EHOST_Instance_516" />
        <annotator id="eHOST_2010">Alyssa</annotator>
        <span start="3431" end="3438" />
        <spannedText>nothing</spannedText>
        <creationDate>Wed Jan 12 16:26:13 CET 2022</creationDate>
        <processed>true</processed>
        <AdjudicationStatus>MATCHES_DLETED</AdjudicationStatus>
    </adjudicating>
    <classMention id="EHOST_Instance_516">
        <mentionClass id="NegCue">nothing</mentionClass>
    </classMention>
    <adjudicating>
        <mention id="EHOST_Instance_517" />
        <annotator id="eHOST_2010">Alyssa</annotator>
        <span start="3519" end="3522" />
        <spannedText>not</spannedText>
        <creationDate>Wed Jan 12 16:26:20 CET 2022</creationDate>
        <processed>true</processed>
        <AdjudicationStatus>MATCHES_DLETED</AdjudicationStatus>
    </adjudicating>
    <classMention id="EHOST_Instance_517">
        <mentionClass id="NegCue">not</mentionClass>
    </classMention>
    <adjudicating>
        <mention id="EHOST_Instance_518" />
        <annotator id="eHOST_2010">Alyssa</annotator>
        <span start="3898" end="3900" />
        <spannedText>no</spannedText>
        <creationDate>Wed Jan 12 16:26:33 CET 2022</creationDate>
        <processed>true</processed>
        <AdjudicationStatus>MATCHES_DLETED</AdjudicationStatus>
    </adjudicating>
    <classMention id="EHOST_Instance_518">
        <mentionClass id="NegCue">no</mentionClass>
    </classMention>
    <adjudicating>
        <mention id="EHOST_Instance_519" />
        <annotator id="eHOST_2010">Alyssa</annotator>
        <span start="4809" end="4811" />
        <spannedText>no</spannedText>
        <creationDate>Wed Jan 12 16:26:59 CET 2022</creationDate>
        <processed>true</processed>
        <AdjudicationStatus>MATCHES_DLETED</AdjudicationStatus>
    </adjudicating>
    <classMention id="EHOST_Instance_519">
        <mentionClass id="NegCue">no</mentionClass>
    </classMention>
    <adjudicating>
        <mention id="EHOST_Instance_520" />
        <annotator id="eHOST_2010">Alyssa</annotator>
        <span start="6762" end="6764" />
        <spannedText>no</spannedText>
        <creationDate>Wed Jan 12 16:29:05 CET 2022</creationDate>
        <processed>true</processed>
        <AdjudicationStatus>MATCHES_DLETED</AdjudicationStatus>
    </adjudicating>
    <classMention id="EHOST_Instance_520">
        <mentionClass id="NegCue">no</mentionClass>
    </classMention>
    <adjudicating>
        <mention id="EHOST_Instance_521" />
        <annotator id="eHOST_2010">Alyssa</annotator>
        <span start="7014" end="7019" />
        <spannedText>nâ€™t</spannedText>
        <creationDate>Wed Jan 12 16:29:23 CET 2022</creationDate>
        <processed>true</processed>
        <AdjudicationStatus>NON_MATCHES</AdjudicationStatus>
    </adjudicating>
    <classMention id="EHOST_Instance_521">
        <mentionClass id="NegCue">nâ€™t</mentionClass>
    </classMention>
    <adjudicating>
        <mention id="EHOST_Instance_522" />
        <annotator id="eHOST_2010">Alyssa</annotator>
        <span start="7157" end="7162" />
        <spannedText>nâ€™t</spannedText>
        <creationDate>Wed Jan 12 16:29:46 CET 2022</creationDate>
        <processed>true</processed>
        <AdjudicationStatus>MATCHES_DLETED</AdjudicationStatus>
    </adjudicating>
    <classMention id="EHOST_Instance_522">
        <mentionClass id="NegCue">nâ€™t</mentionClass>
    </classMention>
    <eHOST_Adjudication_Status version="1.0">
        <Adjudication_Selected_Annotators version="1.0">
            <Annotator>Tessel</Annotator>
            <Annotator>Alyssa</Annotator>
            <Annotator>ADJUDICATION</Annotator>
        </Adjudication_Selected_Annotators>
        <Adjudication_Selected_Classes version="1.0">
            <Class>NegCue</Class>
        </Adjudication_Selected_Classes>
        <Adjudication_Others>
            <CHECK_OVERLAPPED_SPANS>false</CHECK_OVERLAPPED_SPANS>
            <CHECK_ATTRIBUTES>false</CHECK_ATTRIBUTES>
            <CHECK_RELATIONSHIP>false</CHECK_RELATIONSHIP>
            <CHECK_CLASS>false</CHECK_CLASS>
            <CHECK_COMMENT>false</CHECK_COMMENT>
        </Adjudication_Others>
    </eHOST_Adjudication_Status>
</annotations>

