<?xml version="1.0" encoding="UTF-8"?>
<annotations textSource="fitfortravel-scot-nhs-uk_20160608T202918.txt">
    <annotation>
        <mention id="EHOST_Instance_1" />
        <annotator id="eHOST_2010">Alyssa</annotator>
        <span start="609" end="612" />
        <spannedText>not</spannedText>
        <creationDate>Wed Jan 12 18:12:33 CET 2022</creationDate>
    </annotation>
    <classMention id="EHOST_Instance_1">
        <mentionClass id="NegCue">not</mentionClass>
    </classMention>
    <annotation>
        <mention id="EHOST_Instance_2" />
        <annotator id="eHOST_2010">Alyssa</annotator>
        <span start="1851" end="1855" />
        <spannedText>none</spannedText>
        <creationDate>Wed Jan 12 18:13:27 CET 2022</creationDate>
    </annotation>
    <classMention id="EHOST_Instance_2">
        <mentionClass id="NegCue">none</mentionClass>
    </classMention>
    <annotation>
        <mention id="EHOST_Instance_3" />
        <annotator id="eHOST_2010">Alyssa</annotator>
        <span start="2955" end="2958" />
        <spannedText>not</spannedText>
        <creationDate>Wed Jan 12 18:14:01 CET 2022</creationDate>
    </annotation>
    <classMention id="EHOST_Instance_3">
        <mentionClass id="NegCue">not</mentionClass>
    </classMention>
    <annotation>
        <mention id="EHOST_Instance_4" />
        <annotator id="eHOST_2010">Alyssa</annotator>
        <span start="2989" end="2992" />
        <spannedText>not</spannedText>
        <creationDate>Wed Jan 12 18:14:04 CET 2022</creationDate>
    </annotation>
    <classMention id="EHOST_Instance_4">
        <mentionClass id="NegCue">not</mentionClass>
    </classMention>
    <annotation>
        <mention id="EHOST_Instance_5" />
        <annotator id="eHOST_2010">Alyssa</annotator>
        <span start="3694" end="3696" />
        <spannedText>no</spannedText>
        <creationDate>Wed Jan 12 18:14:23 CET 2022</creationDate>
    </annotation>
    <classMention id="EHOST_Instance_5">
        <mentionClass id="NegCue">no</mentionClass>
    </classMention>
    <annotation>
        <mention id="EHOST_Instance_6" />
        <annotator id="eHOST_2010">Alyssa</annotator>
        <span start="4360" end="4363" />
        <spannedText>not</spannedText>
        <creationDate>Wed Jan 12 18:14:39 CET 2022</creationDate>
    </annotation>
    <classMention id="EHOST_Instance_6">
        <mentionClass id="NegCue">not</mentionClass>
    </classMention>
    <annotation>
        <mention id="EHOST_Instance_7" />
        <annotator id="eHOST_2010">Alyssa</annotator>
        <span start="4754" end="4757" />
        <spannedText>not</spannedText>
        <creationDate>Wed Jan 12 18:14:50 CET 2022</creationDate>
    </annotation>
    <classMention id="EHOST_Instance_7">
        <mentionClass id="NegCue">not</mentionClass>
    </classMention>
    <eHOST_Adjudication_Status version="1.0">
        <Adjudication_Selected_Annotators version="1.0" />
        <Adjudication_Selected_Classes version="1.0" />
        <Adjudication_Others>
            <CHECK_OVERLAPPED_SPANS>false</CHECK_OVERLAPPED_SPANS>
            <CHECK_ATTRIBUTES>false</CHECK_ATTRIBUTES>
            <CHECK_RELATIONSHIP>false</CHECK_RELATIONSHIP>
            <CHECK_CLASS>false</CHECK_CLASS>
            <CHECK_COMMENT>false</CHECK_COMMENT>
        </Adjudication_Others>
    </eHOST_Adjudication_Status>
</annotations>

