<?xml version="1.0" encoding="UTF-8"?>
<annotations textSource="Fox-News_20161029T114432.txt">
    <annotation>
        <mention id="EHOST_Instance_8" />
        <annotator id="eHOST_2010">Alyssa</annotator>
        <span start="335" end="342" />
        <spannedText>without</spannedText>
        <creationDate>Wed Jan 12 18:19:30 CET 2022</creationDate>
    </annotation>
    <classMention id="EHOST_Instance_8">
        <mentionClass id="NegCue">without</mentionClass>
    </classMention>
    <annotation>
        <mention id="EHOST_Instance_9" />
        <annotator id="eHOST_2010">Alyssa</annotator>
        <span start="448" end="455" />
        <spannedText>without</spannedText>
        <creationDate>Wed Jan 12 18:19:46 CET 2022</creationDate>
    </annotation>
    <classMention id="EHOST_Instance_9">
        <mentionClass id="NegCue">without</mentionClass>
    </classMention>
    <annotation>
        <mention id="EHOST_Instance_10" />
        <annotator id="eHOST_2010">Alyssa</annotator>
        <span start="761" end="764" />
        <spannedText>not</spannedText>
        <creationDate>Wed Jan 12 18:19:55 CET 2022</creationDate>
    </annotation>
    <classMention id="EHOST_Instance_10">
        <mentionClass id="NegCue">not</mentionClass>
    </classMention>
    <annotation>
        <mention id="EHOST_Instance_11" />
        <annotator id="eHOST_2010">Alyssa</annotator>
        <span start="1229" end="1232" />
        <spannedText>not</spannedText>
        <creationDate>Wed Jan 12 18:20:09 CET 2022</creationDate>
    </annotation>
    <classMention id="EHOST_Instance_11">
        <mentionClass id="NegCue">not</mentionClass>
    </classMention>
    <annotation>
        <mention id="EHOST_Instance_12" />
        <annotator id="eHOST_2010">Alyssa</annotator>
        <span start="1570" end="1575" />
        <spannedText>never</spannedText>
        <creationDate>Wed Jan 12 18:20:22 CET 2022</creationDate>
    </annotation>
    <classMention id="EHOST_Instance_12">
        <mentionClass id="NegCue">never</mentionClass>
    </classMention>
    <annotation>
        <mention id="EHOST_Instance_13" />
        <annotator id="eHOST_2010">Alyssa</annotator>
        <span start="1872" end="1875" />
        <spannedText>not</spannedText>
        <creationDate>Wed Jan 12 18:20:31 CET 2022</creationDate>
    </annotation>
    <classMention id="EHOST_Instance_13">
        <mentionClass id="NegCue">not</mentionClass>
    </classMention>
    <annotation>
        <mention id="EHOST_Instance_14" />
        <annotator id="eHOST_2010">Alyssa</annotator>
        <span start="2573" end="2575" />
        <spannedText>no</spannedText>
        <creationDate>Wed Jan 12 18:20:52 CET 2022</creationDate>
    </annotation>
    <classMention id="EHOST_Instance_14">
        <mentionClass id="NegCue">no</mentionClass>
    </classMention>
    <annotation>
        <mention id="EHOST_Instance_15" />
        <annotator id="eHOST_2010">Alyssa</annotator>
        <span start="2637" end="2639" />
        <spannedText>no</spannedText>
        <creationDate>Wed Jan 12 18:20:53 CET 2022</creationDate>
    </annotation>
    <classMention id="EHOST_Instance_15">
        <mentionClass id="NegCue">no</mentionClass>
    </classMention>
    <annotation>
        <mention id="EHOST_Instance_16" />
        <annotator id="eHOST_2010">Alyssa</annotator>
        <span start="3772" end="3775" />
        <spannedText>not</spannedText>
        <creationDate>Wed Jan 12 18:21:51 CET 2022</creationDate>
    </annotation>
    <classMention id="EHOST_Instance_16">
        <mentionClass id="NegCue">not</mentionClass>
    </classMention>
    <annotation>
        <mention id="EHOST_Instance_17" />
        <annotator id="eHOST_2010">Alyssa</annotator>
        <span start="3849" end="3852" />
        <spannedText>not</spannedText>
        <creationDate>Wed Jan 12 18:21:54 CET 2022</creationDate>
    </annotation>
    <classMention id="EHOST_Instance_17">
        <mentionClass id="NegCue">not</mentionClass>
    </classMention>
    <annotation>
        <mention id="EHOST_Instance_18" />
        <annotator id="eHOST_2010">Alyssa</annotator>
        <span start="4006" end="4010" />
        <spannedText>none</spannedText>
        <creationDate>Wed Jan 12 18:22:07 CET 2022</creationDate>
    </annotation>
    <classMention id="EHOST_Instance_18">
        <mentionClass id="NegCue">none</mentionClass>
    </classMention>
    <annotation>
        <mention id="EHOST_Instance_19" />
        <annotator id="eHOST_2010">Alyssa</annotator>
        <span start="4805" end="4810" />
        <spannedText>never</spannedText>
        <creationDate>Wed Jan 12 18:22:35 CET 2022</creationDate>
    </annotation>
    <classMention id="EHOST_Instance_19">
        <mentionClass id="NegCue">never</mentionClass>
    </classMention>
    <annotation>
        <mention id="EHOST_Instance_20" />
        <annotator id="eHOST_2010">Alyssa</annotator>
        <span start="4923" end="4926" />
        <spannedText>not</spannedText>
        <creationDate>Wed Jan 12 18:23:30 CET 2022</creationDate>
    </annotation>
    <classMention id="EHOST_Instance_20">
        <mentionClass id="NegCue">not</mentionClass>
    </classMention>
    <annotation>
        <mention id="EHOST_Instance_21" />
        <annotator id="eHOST_2010">Alyssa</annotator>
        <span start="5646" end="5649" />
        <spannedText>not</spannedText>
        <creationDate>Wed Jan 12 18:23:52 CET 2022</creationDate>
    </annotation>
    <classMention id="EHOST_Instance_21">
        <mentionClass id="NegCue">not</mentionClass>
    </classMention>
    <annotation>
        <mention id="EHOST_Instance_22" />
        <annotator id="eHOST_2010">Alyssa</annotator>
        <span start="5729" end="5734" />
        <spannedText>nâ€™t</spannedText>
        <creationDate>Wed Jan 12 18:24:02 CET 2022</creationDate>
    </annotation>
    <classMention id="EHOST_Instance_22">
        <mentionClass id="NegCue">nâ€™t</mentionClass>
    </classMention>
    <annotation>
        <mention id="EHOST_Instance_23" />
        <annotator id="eHOST_2010">Alyssa</annotator>
        <span start="7646" end="7648" />
        <spannedText>un</spannedText>
        <creationDate>Wed Jan 12 18:26:20 CET 2022</creationDate>
    </annotation>
    <classMention id="EHOST_Instance_23">
        <mentionClass id="NegCue">un</mentionClass>
    </classMention>
    <annotation>
        <mention id="EHOST_Instance_24" />
        <annotator id="eHOST_2010">Alyssa</annotator>
        <span start="7703" end="7705" />
        <spannedText>no</spannedText>
        <creationDate>Wed Jan 12 18:26:29 CET 2022</creationDate>
    </annotation>
    <classMention id="EHOST_Instance_24">
        <mentionClass id="NegCue">no</mentionClass>
    </classMention>
    <annotation>
        <mention id="EHOST_Instance_25" />
        <annotator id="eHOST_2010">Alyssa</annotator>
        <span start="8826" end="8829" />
        <spannedText>not</spannedText>
        <creationDate>Wed Jan 12 18:27:37 CET 2022</creationDate>
    </annotation>
    <classMention id="EHOST_Instance_25">
        <mentionClass id="NegCue">not</mentionClass>
    </classMention>
    <annotation>
        <mention id="EHOST_Instance_26" />
        <annotator id="eHOST_2010">Alyssa</annotator>
        <span start="9121" end="9123" />
        <spannedText>no</spannedText>
        <creationDate>Wed Jan 12 18:27:48 CET 2022</creationDate>
    </annotation>
    <classMention id="EHOST_Instance_26">
        <mentionClass id="NegCue">no</mentionClass>
    </classMention>
    <annotation>
        <mention id="EHOST_Instance_27" />
        <annotator id="eHOST_2010">Alyssa</annotator>
        <span start="10846" end="10849" />
        <spannedText>not</spannedText>
        <creationDate>Wed Jan 12 18:28:47 CET 2022</creationDate>
    </annotation>
    <classMention id="EHOST_Instance_27">
        <mentionClass id="NegCue">not</mentionClass>
    </classMention>
    <annotation>
        <mention id="EHOST_Instance_28" />
        <annotator id="eHOST_2010">Alyssa</annotator>
        <span start="11597" end="11600" />
        <spannedText>not</spannedText>
        <creationDate>Wed Jan 12 18:29:09 CET 2022</creationDate>
    </annotation>
    <classMention id="EHOST_Instance_28">
        <mentionClass id="NegCue">not</mentionClass>
    </classMention>
    <annotation>
        <mention id="EHOST_Instance_29" />
        <annotator id="eHOST_2010">Alyssa</annotator>
        <span start="11858" end="11861" />
        <spannedText>not</spannedText>
        <creationDate>Wed Jan 12 18:29:18 CET 2022</creationDate>
    </annotation>
    <classMention id="EHOST_Instance_29">
        <mentionClass id="NegCue">not</mentionClass>
    </classMention>
    <annotation>
        <mention id="EHOST_Instance_30" />
        <annotator id="eHOST_2010">Alyssa</annotator>
        <span start="12332" end="12339" />
        <spannedText>without</spannedText>
        <creationDate>Wed Jan 12 18:29:53 CET 2022</creationDate>
    </annotation>
    <classMention id="EHOST_Instance_30">
        <mentionClass id="NegCue">without</mentionClass>
    </classMention>
    <annotation>
        <mention id="EHOST_Instance_31" />
        <annotator id="eHOST_2010">Alyssa</annotator>
        <span start="12699" end="12702" />
        <spannedText>not</spannedText>
        <creationDate>Wed Jan 12 18:30:03 CET 2022</creationDate>
    </annotation>
    <classMention id="EHOST_Instance_31">
        <mentionClass id="NegCue">not</mentionClass>
    </classMention>
    <annotation>
        <mention id="EHOST_Instance_32" />
        <annotator id="eHOST_2010">Alyssa</annotator>
        <span start="13423" end="13426" />
        <spannedText>not</spannedText>
        <creationDate>Wed Jan 12 18:30:39 CET 2022</creationDate>
    </annotation>
    <classMention id="EHOST_Instance_32">
        <mentionClass id="NegCue">not</mentionClass>
    </classMention>
    <annotation>
        <mention id="EHOST_Instance_33" />
        <annotator id="eHOST_2010">Alyssa</annotator>
        <span start="13612" end="13617" />
        <spannedText>nâ€™t</spannedText>
        <creationDate>Wed Jan 12 18:30:48 CET 2022</creationDate>
    </annotation>
    <classMention id="EHOST_Instance_33">
        <mentionClass id="NegCue">nâ€™t</mentionClass>
    </classMention>
    <annotation>
        <mention id="EHOST_Instance_34" />
        <annotator id="eHOST_2010">Alyssa</annotator>
        <span start="14145" end="14150" />
        <spannedText>never</spannedText>
        <creationDate>Wed Jan 12 18:31:04 CET 2022</creationDate>
    </annotation>
    <classMention id="EHOST_Instance_34">
        <mentionClass id="NegCue">never</mentionClass>
    </classMention>
    <annotation>
        <mention id="EHOST_Instance_35" />
        <annotator id="eHOST_2010">Alyssa</annotator>
        <span start="14664" end="14667" />
        <spannedText>not</spannedText>
        <creationDate>Wed Jan 12 18:31:23 CET 2022</creationDate>
    </annotation>
    <classMention id="EHOST_Instance_35">
        <mentionClass id="NegCue">not</mentionClass>
    </classMention>
    <annotation>
        <mention id="EHOST_Instance_36" />
        <annotator id="eHOST_2010">Alyssa</annotator>
        <span start="15571" end="15574" />
        <spannedText>not</spannedText>
        <creationDate>Wed Jan 12 18:31:46 CET 2022</creationDate>
    </annotation>
    <classMention id="EHOST_Instance_36">
        <mentionClass id="NegCue">not</mentionClass>
    </classMention>
    <annotation>
        <mention id="EHOST_Instance_37" />
        <annotator id="eHOST_2010">Alyssa</annotator>
        <span start="15840" end="15845" />
        <spannedText>never</spannedText>
        <creationDate>Wed Jan 12 18:31:54 CET 2022</creationDate>
    </annotation>
    <classMention id="EHOST_Instance_37">
        <mentionClass id="NegCue">never</mentionClass>
    </classMention>
    <eHOST_Adjudication_Status version="1.0">
        <Adjudication_Selected_Annotators version="1.0" />
        <Adjudication_Selected_Classes version="1.0" />
        <Adjudication_Others>
            <CHECK_OVERLAPPED_SPANS>false</CHECK_OVERLAPPED_SPANS>
            <CHECK_ATTRIBUTES>false</CHECK_ATTRIBUTES>
            <CHECK_RELATIONSHIP>false</CHECK_RELATIONSHIP>
            <CHECK_CLASS>false</CHECK_CLASS>
            <CHECK_COMMENT>false</CHECK_COMMENT>
        </Adjudication_Others>
    </eHOST_Adjudication_Status>
</annotations>

