<?xml version="1.0" encoding="UTF-8"?>
<annotations textSource="globalresearch-ca_20170312T001802.txt">
    <annotation>
        <mention id="EHOST_Instance_38" />
        <annotator id="eHOST_2010">Alyssa</annotator>
        <span start="10" end="12" />
        <spannedText>no</spannedText>
        <creationDate>Wed Jan 12 12:00:25 CET 2022</creationDate>
    </annotation>
    <classMention id="EHOST_Instance_38">
        <mentionClass id="NegCue">no</mentionClass>
    </classMention>
    <annotation>
        <mention id="EHOST_Instance_39" />
        <annotator id="eHOST_2010">Alyssa</annotator>
        <span start="284" end="287" />
        <spannedText>not</spannedText>
        <creationDate>Wed Jan 12 12:00:38 CET 2022</creationDate>
    </annotation>
    <classMention id="EHOST_Instance_39">
        <mentionClass id="NegCue">not</mentionClass>
    </classMention>
    <annotation>
        <mention id="EHOST_Instance_40" />
        <annotator id="eHOST_2010">Alyssa</annotator>
        <span start="1305" end="1307" />
        <spannedText>un</spannedText>
        <creationDate>Wed Jan 12 12:03:16 CET 2022</creationDate>
    </annotation>
    <classMention id="EHOST_Instance_40">
        <mentionClass id="NegCue">un</mentionClass>
    </classMention>
    <annotation>
        <mention id="EHOST_Instance_41" />
        <annotator id="eHOST_2010">Alyssa</annotator>
        <span start="1490" end="1492" />
        <spannedText>un</spannedText>
        <creationDate>Wed Jan 12 12:03:56 CET 2022</creationDate>
    </annotation>
    <classMention id="EHOST_Instance_41">
        <mentionClass id="NegCue">un</mentionClass>
    </classMention>
    <annotation>
        <mention id="EHOST_Instance_42" />
        <annotator id="eHOST_2010">Alyssa</annotator>
        <span start="1543" end="1545" />
        <spannedText>un</spannedText>
        <creationDate>Wed Jan 12 12:04:07 CET 2022</creationDate>
    </annotation>
    <classMention id="EHOST_Instance_42">
        <mentionClass id="NegCue">un</mentionClass>
    </classMention>
    <annotation>
        <mention id="EHOST_Instance_43" />
        <annotator id="eHOST_2010">Alyssa</annotator>
        <span start="1676" end="1678" />
        <spannedText>in</spannedText>
        <creationDate>Wed Jan 12 12:05:25 CET 2022</creationDate>
    </annotation>
    <classMention id="EHOST_Instance_43">
        <mentionClass id="NegCue">in</mentionClass>
    </classMention>
    <annotation>
        <mention id="EHOST_Instance_44" />
        <annotator id="eHOST_2010">Alyssa</annotator>
        <span start="1733" end="1735" />
        <spannedText>un</spannedText>
        <creationDate>Wed Jan 12 12:06:00 CET 2022</creationDate>
    </annotation>
    <classMention id="EHOST_Instance_44">
        <mentionClass id="NegCue">un</mentionClass>
    </classMention>
    <annotation>
        <mention id="EHOST_Instance_45" />
        <annotator id="eHOST_2010">Alyssa</annotator>
        <span start="1779" end="1781" />
        <spannedText>un</spannedText>
        <creationDate>Wed Jan 12 12:06:14 CET 2022</creationDate>
    </annotation>
    <classMention id="EHOST_Instance_45">
        <mentionClass id="NegCue">un</mentionClass>
    </classMention>
    <annotation>
        <mention id="EHOST_Instance_46" />
        <annotator id="eHOST_2010">Alyssa</annotator>
        <span start="2265" end="2267" />
        <spannedText>no</spannedText>
        <creationDate>Wed Jan 12 12:07:27 CET 2022</creationDate>
    </annotation>
    <classMention id="EHOST_Instance_46">
        <mentionClass id="NegCue">no</mentionClass>
    </classMention>
    <annotation>
        <mention id="EHOST_Instance_47" />
        <annotator id="eHOST_2010">Alyssa</annotator>
        <span start="2308" end="2313" />
        <spannedText>nâ€™t</spannedText>
        <creationDate>Wed Jan 12 12:07:37 CET 2022</creationDate>
    </annotation>
    <classMention id="EHOST_Instance_47">
        <mentionClass id="NegCue">nâ€™t</mentionClass>
    </classMention>
    <annotation>
        <mention id="EHOST_Instance_48" />
        <annotator id="eHOST_2010">Alyssa</annotator>
        <span start="2357" end="2360" />
        <spannedText>not</spannedText>
        <creationDate>Wed Jan 12 12:07:55 CET 2022</creationDate>
    </annotation>
    <classMention id="EHOST_Instance_48">
        <mentionClass id="NegCue">not</mentionClass>
    </classMention>
    <annotation>
        <mention id="EHOST_Instance_49" />
        <annotator id="eHOST_2010">Alyssa</annotator>
        <span start="2370" end="2372" />
        <spannedText>un</spannedText>
        <creationDate>Wed Jan 12 12:08:19 CET 2022</creationDate>
    </annotation>
    <classMention id="EHOST_Instance_49">
        <mentionClass id="NegCue">un</mentionClass>
    </classMention>
    <annotation>
        <mention id="EHOST_Instance_50" />
        <annotator id="eHOST_2010">Alyssa</annotator>
        <span start="2469" end="2473" />
        <spannedText>less</spannedText>
        <creationDate>Wed Jan 12 12:09:44 CET 2022</creationDate>
    </annotation>
    <classMention id="EHOST_Instance_50">
        <mentionClass id="NegCue">less</mentionClass>
    </classMention>
    <annotation>
        <mention id="EHOST_Instance_51" />
        <annotator id="eHOST_2010">Alyssa</annotator>
        <span start="2566" end="2573" />
        <spannedText>failure</spannedText>
        <creationDate>Wed Jan 12 12:09:49 CET 2022</creationDate>
    </annotation>
    <classMention id="EHOST_Instance_51">
        <mentionClass id="NegCue">failure</mentionClass>
    </classMention>
    <annotation>
        <mention id="EHOST_Instance_52" />
        <annotator id="eHOST_2010">Alyssa</annotator>
        <span start="2750" end="2755" />
        <spannedText>nâ€™t</spannedText>
        <creationDate>Wed Jan 12 12:10:09 CET 2022</creationDate>
    </annotation>
    <classMention id="EHOST_Instance_52">
        <mentionClass id="NegCue">nâ€™t</mentionClass>
    </classMention>
    <annotation>
        <mention id="EHOST_Instance_53" />
        <annotator id="eHOST_2010">Alyssa</annotator>
        <span start="3865" end="3870" />
        <spannedText>nâ€™t</spannedText>
        <creationDate>Wed Jan 12 12:11:44 CET 2022</creationDate>
    </annotation>
    <classMention id="EHOST_Instance_53">
        <mentionClass id="NegCue">nâ€™t</mentionClass>
    </classMention>
    <annotation>
        <mention id="EHOST_Instance_54" />
        <annotator id="eHOST_2010">Alyssa</annotator>
        <span start="4208" end="4211" />
        <spannedText>not</spannedText>
        <creationDate>Wed Jan 12 12:12:04 CET 2022</creationDate>
    </annotation>
    <classMention id="EHOST_Instance_54">
        <mentionClass id="NegCue">not</mentionClass>
    </classMention>
    <annotation>
        <mention id="EHOST_Instance_55" />
        <annotator id="eHOST_2010">Alyssa</annotator>
        <span start="4235" end="4237" />
        <spannedText>in</spannedText>
        <creationDate>Wed Jan 12 12:12:14 CET 2022</creationDate>
    </annotation>
    <classMention id="EHOST_Instance_55">
        <mentionClass id="NegCue">in</mentionClass>
    </classMention>
    <annotation>
        <mention id="EHOST_Instance_56" />
        <annotator id="eHOST_2010">Alyssa</annotator>
        <span start="4249" end="4251" />
        <spannedText>in</spannedText>
        <creationDate>Wed Jan 12 12:12:21 CET 2022</creationDate>
    </annotation>
    <classMention id="EHOST_Instance_56">
        <mentionClass id="NegCue">in</mentionClass>
    </classMention>
    <annotation>
        <mention id="EHOST_Instance_57" />
        <annotator id="eHOST_2010">Alyssa</annotator>
        <span start="4452" end="4455" />
        <spannedText>not</spannedText>
        <creationDate>Wed Jan 12 12:12:30 CET 2022</creationDate>
    </annotation>
    <classMention id="EHOST_Instance_57">
        <mentionClass id="NegCue">not</mentionClass>
    </classMention>
    <annotation>
        <mention id="EHOST_Instance_58" />
        <annotator id="eHOST_2010">Alyssa</annotator>
        <span start="4741" end="4744" />
        <spannedText>not</spannedText>
        <creationDate>Wed Jan 12 12:12:40 CET 2022</creationDate>
    </annotation>
    <classMention id="EHOST_Instance_58">
        <mentionClass id="NegCue">not</mentionClass>
    </classMention>
    <annotation>
        <mention id="EHOST_Instance_59" />
        <annotator id="eHOST_2010">Alyssa</annotator>
        <span start="5023" end="5030" />
        <spannedText>without</spannedText>
        <creationDate>Wed Jan 12 12:12:55 CET 2022</creationDate>
    </annotation>
    <classMention id="EHOST_Instance_59">
        <mentionClass id="NegCue">without</mentionClass>
    </classMention>
    <annotation>
        <mention id="EHOST_Instance_60" />
        <annotator id="eHOST_2010">Alyssa</annotator>
        <span start="1907" end="1936" />
        <spannedText>A failure of theÂ MMR vaccine</spannedText>
        <creationDate>Wed Jan 12 15:59:54 CET 2022</creationDate>
    </annotation>
    <classMention id="EHOST_Instance_60">
        <mentionClass id="NegCue">A failure of theÂ MMR vaccine</mentionClass>
    </classMention>
    <annotation>
        <mention id="EHOST_Instance_61" />
        <annotator id="eHOST_2010">Alyssa</annotator>
        <span start="1949" end="2006" />
        <spannedText>which you will never hear about from the prostitute press</spannedText>
        <creationDate>Wed Jan 12 15:59:59 CET 2022</creationDate>
    </annotation>
    <classMention id="EHOST_Instance_61">
        <mentionClass id="NegCue">which you will never hear about from the prostitute press</mentionClass>
    </classMention>
    <annotation>
        <mention id="EHOST_Instance_62" />
        <annotator id="eHOST_2010">Alyssa</annotator>
        <span start="2018" end="2020" />
        <spannedText>no</spannedText>
        <creationDate>Wed Jan 12 16:00:05 CET 2022</creationDate>
    </annotation>
    <classMention id="EHOST_Instance_62">
        <mentionClass id="NegCue">no</mentionClass>
    </classMention>
    <eHOST_Adjudication_Status version="1.0">
        <Adjudication_Selected_Annotators version="1.0" />
        <Adjudication_Selected_Classes version="1.0" />
        <Adjudication_Others>
            <CHECK_OVERLAPPED_SPANS>false</CHECK_OVERLAPPED_SPANS>
            <CHECK_ATTRIBUTES>false</CHECK_ATTRIBUTES>
            <CHECK_RELATIONSHIP>false</CHECK_RELATIONSHIP>
            <CHECK_CLASS>false</CHECK_CLASS>
            <CHECK_COMMENT>false</CHECK_COMMENT>
        </Adjudication_Others>
    </eHOST_Adjudication_Status>
</annotations>

