<?xml version="1.0" encoding="UTF-8"?>
<annotations textSource="greenmedinfo-com_20170703T045312.txt">
    <annotation>
        <mention id="EHOST_Instance_98" />
        <annotator id="eHOST_2010">Alyssa</annotator>
        <span start="1715" end="1718" />
        <spannedText>non</spannedText>
        <creationDate>Wed Jan 12 14:52:21 CET 2022</creationDate>
    </annotation>
    <classMention id="EHOST_Instance_98">
        <mentionClass id="NegCue">non</mentionClass>
    </classMention>
    <annotation>
        <mention id="EHOST_Instance_99" />
        <annotator id="eHOST_2010">Alyssa</annotator>
        <span start="1806" end="1809" />
        <spannedText>not</spannedText>
        <creationDate>Wed Jan 12 14:52:29 CET 2022</creationDate>
    </annotation>
    <classMention id="EHOST_Instance_99">
        <mentionClass id="NegCue">not</mentionClass>
    </classMention>
    <annotation>
        <mention id="EHOST_Instance_100" />
        <annotator id="eHOST_2010">Alyssa</annotator>
        <span start="1841" end="2029" />
        <spannedText>Since vaccine strain measles has almost entirely supplanted wild-type, communally acquired measles, it is statistically unlikely that PCR tests will reveal the media's hysterical storyline</spannedText>
        <creationDate>Wed Jan 12 14:53:21 CET 2022</creationDate>
    </annotation>
    <classMention id="EHOST_Instance_100">
        <mentionClass id="NegCue">Since vaccine strain measles has almost entirely supplanted wild-type, communally acquired measles, it is statistically unlikely that PCR tests will reveal the media's hysterical storyline</mentionClass>
    </classMention>
    <annotation>
        <mention id="EHOST_Instance_101" />
        <annotator id="eHOST_2010">Alyssa</annotator>
        <span start="2087" end="2098" />
        <spannedText>to be true</spannedText>
        <creationDate>Wed Jan 12 14:53:25 CET 2022</creationDate>
    </annotation>
    <classMention id="EHOST_Instance_101">
        <mentionClass id="NegCue">to be true</mentionClass>
    </classMention>
    <annotation>
        <mention id="EHOST_Instance_102" />
        <annotator id="eHOST_2010">Alyssa</annotator>
        <span start="2154" end="2159" />
        <spannedText>never</spannedText>
        <creationDate>Wed Jan 12 14:53:38 CET 2022</creationDate>
    </annotation>
    <classMention id="EHOST_Instance_102">
        <mentionClass id="NegCue">never</mentionClass>
    </classMention>
    <annotation>
        <mention id="EHOST_Instance_103" />
        <annotator id="eHOST_2010">Alyssa</annotator>
        <span start="5184" end="5186" />
        <spannedText>un</spannedText>
        <creationDate>Wed Jan 12 14:55:53 CET 2022</creationDate>
    </annotation>
    <classMention id="EHOST_Instance_103">
        <mentionClass id="NegCue">un</mentionClass>
    </classMention>
    <annotation>
        <mention id="EHOST_Instance_104" />
        <annotator id="eHOST_2010">Alyssa</annotator>
        <span start="5415" end="5417" />
        <spannedText>un</spannedText>
        <creationDate>Wed Jan 12 14:56:36 CET 2022</creationDate>
    </annotation>
    <classMention id="EHOST_Instance_104">
        <mentionClass id="NegCue">un</mentionClass>
    </classMention>
    <annotation>
        <mention id="EHOST_Instance_105" />
        <annotator id="eHOST_2010">Alyssa</annotator>
        <span start="6181" end="6183" />
        <spannedText>un</spannedText>
        <creationDate>Wed Jan 12 14:57:13 CET 2022</creationDate>
    </annotation>
    <classMention id="EHOST_Instance_105">
        <mentionClass id="NegCue">un</mentionClass>
    </classMention>
    <annotation>
        <mention id="EHOST_Instance_106" />
        <annotator id="eHOST_2010">Alyssa</annotator>
        <span start="6248" end="6251" />
        <spannedText>non</spannedText>
        <creationDate>Wed Jan 12 14:57:17 CET 2022</creationDate>
    </annotation>
    <classMention id="EHOST_Instance_106">
        <mentionClass id="NegCue">non</mentionClass>
    </classMention>
    <annotation>
        <mention id="EHOST_Instance_107" />
        <annotator id="eHOST_2010">Alyssa</annotator>
        <span start="6356" end="6361" />
        <spannedText>never</spannedText>
        <creationDate>Wed Jan 12 14:57:29 CET 2022</creationDate>
    </annotation>
    <classMention id="EHOST_Instance_107">
        <mentionClass id="NegCue">never</mentionClass>
    </classMention>
    <annotation>
        <mention id="EHOST_Instance_108" />
        <annotator id="eHOST_2010">Alyssa</annotator>
        <span start="6691" end="6698" />
        <spannedText>failure</spannedText>
        <creationDate>Wed Jan 12 14:57:59 CET 2022</creationDate>
    </annotation>
    <classMention id="EHOST_Instance_108">
        <mentionClass id="NegCue">failure</mentionClass>
    </classMention>
    <annotation>
        <mention id="EHOST_Instance_109" />
        <annotator id="eHOST_2010">Alyssa</annotator>
        <span start="7767" end="7774" />
        <spannedText>Failure</spannedText>
        <creationDate>Wed Jan 12 14:58:42 CET 2022</creationDate>
    </annotation>
    <classMention id="EHOST_Instance_109">
        <mentionClass id="NegCue">Failure</mentionClass>
    </classMention>
    <annotation>
        <mention id="EHOST_Instance_110" />
        <annotator id="eHOST_2010">Alyssa</annotator>
        <span start="7937" end="7939" />
        <spannedText>in</spannedText>
        <creationDate>Wed Jan 12 14:58:55 CET 2022</creationDate>
    </annotation>
    <classMention id="EHOST_Instance_110">
        <mentionClass id="NegCue">in</mentionClass>
    </classMention>
    <annotation>
        <mention id="EHOST_Instance_111" />
        <annotator id="eHOST_2010">Alyssa</annotator>
        <span start="8085" end="8088" />
        <spannedText>non</spannedText>
        <creationDate>Wed Jan 12 14:59:07 CET 2022</creationDate>
    </annotation>
    <classMention id="EHOST_Instance_111">
        <mentionClass id="NegCue">non</mentionClass>
    </classMention>
    <eHOST_Adjudication_Status version="1.0">
        <Adjudication_Selected_Annotators version="1.0" />
        <Adjudication_Selected_Classes version="1.0" />
        <Adjudication_Others>
            <CHECK_OVERLAPPED_SPANS>false</CHECK_OVERLAPPED_SPANS>
            <CHECK_ATTRIBUTES>false</CHECK_ATTRIBUTES>
            <CHECK_RELATIONSHIP>false</CHECK_RELATIONSHIP>
            <CHECK_CLASS>false</CHECK_CLASS>
            <CHECK_COMMENT>false</CHECK_COMMENT>
        </Adjudication_Others>
    </eHOST_Adjudication_Status>
</annotations>

