<?xml version="1.0" encoding="UTF-8"?>
<annotations textSource="greenmedinfo-com_20170702T213636.txt">
    <annotation>
        <mention id="EHOST_Instance_76" />
        <annotator id="eHOST_2010">Alyssa</annotator>
        <span start="416" end="419" />
        <spannedText>not</spannedText>
        <creationDate>Wed Jan 12 12:20:14 CET 2022</creationDate>
    </annotation>
    <classMention id="EHOST_Instance_76">
        <mentionClass id="NegCue">not</mentionClass>
    </classMention>
    <annotation>
        <mention id="EHOST_Instance_77" />
        <annotator id="eHOST_2010">Alyssa</annotator>
        <span start="792" end="794" />
        <spannedText>un</spannedText>
        <creationDate>Wed Jan 12 12:20:37 CET 2022</creationDate>
    </annotation>
    <classMention id="EHOST_Instance_77">
        <mentionClass id="NegCue">un</mentionClass>
    </classMention>
    <annotation>
        <mention id="EHOST_Instance_78" />
        <annotator id="eHOST_2010">Alyssa</annotator>
        <span start="1043" end="1050" />
        <spannedText>failure</spannedText>
        <creationDate>Wed Jan 12 12:20:48 CET 2022</creationDate>
    </annotation>
    <classMention id="EHOST_Instance_78">
        <mentionClass id="NegCue">failure</mentionClass>
    </classMention>
    <annotation>
        <mention id="EHOST_Instance_79" />
        <annotator id="eHOST_2010">Alyssa</annotator>
        <span start="1201" end="1204" />
        <spannedText>not</spannedText>
        <creationDate>Wed Jan 12 12:20:54 CET 2022</creationDate>
    </annotation>
    <classMention id="EHOST_Instance_79">
        <mentionClass id="NegCue">not</mentionClass>
    </classMention>
    <annotation>
        <mention id="EHOST_Instance_80" />
        <annotator id="eHOST_2010">Alyssa</annotator>
        <span start="1287" end="1290" />
        <spannedText>not</spannedText>
        <creationDate>Wed Jan 12 12:21:13 CET 2022</creationDate>
    </annotation>
    <classMention id="EHOST_Instance_80">
        <mentionClass id="NegCue">not</mentionClass>
    </classMention>
    <annotation>
        <mention id="EHOST_Instance_81" />
        <annotator id="eHOST_2010">Alyssa</annotator>
        <span start="1520" end="1527" />
        <spannedText>without</spannedText>
        <creationDate>Wed Jan 12 12:21:22 CET 2022</creationDate>
    </annotation>
    <classMention id="EHOST_Instance_81">
        <mentionClass id="NegCue">without</mentionClass>
    </classMention>
    <annotation>
        <mention id="EHOST_Instance_82" />
        <annotator id="eHOST_2010">Alyssa</annotator>
        <span start="1829" end="1832" />
        <spannedText>not</spannedText>
        <creationDate>Wed Jan 12 12:21:35 CET 2022</creationDate>
    </annotation>
    <classMention id="EHOST_Instance_82">
        <mentionClass id="NegCue">not</mentionClass>
    </classMention>
    <annotation>
        <mention id="EHOST_Instance_83" />
        <annotator id="eHOST_2010">Alyssa</annotator>
        <span start="1910" end="1913" />
        <spannedText>non</spannedText>
        <creationDate>Wed Jan 12 12:21:44 CET 2022</creationDate>
    </annotation>
    <classMention id="EHOST_Instance_83">
        <mentionClass id="NegCue">non</mentionClass>
    </classMention>
    <annotation>
        <mention id="EHOST_Instance_84" />
        <annotator id="eHOST_2010">Alyssa</annotator>
        <span start="1931" end="2056" />
        <spannedText>The obvious reason is that if the results of such a study demonstrated better health or immunity in the non-vaccinated group</spannedText>
        <creationDate>Wed Jan 12 12:27:27 CET 2022</creationDate>
    </annotation>
    <classMention id="EHOST_Instance_84">
        <mentionClass id="NegCue">The obvious reason is that if the results of such a study demonstrated better health or immunity in the non-vaccinated group</mentionClass>
    </classMention>
    <annotation>
        <mention id="EHOST_Instance_85" />
        <annotator id="eHOST_2010">Alyssa</annotator>
        <span start="2075" end="2189" />
        <spannedText>the entire house of cards supporting our present-day, globally coordinated pro-vaccine agenda would fall to pieces</spannedText>
        <creationDate>Wed Jan 12 12:26:37 CET 2022</creationDate>
    </annotation>
    <classMention id="EHOST_Instance_85">
        <mentionClass id="NegCue">the entire house of cards supporting our present-day, globally coordinated pro-vaccine agenda would fall to pieces</mentionClass>
    </classMention>
    <annotation>
        <mention id="EHOST_Instance_86" />
        <annotator id="eHOST_2010">Alyssa</annotator>
        <span start="2293" end="2296" />
        <spannedText>not</spannedText>
        <creationDate>Wed Jan 12 12:27:45 CET 2022</creationDate>
    </annotation>
    <classMention id="EHOST_Instance_86">
        <mentionClass id="NegCue">not</mentionClass>
    </classMention>
    <annotation>
        <mention id="EHOST_Instance_87" />
        <annotator id="eHOST_2010">Alyssa</annotator>
        <span start="2646" end="2648" />
        <spannedText>un</spannedText>
        <creationDate>Wed Jan 12 12:30:48 CET 2022</creationDate>
    </annotation>
    <classMention id="EHOST_Instance_87">
        <mentionClass id="NegCue">un</mentionClass>
    </classMention>
    <annotation>
        <mention id="EHOST_Instance_88" />
        <annotator id="eHOST_2010">Alyssa</annotator>
        <span start="3168" end="3170" />
        <spannedText>no</spannedText>
        <creationDate>Wed Jan 12 12:31:43 CET 2022</creationDate>
    </annotation>
    <classMention id="EHOST_Instance_88">
        <mentionClass id="NegCue">no</mentionClass>
    </classMention>
    <annotation>
        <mention id="EHOST_Instance_89" />
        <annotator id="eHOST_2010">Alyssa</annotator>
        <span start="3274" end="3276" />
        <spannedText>no</spannedText>
        <creationDate>Wed Jan 12 12:31:52 CET 2022</creationDate>
    </annotation>
    <classMention id="EHOST_Instance_89">
        <mentionClass id="NegCue">no</mentionClass>
    </classMention>
    <annotation>
        <mention id="EHOST_Instance_90" />
        <annotator id="eHOST_2010">Alyssa</annotator>
        <span start="3934" end="3959" />
        <spannedText>Naturally occurring mumps</spannedText>
        <creationDate>Wed Jan 12 12:35:34 CET 2022</creationDate>
    </annotation>
    <classMention id="EHOST_Instance_90">
        <mentionClass id="NegCue">Naturally occurring mumps</mentionClass>
    </classMention>
    <annotation>
        <mention id="EHOST_Instance_91" />
        <annotator id="eHOST_2010">Alyssa</annotator>
        <span start="5168" end="5171" />
        <spannedText>not</spannedText>
        <creationDate>Wed Jan 12 12:37:10 CET 2022</creationDate>
    </annotation>
    <classMention id="EHOST_Instance_91">
        <mentionClass id="NegCue">not</mentionClass>
    </classMention>
    <annotation>
        <mention id="EHOST_Instance_92" />
        <annotator id="eHOST_2010">Alyssa</annotator>
        <span start="6755" end="6757" />
        <spannedText>un</spannedText>
        <creationDate>Wed Jan 12 12:38:49 CET 2022</creationDate>
    </annotation>
    <classMention id="EHOST_Instance_92">
        <mentionClass id="NegCue">un</mentionClass>
    </classMention>
    <annotation>
        <mention id="EHOST_Instance_93" />
        <annotator id="eHOST_2010">Alyssa</annotator>
        <span start="7045" end="7047" />
        <spannedText>in</spannedText>
        <creationDate>Wed Jan 12 12:39:04 CET 2022</creationDate>
    </annotation>
    <classMention id="EHOST_Instance_93">
        <mentionClass id="NegCue">in</mentionClass>
    </classMention>
    <annotation>
        <mention id="EHOST_Instance_94" />
        <annotator id="eHOST_2010">Alyssa</annotator>
        <span start="7434" end="7438" />
        <spannedText>less</spannedText>
        <creationDate>Wed Jan 12 12:39:59 CET 2022</creationDate>
    </annotation>
    <classMention id="EHOST_Instance_94">
        <mentionClass id="NegCue">less</mentionClass>
    </classMention>
    <annotation>
        <mention id="EHOST_Instance_95" />
        <annotator id="eHOST_2010">Alyssa</annotator>
        <span start="3427" end="3431" />
        <spannedText>less</spannedText>
        <creationDate>Wed Jan 12 16:03:53 CET 2022</creationDate>
    </annotation>
    <classMention id="EHOST_Instance_95">
        <mentionClass id="NegCue">less</mentionClass>
    </classMention>
    <annotation>
        <mention id="EHOST_Instance_96" />
        <annotator id="eHOST_2010">Alyssa</annotator>
        <span start="4989" end="4992" />
        <spannedText>not</spannedText>
        <creationDate>Wed Jan 12 16:04:37 CET 2022</creationDate>
    </annotation>
    <classMention id="EHOST_Instance_96">
        <mentionClass id="NegCue">not</mentionClass>
    </classMention>
    <annotation>
        <mention id="EHOST_Instance_97" />
        <annotator id="eHOST_2010">Alyssa</annotator>
        <span start="5404" end="5408" />
        <spannedText>less</spannedText>
        <creationDate>Wed Jan 12 16:05:08 CET 2022</creationDate>
    </annotation>
    <classMention id="EHOST_Instance_97">
        <mentionClass id="NegCue">less</mentionClass>
    </classMention>
    <eHOST_Adjudication_Status version="1.0">
        <Adjudication_Selected_Annotators version="1.0" />
        <Adjudication_Selected_Classes version="1.0" />
        <Adjudication_Others>
            <CHECK_OVERLAPPED_SPANS>false</CHECK_OVERLAPPED_SPANS>
            <CHECK_ATTRIBUTES>false</CHECK_ATTRIBUTES>
            <CHECK_RELATIONSHIP>false</CHECK_RELATIONSHIP>
            <CHECK_CLASS>false</CHECK_CLASS>
            <CHECK_COMMENT>false</CHECK_COMMENT>
        </Adjudication_Others>
    </eHOST_Adjudication_Status>
</annotations>

