<?xml version="1.0" encoding="UTF-8"?>
<annotations textSource="greenmedinfo-com_20160402T131018.txt">
    <annotation>
        <mention id="EHOST_Instance_63" />
        <annotator id="eHOST_2010">Alyssa</annotator>
        <span start="27" end="29" />
        <spannedText>no</spannedText>
        <creationDate>Wed Jan 12 12:13:39 CET 2022</creationDate>
    </annotation>
    <classMention id="EHOST_Instance_63">
        <mentionClass id="NegCue">no</mentionClass>
    </classMention>
    <annotation>
        <mention id="EHOST_Instance_64" />
        <annotator id="eHOST_2010">Alyssa</annotator>
        <span start="222" end="224" />
        <spannedText>No</spannedText>
        <creationDate>Wed Jan 12 12:13:53 CET 2022</creationDate>
    </annotation>
    <classMention id="EHOST_Instance_64">
        <mentionClass id="NegCue">No</mentionClass>
    </classMention>
    <annotation>
        <mention id="EHOST_Instance_65" />
        <annotator id="eHOST_2010">Alyssa</annotator>
        <span start="298" end="301" />
        <spannedText>not</spannedText>
        <creationDate>Wed Jan 12 12:13:57 CET 2022</creationDate>
    </annotation>
    <classMention id="EHOST_Instance_65">
        <mentionClass id="NegCue">not</mentionClass>
    </classMention>
    <annotation>
        <mention id="EHOST_Instance_66" />
        <annotator id="eHOST_2010">Alyssa</annotator>
        <span start="340" end="343" />
        <spannedText>not</spannedText>
        <creationDate>Wed Jan 12 12:14:00 CET 2022</creationDate>
    </annotation>
    <classMention id="EHOST_Instance_66">
        <mentionClass id="NegCue">not</mentionClass>
    </classMention>
    <annotation>
        <mention id="EHOST_Instance_67" />
        <annotator id="eHOST_2010">Alyssa</annotator>
        <span start="399" end="402" />
        <spannedText>non</spannedText>
        <creationDate>Wed Jan 12 12:14:11 CET 2022</creationDate>
    </annotation>
    <classMention id="EHOST_Instance_67">
        <mentionClass id="NegCue">non</mentionClass>
    </classMention>
    <annotation>
        <mention id="EHOST_Instance_68" />
        <annotator id="eHOST_2010">Alyssa</annotator>
        <span start="684" end="692" />
        <spannedText>failures</spannedText>
        <creationDate>Wed Jan 12 12:14:23 CET 2022</creationDate>
    </annotation>
    <classMention id="EHOST_Instance_68">
        <mentionClass id="NegCue">failures</mentionClass>
    </classMention>
    <annotation>
        <mention id="EHOST_Instance_69" />
        <annotator id="eHOST_2010">Alyssa</annotator>
        <span start="431" end="433" />
        <spannedText>in</spannedText>
        <creationDate>Wed Jan 12 12:14:38 CET 2022</creationDate>
    </annotation>
    <classMention id="EHOST_Instance_69">
        <mentionClass id="NegCue">in</mentionClass>
    </classMention>
    <annotation>
        <mention id="EHOST_Instance_70" />
        <annotator id="eHOST_2010">Alyssa</annotator>
        <span start="728" end="732" />
        <spannedText>less</spannedText>
        <creationDate>Wed Jan 12 12:14:55 CET 2022</creationDate>
    </annotation>
    <classMention id="EHOST_Instance_70">
        <mentionClass id="NegCue">less</mentionClass>
    </classMention>
    <annotation>
        <mention id="EHOST_Instance_71" />
        <annotator id="eHOST_2010">Alyssa</annotator>
        <span start="3421" end="3424" />
        <spannedText>not</spannedText>
        <creationDate>Wed Jan 12 12:18:05 CET 2022</creationDate>
    </annotation>
    <classMention id="EHOST_Instance_71">
        <mentionClass id="NegCue">not</mentionClass>
    </classMention>
    <annotation>
        <mention id="EHOST_Instance_72" />
        <annotator id="eHOST_2010">Alyssa</annotator>
        <span start="3509" end="3512" />
        <spannedText>not</spannedText>
        <creationDate>Wed Jan 12 12:18:08 CET 2022</creationDate>
    </annotation>
    <classMention id="EHOST_Instance_72">
        <mentionClass id="NegCue">not</mentionClass>
    </classMention>
    <annotation>
        <mention id="EHOST_Instance_73" />
        <annotator id="eHOST_2010">Alyssa</annotator>
        <span start="3670" end="3673" />
        <spannedText>not</spannedText>
        <creationDate>Wed Jan 12 12:18:15 CET 2022</creationDate>
    </annotation>
    <classMention id="EHOST_Instance_73">
        <mentionClass id="NegCue">not</mentionClass>
    </classMention>
    <annotation>
        <mention id="EHOST_Instance_74" />
        <annotator id="eHOST_2010">Alyssa</annotator>
        <span start="1730" end="1829" />
        <spannedText>You can't vaccinate away conditions that lead to compromised immunity, nor can you 'immunize' folks</spannedText>
        <creationDate>Wed Jan 12 12:19:36 CET 2022</creationDate>
    </annotation>
    <classMention id="EHOST_Instance_74">
        <mentionClass id="NegCue">You can't vaccinate away conditions that lead to compromised immunity, nor can you 'immunize' folks</mentionClass>
    </classMention>
    <annotation>
        <mention id="EHOST_Instance_75" />
        <annotator id="eHOST_2010">Alyssa</annotator>
        <span start="1855" end="1908" />
        <spannedText>against the desire to pursue the truth about vaccines</spannedText>
        <creationDate>Wed Jan 12 12:19:41 CET 2022</creationDate>
    </annotation>
    <classMention id="EHOST_Instance_75">
        <mentionClass id="NegCue">against the desire to pursue the truth about vaccines</mentionClass>
    </classMention>
    <eHOST_Adjudication_Status version="1.0">
        <Adjudication_Selected_Annotators version="1.0" />
        <Adjudication_Selected_Classes version="1.0" />
        <Adjudication_Others>
            <CHECK_OVERLAPPED_SPANS>false</CHECK_OVERLAPPED_SPANS>
            <CHECK_ATTRIBUTES>false</CHECK_ATTRIBUTES>
            <CHECK_RELATIONSHIP>false</CHECK_RELATIONSHIP>
            <CHECK_CLASS>false</CHECK_CLASS>
            <CHECK_COMMENT>false</CHECK_COMMENT>
        </Adjudication_Others>
    </eHOST_Adjudication_Status>
</annotations>

