<?xml version="1.0" encoding="UTF-8"?>
<annotations textSource="health-gov-on-ca_20170109T215856.txt">
    <annotation>
        <mention id="EHOST_Instance_112" />
        <annotator id="eHOST_2010">Alyssa</annotator>
        <span start="633" end="637" />
        <spannedText>less</spannedText>
        <creationDate>Wed Jan 12 15:00:18 CET 2022</creationDate>
    </annotation>
    <classMention id="EHOST_Instance_112">
        <mentionClass id="NegCue">less</mentionClass>
    </classMention>
    <annotation>
        <mention id="EHOST_Instance_113" />
        <annotator id="eHOST_2010">Alyssa</annotator>
        <span start="701" end="704" />
        <spannedText>not</spannedText>
        <creationDate>Wed Jan 12 15:00:33 CET 2022</creationDate>
    </annotation>
    <classMention id="EHOST_Instance_113">
        <mentionClass id="NegCue">not</mentionClass>
    </classMention>
    <annotation>
        <mention id="EHOST_Instance_114" />
        <annotator id="eHOST_2010">Alyssa</annotator>
        <span start="798" end="801" />
        <spannedText>not</spannedText>
        <creationDate>Wed Jan 12 15:00:37 CET 2022</creationDate>
    </annotation>
    <classMention id="EHOST_Instance_114">
        <mentionClass id="NegCue">not</mentionClass>
    </classMention>
    <annotation>
        <mention id="EHOST_Instance_115" />
        <annotator id="eHOST_2010">Alyssa</annotator>
        <span start="876" end="885" />
        <spannedText>no longer</spannedText>
        <creationDate>Wed Jan 12 15:01:39 CET 2022</creationDate>
    </annotation>
    <classMention id="EHOST_Instance_115">
        <mentionClass id="NegCue">no longer</mentionClass>
    </classMention>
    <annotation>
        <mention id="EHOST_Instance_116" />
        <annotator id="eHOST_2010">Alyssa</annotator>
        <span start="1688" end="1691" />
        <spannedText>not</spannedText>
        <creationDate>Wed Jan 12 15:03:47 CET 2022</creationDate>
    </annotation>
    <classMention id="EHOST_Instance_116">
        <mentionClass id="NegCue">not</mentionClass>
    </classMention>
    <annotation>
        <mention id="EHOST_Instance_117" />
        <annotator id="eHOST_2010">Alyssa</annotator>
        <span start="3439" end="3441" />
        <spannedText>no</spannedText>
        <creationDate>Wed Jan 12 15:04:50 CET 2022</creationDate>
    </annotation>
    <classMention id="EHOST_Instance_117">
        <mentionClass id="NegCue">no</mentionClass>
    </classMention>
    <annotation>
        <mention id="EHOST_Instance_118" />
        <annotator id="eHOST_2010">Alyssa</annotator>
        <span start="3470" end="3473" />
        <spannedText>not</spannedText>
        <creationDate>Wed Jan 12 15:04:53 CET 2022</creationDate>
    </annotation>
    <classMention id="EHOST_Instance_118">
        <mentionClass id="NegCue">not</mentionClass>
    </classMention>
    <annotation>
        <mention id="EHOST_Instance_119" />
        <annotator id="eHOST_2010">Alyssa</annotator>
        <span start="4764" end="4767" />
        <spannedText>not</spannedText>
        <creationDate>Wed Jan 12 15:05:31 CET 2022</creationDate>
    </annotation>
    <classMention id="EHOST_Instance_119">
        <mentionClass id="NegCue">not</mentionClass>
    </classMention>
    <annotation>
        <mention id="EHOST_Instance_120" />
        <annotator id="eHOST_2010">Alyssa</annotator>
        <span start="4805" end="4808" />
        <spannedText>not</spannedText>
        <creationDate>Wed Jan 12 15:05:34 CET 2022</creationDate>
    </annotation>
    <classMention id="EHOST_Instance_120">
        <mentionClass id="NegCue">not</mentionClass>
    </classMention>
    <annotation>
        <mention id="EHOST_Instance_121" />
        <annotator id="eHOST_2010">Alyssa</annotator>
        <span start="5794" end="5797" />
        <spannedText>not</spannedText>
        <creationDate>Wed Jan 12 15:06:14 CET 2022</creationDate>
    </annotation>
    <classMention id="EHOST_Instance_121">
        <mentionClass id="NegCue">not</mentionClass>
    </classMention>
    <annotation>
        <mention id="EHOST_Instance_122" />
        <annotator id="eHOST_2010">Alyssa</annotator>
        <span start="5876" end="5878" />
        <spannedText>no</spannedText>
        <creationDate>Wed Jan 12 15:06:19 CET 2022</creationDate>
    </annotation>
    <classMention id="EHOST_Instance_122">
        <mentionClass id="NegCue">no</mentionClass>
    </classMention>
    <annotation>
        <mention id="EHOST_Instance_123" />
        <annotator id="eHOST_2010">Alyssa</annotator>
        <span start="6550" end="6553" />
        <spannedText>not</spannedText>
        <creationDate>Wed Jan 12 15:06:40 CET 2022</creationDate>
    </annotation>
    <classMention id="EHOST_Instance_123">
        <mentionClass id="NegCue">not</mentionClass>
    </classMention>
    <eHOST_Adjudication_Status version="1.0">
        <Adjudication_Selected_Annotators version="1.0" />
        <Adjudication_Selected_Classes version="1.0" />
        <Adjudication_Others>
            <CHECK_OVERLAPPED_SPANS>false</CHECK_OVERLAPPED_SPANS>
            <CHECK_ATTRIBUTES>false</CHECK_ATTRIBUTES>
            <CHECK_RELATIONSHIP>false</CHECK_RELATIONSHIP>
            <CHECK_CLASS>false</CHECK_CLASS>
            <CHECK_COMMENT>false</CHECK_COMMENT>
        </Adjudication_Others>
    </eHOST_Adjudication_Status>
</annotations>

