<?xml version="1.0" encoding="UTF-8"?>
<annotations textSource="HealthyChildren-org_20151012T214316.txt">
    <annotation>
        <mention id="EHOST_Instance_124" />
        <annotator id="eHOST_2010">Alyssa</annotator>
        <span start="779" end="782" />
        <spannedText>not</spannedText>
        <creationDate>Wed Jan 12 16:20:53 CET 2022</creationDate>
    </annotation>
    <classMention id="EHOST_Instance_124">
        <mentionClass id="NegCue">not</mentionClass>
    </classMention>
    <annotation>
        <mention id="EHOST_Instance_125" />
        <annotator id="eHOST_2010">Alyssa</annotator>
        <span start="1235" end="1240" />
        <spannedText>never</spannedText>
        <creationDate>Wed Jan 12 16:21:10 CET 2022</creationDate>
    </annotation>
    <classMention id="EHOST_Instance_125">
        <mentionClass id="NegCue">never</mentionClass>
    </classMention>
    <annotation>
        <mention id="EHOST_Instance_126" />
        <annotator id="eHOST_2010">Alyssa</annotator>
        <span start="1347" end="1350" />
        <spannedText>not</spannedText>
        <creationDate>Wed Jan 12 16:21:21 CET 2022</creationDate>
    </annotation>
    <classMention id="EHOST_Instance_126">
        <mentionClass id="NegCue">not</mentionClass>
    </classMention>
    <annotation>
        <mention id="EHOST_Instance_127" />
        <annotator id="eHOST_2010">Alyssa</annotator>
        <span start="1373" end="1378" />
        <spannedText>never</spannedText>
        <creationDate>Wed Jan 12 16:21:24 CET 2022</creationDate>
    </annotation>
    <classMention id="EHOST_Instance_127">
        <mentionClass id="NegCue">never</mentionClass>
    </classMention>
    <annotation>
        <mention id="EHOST_Instance_128" />
        <annotator id="eHOST_2010">Alyssa</annotator>
        <span start="1799" end="1802" />
        <spannedText>not</spannedText>
        <creationDate>Wed Jan 12 16:21:39 CET 2022</creationDate>
    </annotation>
    <classMention id="EHOST_Instance_128">
        <mentionClass id="NegCue">not</mentionClass>
    </classMention>
    <annotation>
        <mention id="EHOST_Instance_129" />
        <annotator id="eHOST_2010">Alyssa</annotator>
        <span start="2219" end="2222" />
        <spannedText>not</spannedText>
        <creationDate>Wed Jan 12 16:22:11 CET 2022</creationDate>
    </annotation>
    <classMention id="EHOST_Instance_129">
        <mentionClass id="NegCue">not</mentionClass>
    </classMention>
    <annotation>
        <mention id="EHOST_Instance_130" />
        <annotator id="eHOST_2010">Alyssa</annotator>
        <span start="2876" end="2879" />
        <spannedText>not</spannedText>
        <creationDate>Wed Jan 12 16:22:27 CET 2022</creationDate>
    </annotation>
    <classMention id="EHOST_Instance_130">
        <mentionClass id="NegCue">not</mentionClass>
    </classMention>
    <annotation>
        <mention id="EHOST_Instance_131" />
        <annotator id="eHOST_2010">Alyssa</annotator>
        <span start="3600" end="3603" />
        <spannedText>not</spannedText>
        <creationDate>Wed Jan 12 16:22:47 CET 2022</creationDate>
    </annotation>
    <classMention id="EHOST_Instance_131">
        <mentionClass id="NegCue">not</mentionClass>
    </classMention>
    <annotation>
        <mention id="EHOST_Instance_132" />
        <annotator id="eHOST_2010">Alyssa</annotator>
        <span start="4596" end="4599" />
        <spannedText>not</spannedText>
        <creationDate>Wed Jan 12 16:23:10 CET 2022</creationDate>
    </annotation>
    <classMention id="EHOST_Instance_132">
        <mentionClass id="NegCue">not</mentionClass>
    </classMention>
    <annotation>
        <mention id="EHOST_Instance_133" />
        <annotator id="eHOST_2010">Alyssa</annotator>
        <span start="5152" end="5155" />
        <spannedText>not</spannedText>
        <creationDate>Wed Jan 12 16:23:27 CET 2022</creationDate>
    </annotation>
    <classMention id="EHOST_Instance_133">
        <mentionClass id="NegCue">not</mentionClass>
    </classMention>
    <eHOST_Adjudication_Status version="1.0">
        <Adjudication_Selected_Annotators version="1.0" />
        <Adjudication_Selected_Classes version="1.0" />
        <Adjudication_Others>
            <CHECK_OVERLAPPED_SPANS>false</CHECK_OVERLAPPED_SPANS>
            <CHECK_ATTRIBUTES>false</CHECK_ATTRIBUTES>
            <CHECK_RELATIONSHIP>false</CHECK_RELATIONSHIP>
            <CHECK_CLASS>false</CHECK_CLASS>
            <CHECK_COMMENT>false</CHECK_COMMENT>
        </Adjudication_Others>
    </eHOST_Adjudication_Status>
</annotations>

