<?xml version="1.0" encoding="UTF-8"?>
<annotations textSource="Heavy-com_20161018T051334.txt">
    <annotation>
        <mention id="EHOST_Instance_134" />
        <annotator id="eHOST_2010">Alyssa</annotator>
        <span start="1758" end="1764" />
        <spannedText>nobody</spannedText>
        <creationDate>Wed Jan 12 16:24:56 CET 2022</creationDate>
    </annotation>
    <classMention id="EHOST_Instance_134">
        <mentionClass id="NegCue">nobody</mentionClass>
    </classMention>
    <annotation>
        <mention id="EHOST_Instance_135" />
        <annotator id="eHOST_2010">Alyssa</annotator>
        <span start="1623" end="1626" />
        <spannedText>not</spannedText>
        <creationDate>Wed Jan 12 16:25:04 CET 2022</creationDate>
    </annotation>
    <classMention id="EHOST_Instance_135">
        <mentionClass id="NegCue">not</mentionClass>
    </classMention>
    <annotation>
        <mention id="EHOST_Instance_136" />
        <annotator id="eHOST_2010">Alyssa</annotator>
        <span start="1978" end="1980" />
        <spannedText>un</spannedText>
        <creationDate>Wed Jan 12 16:25:18 CET 2022</creationDate>
    </annotation>
    <classMention id="EHOST_Instance_136">
        <mentionClass id="NegCue">un</mentionClass>
    </classMention>
    <annotation>
        <mention id="EHOST_Instance_137" />
        <annotator id="eHOST_2010">Alyssa</annotator>
        <span start="2284" end="2286" />
        <spannedText>no</spannedText>
        <creationDate>Wed Jan 12 16:25:31 CET 2022</creationDate>
    </annotation>
    <classMention id="EHOST_Instance_137">
        <mentionClass id="NegCue">no</mentionClass>
    </classMention>
    <annotation>
        <mention id="EHOST_Instance_138" />
        <annotator id="eHOST_2010">Alyssa</annotator>
        <span start="3431" end="3438" />
        <spannedText>nothing</spannedText>
        <creationDate>Wed Jan 12 16:26:13 CET 2022</creationDate>
    </annotation>
    <classMention id="EHOST_Instance_138">
        <mentionClass id="NegCue">nothing</mentionClass>
    </classMention>
    <annotation>
        <mention id="EHOST_Instance_139" />
        <annotator id="eHOST_2010">Alyssa</annotator>
        <span start="3519" end="3522" />
        <spannedText>not</spannedText>
        <creationDate>Wed Jan 12 16:26:20 CET 2022</creationDate>
    </annotation>
    <classMention id="EHOST_Instance_139">
        <mentionClass id="NegCue">not</mentionClass>
    </classMention>
    <annotation>
        <mention id="EHOST_Instance_140" />
        <annotator id="eHOST_2010">Alyssa</annotator>
        <span start="3898" end="3900" />
        <spannedText>no</spannedText>
        <creationDate>Wed Jan 12 16:26:33 CET 2022</creationDate>
    </annotation>
    <classMention id="EHOST_Instance_140">
        <mentionClass id="NegCue">no</mentionClass>
    </classMention>
    <annotation>
        <mention id="EHOST_Instance_141" />
        <annotator id="eHOST_2010">Alyssa</annotator>
        <span start="4809" end="4811" />
        <spannedText>no</spannedText>
        <creationDate>Wed Jan 12 16:26:59 CET 2022</creationDate>
    </annotation>
    <classMention id="EHOST_Instance_141">
        <mentionClass id="NegCue">no</mentionClass>
    </classMention>
    <annotation>
        <mention id="EHOST_Instance_142" />
        <annotator id="eHOST_2010">Alyssa</annotator>
        <span start="6762" end="6764" />
        <spannedText>no</spannedText>
        <creationDate>Wed Jan 12 16:29:05 CET 2022</creationDate>
    </annotation>
    <classMention id="EHOST_Instance_142">
        <mentionClass id="NegCue">no</mentionClass>
    </classMention>
    <annotation>
        <mention id="EHOST_Instance_143" />
        <annotator id="eHOST_2010">Alyssa</annotator>
        <span start="7014" end="7019" />
        <spannedText>nâ€™t</spannedText>
        <creationDate>Wed Jan 12 16:29:23 CET 2022</creationDate>
    </annotation>
    <classMention id="EHOST_Instance_143">
        <mentionClass id="NegCue">nâ€™t</mentionClass>
    </classMention>
    <annotation>
        <mention id="EHOST_Instance_144" />
        <annotator id="eHOST_2010">Alyssa</annotator>
        <span start="7157" end="7162" />
        <spannedText>nâ€™t</spannedText>
        <creationDate>Wed Jan 12 16:29:46 CET 2022</creationDate>
    </annotation>
    <classMention id="EHOST_Instance_144">
        <mentionClass id="NegCue">nâ€™t</mentionClass>
    </classMention>
    <eHOST_Adjudication_Status version="1.0">
        <Adjudication_Selected_Annotators version="1.0" />
        <Adjudication_Selected_Classes version="1.0" />
        <Adjudication_Others>
            <CHECK_OVERLAPPED_SPANS>false</CHECK_OVERLAPPED_SPANS>
            <CHECK_ATTRIBUTES>false</CHECK_ATTRIBUTES>
            <CHECK_RELATIONSHIP>false</CHECK_RELATIONSHIP>
            <CHECK_CLASS>false</CHECK_CLASS>
            <CHECK_COMMENT>false</CHECK_COMMENT>
        </Adjudication_Others>
    </eHOST_Adjudication_Status>
</annotations>

