<?xml version="1.0" encoding="UTF-8"?>
<annotations textSource="Hepatitis-B-Foundation_20160630T014450.txt">
    <annotation>
        <mention id="EHOST_Instance_145" />
        <annotator id="eHOST_2010">Alyssa</annotator>
        <span start="30" end="33" />
        <spannedText>non</spannedText>
        <creationDate>Thu Jan 13 14:12:32 CET 2022</creationDate>
    </annotation>
    <classMention id="EHOST_Instance_145">
        <mentionClass id="NegCue">non</mentionClass>
    </classMention>
    <annotation>
        <mention id="EHOST_Instance_146" />
        <annotator id="eHOST_2010">Alyssa</annotator>
        <span start="114" end="117" />
        <spannedText>non</spannedText>
        <creationDate>Thu Jan 13 14:12:36 CET 2022</creationDate>
    </annotation>
    <classMention id="EHOST_Instance_146">
        <mentionClass id="NegCue">non</mentionClass>
    </classMention>
    <annotation>
        <mention id="EHOST_Instance_147" />
        <annotator id="eHOST_2010">Alyssa</annotator>
        <span start="313" end="316" />
        <spannedText>non</spannedText>
        <creationDate>Thu Jan 13 14:12:45 CET 2022</creationDate>
    </annotation>
    <classMention id="EHOST_Instance_147">
        <mentionClass id="NegCue">non</mentionClass>
    </classMention>
    <annotation>
        <mention id="EHOST_Instance_148" />
        <annotator id="eHOST_2010">Alyssa</annotator>
        <span start="348" end="351" />
        <spannedText>not</spannedText>
        <creationDate>Thu Jan 13 14:12:48 CET 2022</creationDate>
    </annotation>
    <classMention id="EHOST_Instance_148">
        <mentionClass id="NegCue">not</mentionClass>
    </classMention>
    <annotation>
        <mention id="EHOST_Instance_149" />
        <annotator id="eHOST_2010">Alyssa</annotator>
        <span start="651" end="654" />
        <spannedText>not</spannedText>
        <creationDate>Thu Jan 13 14:12:58 CET 2022</creationDate>
    </annotation>
    <classMention id="EHOST_Instance_149">
        <mentionClass id="NegCue">not</mentionClass>
    </classMention>
    <annotation>
        <mention id="EHOST_Instance_150" />
        <annotator id="eHOST_2010">Alyssa</annotator>
        <span start="1035" end="1038" />
        <spannedText>non</spannedText>
        <creationDate>Thu Jan 13 14:13:18 CET 2022</creationDate>
    </annotation>
    <classMention id="EHOST_Instance_150">
        <mentionClass id="NegCue">non</mentionClass>
    </classMention>
    <annotation>
        <mention id="EHOST_Instance_151" />
        <annotator id="eHOST_2010">Alyssa</annotator>
        <span start="1797" end="1800" />
        <spannedText>non</spannedText>
        <creationDate>Thu Jan 13 14:13:49 CET 2022</creationDate>
    </annotation>
    <classMention id="EHOST_Instance_151">
        <mentionClass id="NegCue">non</mentionClass>
    </classMention>
    <annotation>
        <mention id="EHOST_Instance_152" />
        <annotator id="eHOST_2010">Alyssa</annotator>
        <span start="2142" end="2145" />
        <spannedText>not</spannedText>
        <creationDate>Thu Jan 13 14:14:03 CET 2022</creationDate>
    </annotation>
    <classMention id="EHOST_Instance_152">
        <mentionClass id="NegCue">not</mentionClass>
    </classMention>
    <annotation>
        <mention id="EHOST_Instance_153" />
        <annotator id="eHOST_2010">Alyssa</annotator>
        <span start="2442" end="2447" />
        <spannedText>nâ€™t</spannedText>
        <creationDate>Thu Jan 13 14:14:14 CET 2022</creationDate>
    </annotation>
    <classMention id="EHOST_Instance_153">
        <mentionClass id="NegCue">nâ€™t</mentionClass>
    </classMention>
    <annotation>
        <mention id="EHOST_Instance_154" />
        <annotator id="eHOST_2010">Alyssa</annotator>
        <span start="2810" end="2813" />
        <spannedText>non</spannedText>
        <creationDate>Thu Jan 13 14:14:37 CET 2022</creationDate>
    </annotation>
    <classMention id="EHOST_Instance_154">
        <mentionClass id="NegCue">non</mentionClass>
    </classMention>
    <annotation>
        <mention id="EHOST_Instance_155" />
        <annotator id="eHOST_2010">Alyssa</annotator>
        <span start="2954" end="2956" />
        <spannedText>no</spannedText>
        <creationDate>Thu Jan 13 14:14:44 CET 2022</creationDate>
    </annotation>
    <classMention id="EHOST_Instance_155">
        <mentionClass id="NegCue">no</mentionClass>
    </classMention>
    <annotation>
        <mention id="EHOST_Instance_156" />
        <annotator id="eHOST_2010">Alyssa</annotator>
        <span start="3411" end="3414" />
        <spannedText>non</spannedText>
        <creationDate>Thu Jan 13 14:14:59 CET 2022</creationDate>
    </annotation>
    <classMention id="EHOST_Instance_156">
        <mentionClass id="NegCue">non</mentionClass>
    </classMention>
    <annotation>
        <mention id="EHOST_Instance_157" />
        <annotator id="eHOST_2010">Alyssa</annotator>
        <span start="3488" end="3495" />
        <spannedText>without</spannedText>
        <creationDate>Thu Jan 13 14:15:06 CET 2022</creationDate>
    </annotation>
    <classMention id="EHOST_Instance_157">
        <mentionClass id="NegCue">without</mentionClass>
    </classMention>
    <annotation>
        <mention id="EHOST_Instance_158" />
        <annotator id="eHOST_2010">Alyssa</annotator>
        <span start="3544" end="3547" />
        <spannedText>not</spannedText>
        <creationDate>Thu Jan 13 14:15:09 CET 2022</creationDate>
    </annotation>
    <classMention id="EHOST_Instance_158">
        <mentionClass id="NegCue">not</mentionClass>
    </classMention>
    <annotation>
        <mention id="EHOST_Instance_159" />
        <annotator id="eHOST_2010">Alyssa</annotator>
        <span start="3688" end="3691" />
        <spannedText>non</spannedText>
        <creationDate>Thu Jan 13 14:15:15 CET 2022</creationDate>
    </annotation>
    <classMention id="EHOST_Instance_159">
        <mentionClass id="NegCue">non</mentionClass>
    </classMention>
    <annotation>
        <mention id="EHOST_Instance_160" />
        <annotator id="eHOST_2010">Alyssa</annotator>
        <span start="3845" end="3848" />
        <spannedText>uns</spannedText>
        <creationDate>Thu Jan 13 14:15:25 CET 2022</creationDate>
    </annotation>
    <classMention id="EHOST_Instance_160">
        <mentionClass id="NegCue">uns</mentionClass>
    </classMention>
    <annotation>
        <mention id="EHOST_Instance_161" />
        <annotator id="eHOST_2010">Alyssa</annotator>
        <span start="4110" end="4113" />
        <spannedText>not</spannedText>
        <creationDate>Thu Jan 13 14:15:36 CET 2022</creationDate>
    </annotation>
    <classMention id="EHOST_Instance_161">
        <mentionClass id="NegCue">not</mentionClass>
    </classMention>
    <annotation>
        <mention id="EHOST_Instance_162" />
        <annotator id="eHOST_2010">Alyssa</annotator>
        <span start="4874" end="4877" />
        <spannedText>non</spannedText>
        <creationDate>Thu Jan 13 14:16:25 CET 2022</creationDate>
    </annotation>
    <classMention id="EHOST_Instance_162">
        <mentionClass id="NegCue">non</mentionClass>
    </classMention>
    <annotation>
        <mention id="EHOST_Instance_163" />
        <annotator id="eHOST_2010">Alyssa</annotator>
        <span start="4902" end="4904" />
        <spannedText>no</spannedText>
        <creationDate>Thu Jan 13 14:16:30 CET 2022</creationDate>
    </annotation>
    <classMention id="EHOST_Instance_163">
        <mentionClass id="NegCue">no</mentionClass>
    </classMention>
    <annotation>
        <mention id="EHOST_Instance_164" />
        <annotator id="eHOST_2010">Alyssa</annotator>
        <span start="5268" end="5271" />
        <spannedText>not</spannedText>
        <creationDate>Thu Jan 13 14:16:40 CET 2022</creationDate>
    </annotation>
    <classMention id="EHOST_Instance_164">
        <mentionClass id="NegCue">not</mentionClass>
    </classMention>
    <annotation>
        <mention id="EHOST_Instance_165" />
        <annotator id="eHOST_2010">Alyssa</annotator>
        <span start="5322" end="5325" />
        <spannedText>non</spannedText>
        <creationDate>Thu Jan 13 14:16:44 CET 2022</creationDate>
    </annotation>
    <classMention id="EHOST_Instance_165">
        <mentionClass id="NegCue">non</mentionClass>
    </classMention>
    <annotation>
        <mention id="EHOST_Instance_166" />
        <annotator id="eHOST_2010">Alyssa</annotator>
        <span start="5489" end="5494" />
        <spannedText>nâ€™t</spannedText>
        <creationDate>Thu Jan 13 14:16:54 CET 2022</creationDate>
    </annotation>
    <classMention id="EHOST_Instance_166">
        <mentionClass id="NegCue">nâ€™t</mentionClass>
    </classMention>
    <annotation>
        <mention id="EHOST_Instance_167" />
        <annotator id="eHOST_2010">Alyssa</annotator>
        <span start="6379" end="6381" />
        <spannedText>no</spannedText>
        <creationDate>Thu Jan 13 14:17:23 CET 2022</creationDate>
    </annotation>
    <classMention id="EHOST_Instance_167">
        <mentionClass id="NegCue">no</mentionClass>
    </classMention>
    <annotation>
        <mention id="EHOST_Instance_168" />
        <annotator id="eHOST_2010">Alyssa</annotator>
        <span start="6427" end="6430" />
        <spannedText>non</spannedText>
        <creationDate>Thu Jan 13 14:17:38 CET 2022</creationDate>
    </annotation>
    <classMention id="EHOST_Instance_168">
        <mentionClass id="NegCue">non</mentionClass>
    </classMention>
    <annotation>
        <mention id="EHOST_Instance_169" />
        <annotator id="eHOST_2010">Alyssa</annotator>
        <span start="6620" end="6623" />
        <spannedText>Non</spannedText>
        <creationDate>Thu Jan 13 14:17:46 CET 2022</creationDate>
    </annotation>
    <classMention id="EHOST_Instance_169">
        <mentionClass id="NegCue">Non</mentionClass>
    </classMention>
    <annotation>
        <mention id="EHOST_Instance_170" />
        <annotator id="eHOST_2010">Alyssa</annotator>
        <span start="6844" end="6847" />
        <spannedText>not</spannedText>
        <creationDate>Thu Jan 13 14:17:58 CET 2022</creationDate>
    </annotation>
    <classMention id="EHOST_Instance_170">
        <mentionClass id="NegCue">not</mentionClass>
    </classMention>
    <annotation>
        <mention id="EHOST_Instance_171" />
        <annotator id="eHOST_2010">Alyssa</annotator>
        <span start="7312" end="7314" />
        <spannedText>un</spannedText>
        <creationDate>Thu Jan 13 14:18:19 CET 2022</creationDate>
    </annotation>
    <classMention id="EHOST_Instance_171">
        <mentionClass id="NegCue">un</mentionClass>
    </classMention>
    <annotation>
        <mention id="EHOST_Instance_172" />
        <annotator id="eHOST_2010">Alyssa</annotator>
        <span start="7327" end="7330" />
        <spannedText>not</spannedText>
        <creationDate>Thu Jan 13 14:18:23 CET 2022</creationDate>
    </annotation>
    <classMention id="EHOST_Instance_172">
        <mentionClass id="NegCue">not</mentionClass>
    </classMention>
    <annotation>
        <mention id="EHOST_Instance_173" />
        <annotator id="eHOST_2010">Alyssa</annotator>
        <span start="7791" end="7796" />
        <spannedText>nâ€™t</spannedText>
        <creationDate>Thu Jan 13 14:18:41 CET 2022</creationDate>
    </annotation>
    <classMention id="EHOST_Instance_173">
        <mentionClass id="NegCue">nâ€™t</mentionClass>
    </classMention>
    <annotation>
        <mention id="EHOST_Instance_174" />
        <annotator id="eHOST_2010">Alyssa</annotator>
        <span start="7812" end="7817" />
        <spannedText>nâ€™t</spannedText>
        <creationDate>Thu Jan 13 14:18:48 CET 2022</creationDate>
    </annotation>
    <classMention id="EHOST_Instance_174">
        <mentionClass id="NegCue">nâ€™t</mentionClass>
    </classMention>
    <annotation>
        <mention id="EHOST_Instance_175" />
        <annotator id="eHOST_2010">Alyssa</annotator>
        <span start="7990" end="7993" />
        <spannedText>non</spannedText>
        <creationDate>Thu Jan 13 14:18:56 CET 2022</creationDate>
    </annotation>
    <classMention id="EHOST_Instance_175">
        <mentionClass id="NegCue">non</mentionClass>
    </classMention>
    <annotation>
        <mention id="EHOST_Instance_176" />
        <annotator id="eHOST_2010">Alyssa</annotator>
        <span start="8042" end="8045" />
        <spannedText>not</spannedText>
        <creationDate>Thu Jan 13 14:19:00 CET 2022</creationDate>
    </annotation>
    <classMention id="EHOST_Instance_176">
        <mentionClass id="NegCue">not</mentionClass>
    </classMention>
    <annotation>
        <mention id="EHOST_Instance_177" />
        <annotator id="eHOST_2010">Alyssa</annotator>
        <span start="8120" end="8123" />
        <spannedText>not</spannedText>
        <creationDate>Thu Jan 13 14:19:03 CET 2022</creationDate>
    </annotation>
    <classMention id="EHOST_Instance_177">
        <mentionClass id="NegCue">not</mentionClass>
    </classMention>
    <annotation>
        <mention id="EHOST_Instance_178" />
        <annotator id="eHOST_2010">Alyssa</annotator>
        <span start="8302" end="8307" />
        <spannedText>nâ€™t</spannedText>
        <creationDate>Thu Jan 13 14:19:15 CET 2022</creationDate>
    </annotation>
    <classMention id="EHOST_Instance_178">
        <mentionClass id="NegCue">nâ€™t</mentionClass>
    </classMention>
    <annotation>
        <mention id="EHOST_Instance_179" />
        <annotator id="eHOST_2010">Alyssa</annotator>
        <span start="8422" end="8425" />
        <spannedText>not</spannedText>
        <creationDate>Thu Jan 13 14:19:24 CET 2022</creationDate>
    </annotation>
    <classMention id="EHOST_Instance_179">
        <mentionClass id="NegCue">not</mentionClass>
    </classMention>
    <annotation>
        <mention id="EHOST_Instance_180" />
        <annotator id="eHOST_2010">Alyssa</annotator>
        <span start="9329" end="9332" />
        <spannedText>non</spannedText>
        <creationDate>Thu Jan 13 14:19:54 CET 2022</creationDate>
    </annotation>
    <classMention id="EHOST_Instance_180">
        <mentionClass id="NegCue">non</mentionClass>
    </classMention>
    <annotation>
        <mention id="EHOST_Instance_181" />
        <annotator id="eHOST_2010">Alyssa</annotator>
        <span start="9723" end="9726" />
        <spannedText>non</spannedText>
        <creationDate>Thu Jan 13 14:20:06 CET 2022</creationDate>
    </annotation>
    <classMention id="EHOST_Instance_181">
        <mentionClass id="NegCue">non</mentionClass>
    </classMention>
    <annotation>
        <mention id="EHOST_Instance_182" />
        <annotator id="eHOST_2010">Alyssa</annotator>
        <span start="9775" end="9778" />
        <spannedText>not</spannedText>
        <creationDate>Thu Jan 13 14:20:11 CET 2022</creationDate>
    </annotation>
    <classMention id="EHOST_Instance_182">
        <mentionClass id="NegCue">not</mentionClass>
    </classMention>
    <annotation>
        <mention id="EHOST_Instance_183" />
        <annotator id="eHOST_2010">Alyssa</annotator>
        <span start="9897" end="9900" />
        <spannedText>non</spannedText>
        <creationDate>Thu Jan 13 14:20:18 CET 2022</creationDate>
    </annotation>
    <classMention id="EHOST_Instance_183">
        <mentionClass id="NegCue">non</mentionClass>
    </classMention>
    <annotation>
        <mention id="EHOST_Instance_184" />
        <annotator id="eHOST_2010">Alyssa</annotator>
        <span start="10334" end="10337" />
        <spannedText>non</spannedText>
        <creationDate>Thu Jan 13 14:20:35 CET 2022</creationDate>
    </annotation>
    <classMention id="EHOST_Instance_184">
        <mentionClass id="NegCue">non</mentionClass>
    </classMention>
    <annotation>
        <mention id="EHOST_Instance_185" />
        <annotator id="eHOST_2010">Alyssa</annotator>
        <span start="10575" end="10578" />
        <spannedText>non</spannedText>
        <creationDate>Thu Jan 13 14:20:43 CET 2022</creationDate>
    </annotation>
    <classMention id="EHOST_Instance_185">
        <mentionClass id="NegCue">non</mentionClass>
    </classMention>
    <annotation>
        <mention id="EHOST_Instance_186" />
        <annotator id="eHOST_2010">Alyssa</annotator>
        <span start="10740" end="10743" />
        <spannedText>non</spannedText>
        <creationDate>Thu Jan 13 14:20:50 CET 2022</creationDate>
    </annotation>
    <classMention id="EHOST_Instance_186">
        <mentionClass id="NegCue">non</mentionClass>
    </classMention>
    <annotation>
        <mention id="EHOST_Instance_187" />
        <annotator id="eHOST_2010">Alyssa</annotator>
        <span start="11019" end="11022" />
        <spannedText>not</spannedText>
        <creationDate>Thu Jan 13 14:21:01 CET 2022</creationDate>
    </annotation>
    <classMention id="EHOST_Instance_187">
        <mentionClass id="NegCue">not</mentionClass>
    </classMention>
    <annotation>
        <mention id="EHOST_Instance_188" />
        <annotator id="eHOST_2010">Alyssa</annotator>
        <span start="11112" end="11115" />
        <spannedText>non</spannedText>
        <creationDate>Thu Jan 13 14:21:06 CET 2022</creationDate>
    </annotation>
    <classMention id="EHOST_Instance_188">
        <mentionClass id="NegCue">non</mentionClass>
    </classMention>
    <annotation>
        <mention id="EHOST_Instance_189" />
        <annotator id="eHOST_2010">Alyssa</annotator>
        <span start="11359" end="11362" />
        <spannedText>not</spannedText>
        <creationDate>Thu Jan 13 14:21:16 CET 2022</creationDate>
    </annotation>
    <classMention id="EHOST_Instance_189">
        <mentionClass id="NegCue">not</mentionClass>
    </classMention>
    <annotation>
        <mention id="EHOST_Instance_190" />
        <annotator id="eHOST_2010">Alyssa</annotator>
        <span start="11471" end="11474" />
        <spannedText>not</spannedText>
        <creationDate>Thu Jan 13 14:21:19 CET 2022</creationDate>
    </annotation>
    <classMention id="EHOST_Instance_190">
        <mentionClass id="NegCue">not</mentionClass>
    </classMention>
    <annotation>
        <mention id="EHOST_Instance_191" />
        <annotator id="eHOST_2010">Alyssa</annotator>
        <span start="11551" end="11554" />
        <spannedText>not</spannedText>
        <creationDate>Thu Jan 13 14:21:24 CET 2022</creationDate>
    </annotation>
    <classMention id="EHOST_Instance_191">
        <mentionClass id="NegCue">not</mentionClass>
    </classMention>
    <annotation>
        <mention id="EHOST_Instance_192" />
        <annotator id="eHOST_2010">Alyssa</annotator>
        <span start="11569" end="11572" />
        <spannedText>non</spannedText>
        <creationDate>Thu Jan 13 14:21:27 CET 2022</creationDate>
    </annotation>
    <classMention id="EHOST_Instance_192">
        <mentionClass id="NegCue">non</mentionClass>
    </classMention>
    <annotation>
        <mention id="EHOST_Instance_193" />
        <annotator id="eHOST_2010">Alyssa</annotator>
        <span start="11787" end="11790" />
        <spannedText>not</spannedText>
        <creationDate>Thu Jan 13 14:24:34 CET 2022</creationDate>
    </annotation>
    <classMention id="EHOST_Instance_193">
        <mentionClass id="NegCue">not</mentionClass>
    </classMention>
    <annotation>
        <mention id="EHOST_Instance_194" />
        <annotator id="eHOST_2010">Alyssa</annotator>
        <span start="11853" end="11858" />
        <spannedText>nâ€™t</spannedText>
        <creationDate>Thu Jan 13 14:24:45 CET 2022</creationDate>
    </annotation>
    <classMention id="EHOST_Instance_194">
        <mentionClass id="NegCue">nâ€™t</mentionClass>
    </classMention>
    <annotation>
        <mention id="EHOST_Instance_195" />
        <annotator id="eHOST_2010">Alyssa</annotator>
        <span start="11905" end="11908" />
        <spannedText>not</spannedText>
        <creationDate>Thu Jan 13 14:24:51 CET 2022</creationDate>
    </annotation>
    <classMention id="EHOST_Instance_195">
        <mentionClass id="NegCue">not</mentionClass>
    </classMention>
    <annotation>
        <mention id="EHOST_Instance_196" />
        <annotator id="eHOST_2010">Alyssa</annotator>
        <span start="12758" end="12760" />
        <spannedText>un</spannedText>
        <creationDate>Thu Jan 13 14:25:16 CET 2022</creationDate>
    </annotation>
    <classMention id="EHOST_Instance_196">
        <mentionClass id="NegCue">un</mentionClass>
    </classMention>
    <annotation>
        <mention id="EHOST_Instance_197" />
        <annotator id="eHOST_2010">Alyssa</annotator>
        <span start="13104" end="13106" />
        <spannedText>un</spannedText>
        <creationDate>Thu Jan 13 14:25:36 CET 2022</creationDate>
    </annotation>
    <classMention id="EHOST_Instance_197">
        <mentionClass id="NegCue">un</mentionClass>
    </classMention>
    <annotation>
        <mention id="EHOST_Instance_198" />
        <annotator id="eHOST_2010">Alyssa</annotator>
        <span start="13160" end="13163" />
        <spannedText>not</spannedText>
        <creationDate>Thu Jan 13 14:25:41 CET 2022</creationDate>
    </annotation>
    <classMention id="EHOST_Instance_198">
        <mentionClass id="NegCue">not</mentionClass>
    </classMention>
    <annotation>
        <mention id="EHOST_Instance_199" />
        <annotator id="eHOST_2010">Alyssa</annotator>
        <span start="13339" end="13342" />
        <spannedText>not</spannedText>
        <creationDate>Thu Jan 13 14:25:44 CET 2022</creationDate>
    </annotation>
    <classMention id="EHOST_Instance_199">
        <mentionClass id="NegCue">not</mentionClass>
    </classMention>
    <annotation>
        <mention id="EHOST_Instance_200" />
        <annotator id="eHOST_2010">Alyssa</annotator>
        <span start="13392" end="13395" />
        <spannedText>non</spannedText>
        <creationDate>Thu Jan 13 14:25:47 CET 2022</creationDate>
    </annotation>
    <classMention id="EHOST_Instance_200">
        <mentionClass id="NegCue">non</mentionClass>
    </classMention>
    <annotation>
        <mention id="EHOST_Instance_201" />
        <annotator id="eHOST_2010">Alyssa</annotator>
        <span start="13687" end="13690" />
        <spannedText>not</spannedText>
        <creationDate>Thu Jan 13 14:25:55 CET 2022</creationDate>
    </annotation>
    <classMention id="EHOST_Instance_201">
        <mentionClass id="NegCue">not</mentionClass>
    </classMention>
    <annotation>
        <mention id="EHOST_Instance_202" />
        <annotator id="eHOST_2010">Alyssa</annotator>
        <span start="13705" end="13708" />
        <spannedText>not</spannedText>
        <creationDate>Thu Jan 13 14:26:02 CET 2022</creationDate>
    </annotation>
    <classMention id="EHOST_Instance_202">
        <mentionClass id="NegCue">not</mentionClass>
    </classMention>
    <annotation>
        <mention id="EHOST_Instance_203" />
        <annotator id="eHOST_2010">Alyssa</annotator>
        <span start="13800" end="13803" />
        <spannedText>not</spannedText>
        <creationDate>Thu Jan 13 14:26:10 CET 2022</creationDate>
    </annotation>
    <classMention id="EHOST_Instance_203">
        <mentionClass id="NegCue">not</mentionClass>
    </classMention>
    <annotation>
        <mention id="EHOST_Instance_204" />
        <annotator id="eHOST_2010">Alyssa</annotator>
        <span start="13910" end="13913" />
        <spannedText>not</spannedText>
        <creationDate>Thu Jan 13 14:26:25 CET 2022</creationDate>
    </annotation>
    <classMention id="EHOST_Instance_204">
        <mentionClass id="NegCue">not</mentionClass>
    </classMention>
    <annotation>
        <mention id="EHOST_Instance_205" />
        <annotator id="eHOST_2010">Alyssa</annotator>
        <span start="14030" end="14035" />
        <spannedText>nâ€™t</spannedText>
        <creationDate>Thu Jan 13 14:26:35 CET 2022</creationDate>
    </annotation>
    <classMention id="EHOST_Instance_205">
        <mentionClass id="NegCue">nâ€™t</mentionClass>
    </classMention>
    <annotation>
        <mention id="EHOST_Instance_206" />
        <annotator id="eHOST_2010">Alyssa</annotator>
        <span start="14412" end="14414" />
        <spannedText>no</spannedText>
        <creationDate>Thu Jan 13 14:26:58 CET 2022</creationDate>
    </annotation>
    <classMention id="EHOST_Instance_206">
        <mentionClass id="NegCue">no</mentionClass>
    </classMention>
    <annotation>
        <mention id="EHOST_Instance_207" />
        <annotator id="eHOST_2010">Alyssa</annotator>
        <span start="14509" end="14514" />
        <spannedText>nâ€™t</spannedText>
        <creationDate>Thu Jan 13 14:27:08 CET 2022</creationDate>
    </annotation>
    <classMention id="EHOST_Instance_207">
        <mentionClass id="NegCue">nâ€™t</mentionClass>
    </classMention>
    <annotation>
        <mention id="EHOST_Instance_208" />
        <annotator id="eHOST_2010">Alyssa</annotator>
        <span start="14576" end="14581" />
        <spannedText>nâ€™t</spannedText>
        <creationDate>Thu Jan 13 14:27:18 CET 2022</creationDate>
    </annotation>
    <classMention id="EHOST_Instance_208">
        <mentionClass id="NegCue">nâ€™t</mentionClass>
    </classMention>
    <annotation>
        <mention id="EHOST_Instance_209" />
        <annotator id="eHOST_2010">Alyssa</annotator>
        <span start="14636" end="14641" />
        <spannedText>nâ€™t</spannedText>
        <creationDate>Thu Jan 13 14:27:25 CET 2022</creationDate>
    </annotation>
    <classMention id="EHOST_Instance_209">
        <mentionClass id="NegCue">nâ€™t</mentionClass>
    </classMention>
    <annotation>
        <mention id="EHOST_Instance_210" />
        <annotator id="eHOST_2010">Alyssa</annotator>
        <span start="14822" end="14827" />
        <spannedText>nâ€™t</spannedText>
        <creationDate>Thu Jan 13 14:27:36 CET 2022</creationDate>
    </annotation>
    <classMention id="EHOST_Instance_210">
        <mentionClass id="NegCue">nâ€™t</mentionClass>
    </classMention>
    <annotation>
        <mention id="EHOST_Instance_211" />
        <annotator id="eHOST_2010">Alyssa</annotator>
        <span start="14847" end="14852" />
        <spannedText>nâ€™t</spannedText>
        <creationDate>Thu Jan 13 14:27:44 CET 2022</creationDate>
    </annotation>
    <classMention id="EHOST_Instance_211">
        <mentionClass id="NegCue">nâ€™t</mentionClass>
    </classMention>
    <annotation>
        <mention id="EHOST_Instance_212" />
        <annotator id="eHOST_2010">Alyssa</annotator>
        <span start="14896" end="14899" />
        <spannedText>not</spannedText>
        <creationDate>Thu Jan 13 14:27:48 CET 2022</creationDate>
    </annotation>
    <classMention id="EHOST_Instance_212">
        <mentionClass id="NegCue">not</mentionClass>
    </classMention>
    <annotation>
        <mention id="EHOST_Instance_213" />
        <annotator id="eHOST_2010">Alyssa</annotator>
        <span start="14991" end="14994" />
        <spannedText>not</spannedText>
        <creationDate>Thu Jan 13 14:27:52 CET 2022</creationDate>
    </annotation>
    <classMention id="EHOST_Instance_213">
        <mentionClass id="NegCue">not</mentionClass>
    </classMention>
    <annotation>
        <mention id="EHOST_Instance_214" />
        <annotator id="eHOST_2010">Alyssa</annotator>
        <span start="15042" end="15045" />
        <spannedText>not</spannedText>
        <creationDate>Thu Jan 13 14:27:55 CET 2022</creationDate>
    </annotation>
    <classMention id="EHOST_Instance_214">
        <mentionClass id="NegCue">not</mentionClass>
    </classMention>
    <annotation>
        <mention id="EHOST_Instance_215" />
        <annotator id="eHOST_2010">Alyssa</annotator>
        <span start="15126" end="15129" />
        <spannedText>not</spannedText>
        <creationDate>Thu Jan 13 14:29:06 CET 2022</creationDate>
    </annotation>
    <classMention id="EHOST_Instance_215">
        <mentionClass id="NegCue">not</mentionClass>
    </classMention>
    <annotation>
        <mention id="EHOST_Instance_216" />
        <annotator id="eHOST_2010">Alyssa</annotator>
        <span start="15235" end="15238" />
        <spannedText>not</spannedText>
        <creationDate>Thu Jan 13 14:29:11 CET 2022</creationDate>
    </annotation>
    <classMention id="EHOST_Instance_216">
        <mentionClass id="NegCue">not</mentionClass>
    </classMention>
    <annotation>
        <mention id="EHOST_Instance_217" />
        <annotator id="eHOST_2010">Alyssa</annotator>
        <span start="15289" end="15292" />
        <spannedText>not</spannedText>
        <creationDate>Thu Jan 13 14:29:14 CET 2022</creationDate>
    </annotation>
    <classMention id="EHOST_Instance_217">
        <mentionClass id="NegCue">not</mentionClass>
    </classMention>
    <annotation>
        <mention id="EHOST_Instance_218" />
        <annotator id="eHOST_2010">Alyssa</annotator>
        <span start="15550" end="15552" />
        <spannedText>no</spannedText>
        <creationDate>Thu Jan 13 14:29:53 CET 2022</creationDate>
    </annotation>
    <classMention id="EHOST_Instance_218">
        <mentionClass id="NegCue">no</mentionClass>
    </classMention>
    <annotation>
        <mention id="EHOST_Instance_219" />
        <annotator id="eHOST_2010">Alyssa</annotator>
        <span start="15573" end="15576" />
        <spannedText>not</spannedText>
        <creationDate>Thu Jan 13 14:30:06 CET 2022</creationDate>
    </annotation>
    <classMention id="EHOST_Instance_219">
        <mentionClass id="NegCue">not</mentionClass>
    </classMention>
    <annotation>
        <mention id="EHOST_Instance_220" />
        <annotator id="eHOST_2010">Alyssa</annotator>
        <span start="15629" end="15634" />
        <spannedText>nâ€™t</spannedText>
        <creationDate>Thu Jan 13 14:30:14 CET 2022</creationDate>
    </annotation>
    <classMention id="EHOST_Instance_220">
        <mentionClass id="NegCue">nâ€™t</mentionClass>
    </classMention>
    <annotation>
        <mention id="EHOST_Instance_221" />
        <annotator id="eHOST_2010">Alyssa</annotator>
        <span start="15826" end="15829" />
        <spannedText>not</spannedText>
        <creationDate>Thu Jan 13 14:30:21 CET 2022</creationDate>
    </annotation>
    <classMention id="EHOST_Instance_221">
        <mentionClass id="NegCue">not</mentionClass>
    </classMention>
    <annotation>
        <mention id="EHOST_Instance_222" />
        <annotator id="eHOST_2010">Alyssa</annotator>
        <span start="15965" end="15968" />
        <spannedText>non</spannedText>
        <creationDate>Thu Jan 13 14:30:27 CET 2022</creationDate>
    </annotation>
    <classMention id="EHOST_Instance_222">
        <mentionClass id="NegCue">non</mentionClass>
    </classMention>
    <annotation>
        <mention id="EHOST_Instance_223" />
        <annotator id="eHOST_2010">Alyssa</annotator>
        <span start="16179" end="16182" />
        <spannedText>not</spannedText>
        <creationDate>Thu Jan 13 14:30:36 CET 2022</creationDate>
    </annotation>
    <classMention id="EHOST_Instance_223">
        <mentionClass id="NegCue">not</mentionClass>
    </classMention>
    <annotation>
        <mention id="EHOST_Instance_224" />
        <annotator id="eHOST_2010">Alyssa</annotator>
        <span start="16206" end="16209" />
        <spannedText>not</spannedText>
        <creationDate>Thu Jan 13 14:30:39 CET 2022</creationDate>
    </annotation>
    <classMention id="EHOST_Instance_224">
        <mentionClass id="NegCue">not</mentionClass>
    </classMention>
    <annotation>
        <mention id="EHOST_Instance_225" />
        <annotator id="eHOST_2010">Alyssa</annotator>
        <span start="16336" end="16339" />
        <spannedText>not</spannedText>
        <creationDate>Thu Jan 13 14:30:46 CET 2022</creationDate>
    </annotation>
    <classMention id="EHOST_Instance_225">
        <mentionClass id="NegCue">not</mentionClass>
    </classMention>
    <annotation>
        <mention id="EHOST_Instance_226" />
        <annotator id="eHOST_2010">Alyssa</annotator>
        <span start="16385" end="16388" />
        <spannedText>non</spannedText>
        <creationDate>Thu Jan 13 14:30:49 CET 2022</creationDate>
    </annotation>
    <classMention id="EHOST_Instance_226">
        <mentionClass id="NegCue">non</mentionClass>
    </classMention>
    <annotation>
        <mention id="EHOST_Instance_227" />
        <annotator id="eHOST_2010">Alyssa</annotator>
        <span start="16403" end="16406" />
        <spannedText>non</spannedText>
        <creationDate>Thu Jan 13 14:30:52 CET 2022</creationDate>
    </annotation>
    <classMention id="EHOST_Instance_227">
        <mentionClass id="NegCue">non</mentionClass>
    </classMention>
    <annotation>
        <mention id="EHOST_Instance_228" />
        <annotator id="eHOST_2010">Alyssa</annotator>
        <span start="16477" end="16480" />
        <spannedText>non</spannedText>
        <creationDate>Thu Jan 13 14:30:54 CET 2022</creationDate>
    </annotation>
    <classMention id="EHOST_Instance_228">
        <mentionClass id="NegCue">non</mentionClass>
    </classMention>
    <annotation>
        <mention id="EHOST_Instance_229" />
        <annotator id="eHOST_2010">Alyssa</annotator>
        <span start="16512" end="16515" />
        <spannedText>non</spannedText>
        <creationDate>Thu Jan 13 14:30:58 CET 2022</creationDate>
    </annotation>
    <classMention id="EHOST_Instance_229">
        <mentionClass id="NegCue">non</mentionClass>
    </classMention>
    <annotation>
        <mention id="EHOST_Instance_230" />
        <annotator id="eHOST_2010">Alyssa</annotator>
        <span start="16528" end="16533" />
        <spannedText>nâ€™t</spannedText>
        <creationDate>Thu Jan 13 14:31:04 CET 2022</creationDate>
    </annotation>
    <classMention id="EHOST_Instance_230">
        <mentionClass id="NegCue">nâ€™t</mentionClass>
    </classMention>
    <annotation>
        <mention id="EHOST_Instance_231" />
        <annotator id="eHOST_2010">Alyssa</annotator>
        <span start="16628" end="16631" />
        <spannedText>not</spannedText>
        <creationDate>Thu Jan 13 14:31:09 CET 2022</creationDate>
    </annotation>
    <classMention id="EHOST_Instance_231">
        <mentionClass id="NegCue">not</mentionClass>
    </classMention>
    <annotation>
        <mention id="EHOST_Instance_232" />
        <annotator id="eHOST_2010">Alyssa</annotator>
        <span start="16657" end="16660" />
        <spannedText>non</spannedText>
        <creationDate>Thu Jan 13 14:31:17 CET 2022</creationDate>
    </annotation>
    <classMention id="EHOST_Instance_232">
        <mentionClass id="NegCue">non</mentionClass>
    </classMention>
    <annotation>
        <mention id="EHOST_Instance_233" />
        <annotator id="eHOST_2010">Alyssa</annotator>
        <span start="16945" end="16948" />
        <spannedText>non</spannedText>
        <creationDate>Thu Jan 13 14:31:30 CET 2022</creationDate>
    </annotation>
    <classMention id="EHOST_Instance_233">
        <mentionClass id="NegCue">non</mentionClass>
    </classMention>
    <annotation>
        <mention id="EHOST_Instance_234" />
        <annotator id="eHOST_2010">Alyssa</annotator>
        <span start="17126" end="17129" />
        <spannedText>NON</spannedText>
        <creationDate>Thu Jan 13 14:31:42 CET 2022</creationDate>
    </annotation>
    <classMention id="EHOST_Instance_234">
        <mentionClass id="NegCue">NON</mentionClass>
    </classMention>
    <annotation>
        <mention id="EHOST_Instance_235" />
        <annotator id="eHOST_2010">Alyssa</annotator>
        <span start="17889" end="17892" />
        <spannedText>not</spannedText>
        <creationDate>Thu Jan 13 14:32:02 CET 2022</creationDate>
    </annotation>
    <classMention id="EHOST_Instance_235">
        <mentionClass id="NegCue">not</mentionClass>
    </classMention>
    <annotation>
        <mention id="EHOST_Instance_236" />
        <annotator id="eHOST_2010">Alyssa</annotator>
        <span start="18257" end="18260" />
        <spannedText>non</spannedText>
        <creationDate>Thu Jan 13 14:32:23 CET 2022</creationDate>
    </annotation>
    <classMention id="EHOST_Instance_236">
        <mentionClass id="NegCue">non</mentionClass>
    </classMention>
    <annotation>
        <mention id="EHOST_Instance_237" />
        <annotator id="eHOST_2010">Alyssa</annotator>
        <span start="18356" end="18359" />
        <spannedText>not</spannedText>
        <creationDate>Thu Jan 13 14:32:28 CET 2022</creationDate>
    </annotation>
    <classMention id="EHOST_Instance_237">
        <mentionClass id="NegCue">not</mentionClass>
    </classMention>
    <annotation>
        <mention id="EHOST_Instance_238" />
        <annotator id="eHOST_2010">Alyssa</annotator>
        <span start="18419" end="18422" />
        <spannedText>non</spannedText>
        <creationDate>Thu Jan 13 14:32:38 CET 2022</creationDate>
    </annotation>
    <classMention id="EHOST_Instance_238">
        <mentionClass id="NegCue">non</mentionClass>
    </classMention>
    <annotation>
        <mention id="EHOST_Instance_239" />
        <annotator id="eHOST_2010">Alyssa</annotator>
        <span start="18492" end="18501" />
        <spannedText>no longer</spannedText>
        <creationDate>Thu Jan 13 14:32:44 CET 2022</creationDate>
    </annotation>
    <classMention id="EHOST_Instance_239">
        <mentionClass id="NegCue">no longer</mentionClass>
    </classMention>
    <annotation>
        <mention id="EHOST_Instance_240" />
        <annotator id="eHOST_2010">Alyssa</annotator>
        <span start="18541" end="18544" />
        <spannedText>not</spannedText>
        <creationDate>Thu Jan 13 14:32:48 CET 2022</creationDate>
    </annotation>
    <classMention id="EHOST_Instance_240">
        <mentionClass id="NegCue">not</mentionClass>
    </classMention>
    <annotation>
        <mention id="EHOST_Instance_241" />
        <annotator id="eHOST_2010">Alyssa</annotator>
        <span start="18604" end="18607" />
        <spannedText>non</spannedText>
        <creationDate>Thu Jan 13 14:33:18 CET 2022</creationDate>
    </annotation>
    <classMention id="EHOST_Instance_241">
        <mentionClass id="NegCue">non</mentionClass>
    </classMention>
    <annotation>
        <mention id="EHOST_Instance_242" />
        <annotator id="eHOST_2010">Alyssa</annotator>
        <span start="18677" end="18686" />
        <spannedText>no longer</spannedText>
        <creationDate>Thu Jan 13 14:33:26 CET 2022</creationDate>
    </annotation>
    <classMention id="EHOST_Instance_242">
        <mentionClass id="NegCue">no longer</mentionClass>
    </classMention>
    <annotation>
        <mention id="EHOST_Instance_243" />
        <annotator id="eHOST_2010">Alyssa</annotator>
        <span start="19014" end="19017" />
        <spannedText>not</spannedText>
        <creationDate>Thu Jan 13 14:33:36 CET 2022</creationDate>
    </annotation>
    <classMention id="EHOST_Instance_243">
        <mentionClass id="NegCue">not</mentionClass>
    </classMention>
    <annotation>
        <mention id="EHOST_Instance_244" />
        <annotator id="eHOST_2010">Alyssa</annotator>
        <span start="19189" end="19192" />
        <spannedText>non</spannedText>
        <creationDate>Thu Jan 13 14:33:48 CET 2022</creationDate>
    </annotation>
    <classMention id="EHOST_Instance_244">
        <mentionClass id="NegCue">non</mentionClass>
    </classMention>
    <annotation>
        <mention id="EHOST_Instance_245" />
        <annotator id="eHOST_2010">Alyssa</annotator>
        <span start="19428" end="19431" />
        <spannedText>not</spannedText>
        <creationDate>Thu Jan 13 14:34:12 CET 2022</creationDate>
    </annotation>
    <classMention id="EHOST_Instance_245">
        <mentionClass id="NegCue">not</mentionClass>
    </classMention>
    <annotation>
        <mention id="EHOST_Instance_246" />
        <annotator id="eHOST_2010">Alyssa</annotator>
        <span start="19486" end="19488" />
        <spannedText>im</spannedText>
        <creationDate>Thu Jan 13 14:34:21 CET 2022</creationDate>
    </annotation>
    <classMention id="EHOST_Instance_246">
        <mentionClass id="NegCue">im</mentionClass>
    </classMention>
    <annotation>
        <mention id="EHOST_Instance_247" />
        <annotator id="eHOST_2010">Alyssa</annotator>
        <span start="19560" end="19563" />
        <spannedText>not</spannedText>
        <creationDate>Thu Jan 13 14:34:28 CET 2022</creationDate>
    </annotation>
    <classMention id="EHOST_Instance_247">
        <mentionClass id="NegCue">not</mentionClass>
    </classMention>
    <annotation>
        <mention id="EHOST_Instance_248" />
        <annotator id="eHOST_2010">Alyssa</annotator>
        <span start="20642" end="20644" />
        <spannedText>no</spannedText>
        <creationDate>Thu Jan 13 14:34:56 CET 2022</creationDate>
    </annotation>
    <classMention id="EHOST_Instance_248">
        <mentionClass id="NegCue">no</mentionClass>
    </classMention>
    <annotation>
        <mention id="EHOST_Instance_249" />
        <annotator id="eHOST_2010">Alyssa</annotator>
        <span start="21799" end="21802" />
        <spannedText>not</spannedText>
        <creationDate>Thu Jan 13 14:35:31 CET 2022</creationDate>
    </annotation>
    <classMention id="EHOST_Instance_249">
        <mentionClass id="NegCue">not</mentionClass>
    </classMention>
    <annotation>
        <mention id="EHOST_Instance_250" />
        <annotator id="eHOST_2010">Alyssa</annotator>
        <span start="21969" end="21972" />
        <spannedText>not</spannedText>
        <creationDate>Thu Jan 13 14:35:37 CET 2022</creationDate>
    </annotation>
    <classMention id="EHOST_Instance_250">
        <mentionClass id="NegCue">not</mentionClass>
    </classMention>
    <annotation>
        <mention id="EHOST_Instance_251" />
        <annotator id="eHOST_2010">Alyssa</annotator>
        <span start="22134" end="22139" />
        <spannedText>nâ€™t</spannedText>
        <creationDate>Thu Jan 13 14:35:48 CET 2022</creationDate>
    </annotation>
    <classMention id="EHOST_Instance_251">
        <mentionClass id="NegCue">nâ€™t</mentionClass>
    </classMention>
    <annotation>
        <mention id="EHOST_Instance_252" />
        <annotator id="eHOST_2010">Alyssa</annotator>
        <span start="22282" end="22285" />
        <spannedText>not</spannedText>
        <creationDate>Thu Jan 13 14:35:54 CET 2022</creationDate>
    </annotation>
    <classMention id="EHOST_Instance_252">
        <mentionClass id="NegCue">not</mentionClass>
    </classMention>
    <annotation>
        <mention id="EHOST_Instance_253" />
        <annotator id="eHOST_2010">Alyssa</annotator>
        <span start="22324" end="22329" />
        <spannedText>nâ€™t</spannedText>
        <creationDate>Thu Jan 13 14:36:00 CET 2022</creationDate>
    </annotation>
    <classMention id="EHOST_Instance_253">
        <mentionClass id="NegCue">nâ€™t</mentionClass>
    </classMention>
    <annotation>
        <mention id="EHOST_Instance_254" />
        <annotator id="eHOST_2010">Alyssa</annotator>
        <span start="22619" end="22622" />
        <spannedText>not</spannedText>
        <creationDate>Thu Jan 13 14:36:14 CET 2022</creationDate>
    </annotation>
    <classMention id="EHOST_Instance_254">
        <mentionClass id="NegCue">not</mentionClass>
    </classMention>
    <annotation>
        <mention id="EHOST_Instance_255" />
        <annotator id="eHOST_2010">Alyssa</annotator>
        <span start="22680" end="22682" />
        <spannedText>un</spannedText>
        <creationDate>Thu Jan 13 14:36:27 CET 2022</creationDate>
    </annotation>
    <classMention id="EHOST_Instance_255">
        <mentionClass id="NegCue">un</mentionClass>
    </classMention>
    <annotation>
        <mention id="EHOST_Instance_256" />
        <annotator id="eHOST_2010">Alyssa</annotator>
        <span start="22789" end="22792" />
        <spannedText>not</spannedText>
        <creationDate>Thu Jan 13 14:36:33 CET 2022</creationDate>
    </annotation>
    <classMention id="EHOST_Instance_256">
        <mentionClass id="NegCue">not</mentionClass>
    </classMention>
    <annotation>
        <mention id="EHOST_Instance_257" />
        <annotator id="eHOST_2010">Alyssa</annotator>
        <span start="22848" end="22851" />
        <spannedText>not</spannedText>
        <creationDate>Thu Jan 13 14:36:35 CET 2022</creationDate>
    </annotation>
    <classMention id="EHOST_Instance_257">
        <mentionClass id="NegCue">not</mentionClass>
    </classMention>
    <annotation>
        <mention id="EHOST_Instance_258" />
        <annotator id="eHOST_2010">Alyssa</annotator>
        <span start="22886" end="22888" />
        <spannedText>no</spannedText>
        <creationDate>Thu Jan 13 14:36:37 CET 2022</creationDate>
    </annotation>
    <classMention id="EHOST_Instance_258">
        <mentionClass id="NegCue">no</mentionClass>
    </classMention>
    <annotation>
        <mention id="EHOST_Instance_259" />
        <annotator id="eHOST_2010">Alyssa</annotator>
        <span start="23030" end="23035" />
        <spannedText>nâ€™t</spannedText>
        <creationDate>Thu Jan 13 14:36:46 CET 2022</creationDate>
    </annotation>
    <classMention id="EHOST_Instance_259">
        <mentionClass id="NegCue">nâ€™t</mentionClass>
    </classMention>
    <annotation>
        <mention id="EHOST_Instance_260" />
        <annotator id="eHOST_2010">Alyssa</annotator>
        <span start="24244" end="24247" />
        <spannedText>not</spannedText>
        <creationDate>Thu Jan 13 14:37:24 CET 2022</creationDate>
    </annotation>
    <classMention id="EHOST_Instance_260">
        <mentionClass id="NegCue">not</mentionClass>
    </classMention>
    <annotation>
        <mention id="EHOST_Instance_261" />
        <annotator id="eHOST_2010">Alyssa</annotator>
        <span start="24860" end="24865" />
        <spannedText>nâ€™t</spannedText>
        <creationDate>Thu Jan 13 14:37:46 CET 2022</creationDate>
    </annotation>
    <classMention id="EHOST_Instance_261">
        <mentionClass id="NegCue">nâ€™t</mentionClass>
    </classMention>
    <annotation>
        <mention id="EHOST_Instance_262" />
        <annotator id="eHOST_2010">Alyssa</annotator>
        <span start="24998" end="25001" />
        <spannedText>not</spannedText>
        <creationDate>Thu Jan 13 14:37:56 CET 2022</creationDate>
    </annotation>
    <classMention id="EHOST_Instance_262">
        <mentionClass id="NegCue">not</mentionClass>
    </classMention>
    <annotation>
        <mention id="EHOST_Instance_263" />
        <annotator id="eHOST_2010">Alyssa</annotator>
        <span start="25285" end="25287" />
        <spannedText>no</spannedText>
        <creationDate>Thu Jan 13 14:38:04 CET 2022</creationDate>
    </annotation>
    <classMention id="EHOST_Instance_263">
        <mentionClass id="NegCue">no</mentionClass>
    </classMention>
    <annotation>
        <mention id="EHOST_Instance_264" />
        <annotator id="eHOST_2010">Alyssa</annotator>
        <span start="25348" end="25351" />
        <spannedText>not</spannedText>
        <creationDate>Thu Jan 13 14:38:07 CET 2022</creationDate>
    </annotation>
    <classMention id="EHOST_Instance_264">
        <mentionClass id="NegCue">not</mentionClass>
    </classMention>
    <annotation>
        <mention id="EHOST_Instance_265" />
        <annotator id="eHOST_2010">Alyssa</annotator>
        <span start="25459" end="25462" />
        <spannedText>not</spannedText>
        <creationDate>Thu Jan 13 14:38:12 CET 2022</creationDate>
    </annotation>
    <classMention id="EHOST_Instance_265">
        <mentionClass id="NegCue">not</mentionClass>
    </classMention>
    <annotation>
        <mention id="EHOST_Instance_266" />
        <annotator id="eHOST_2010">Alyssa</annotator>
        <span start="25583" end="25586" />
        <spannedText>not</spannedText>
        <creationDate>Thu Jan 13 14:38:17 CET 2022</creationDate>
    </annotation>
    <classMention id="EHOST_Instance_266">
        <mentionClass id="NegCue">not</mentionClass>
    </classMention>
    <annotation>
        <mention id="EHOST_Instance_267" />
        <annotator id="eHOST_2010">Alyssa</annotator>
        <span start="25733" end="25736" />
        <spannedText>not</spannedText>
        <creationDate>Thu Jan 13 14:38:21 CET 2022</creationDate>
    </annotation>
    <classMention id="EHOST_Instance_267">
        <mentionClass id="NegCue">not</mentionClass>
    </classMention>
    <annotation>
        <mention id="EHOST_Instance_268" />
        <annotator id="eHOST_2010">Alyssa</annotator>
        <span start="26291" end="26294" />
        <spannedText>not</spannedText>
        <creationDate>Thu Jan 13 14:38:39 CET 2022</creationDate>
    </annotation>
    <classMention id="EHOST_Instance_268">
        <mentionClass id="NegCue">not</mentionClass>
    </classMention>
    <annotation>
        <mention id="EHOST_Instance_269" />
        <annotator id="eHOST_2010">Alyssa</annotator>
        <span start="26488" end="26491" />
        <spannedText>not</spannedText>
        <creationDate>Thu Jan 13 14:38:45 CET 2022</creationDate>
    </annotation>
    <classMention id="EHOST_Instance_269">
        <mentionClass id="NegCue">not</mentionClass>
    </classMention>
    <annotation>
        <mention id="EHOST_Instance_270" />
        <annotator id="eHOST_2010">Alyssa</annotator>
        <span start="26791" end="26793" />
        <spannedText>no</spannedText>
        <creationDate>Thu Jan 13 14:38:55 CET 2022</creationDate>
    </annotation>
    <classMention id="EHOST_Instance_270">
        <mentionClass id="NegCue">no</mentionClass>
    </classMention>
    <annotation>
        <mention id="EHOST_Instance_271" />
        <annotator id="eHOST_2010">Alyssa</annotator>
        <span start="27435" end="27438" />
        <spannedText>not</spannedText>
        <creationDate>Thu Jan 13 14:39:14 CET 2022</creationDate>
    </annotation>
    <classMention id="EHOST_Instance_271">
        <mentionClass id="NegCue">not</mentionClass>
    </classMention>
    <annotation>
        <mention id="EHOST_Instance_272" />
        <annotator id="eHOST_2010">Alyssa</annotator>
        <span start="27862" end="27867" />
        <spannedText>nâ€™t</spannedText>
        <creationDate>Thu Jan 13 14:39:29 CET 2022</creationDate>
    </annotation>
    <classMention id="EHOST_Instance_272">
        <mentionClass id="NegCue">nâ€™t</mentionClass>
    </classMention>
    <annotation>
        <mention id="EHOST_Instance_273" />
        <annotator id="eHOST_2010">Alyssa</annotator>
        <span start="28398" end="28401" />
        <spannedText>not</spannedText>
        <creationDate>Thu Jan 13 14:39:51 CET 2022</creationDate>
    </annotation>
    <classMention id="EHOST_Instance_273">
        <mentionClass id="NegCue">not</mentionClass>
    </classMention>
    <annotation>
        <mention id="EHOST_Instance_274" />
        <annotator id="eHOST_2010">Alyssa</annotator>
        <span start="28578" end="28581" />
        <spannedText>not</spannedText>
        <creationDate>Thu Jan 13 14:40:00 CET 2022</creationDate>
    </annotation>
    <classMention id="EHOST_Instance_274">
        <mentionClass id="NegCue">not</mentionClass>
    </classMention>
    <annotation>
        <mention id="EHOST_Instance_275" />
        <annotator id="eHOST_2010">Alyssa</annotator>
        <span start="28888" end="28890" />
        <spannedText>no</spannedText>
        <creationDate>Thu Jan 13 14:40:13 CET 2022</creationDate>
    </annotation>
    <classMention id="EHOST_Instance_275">
        <mentionClass id="NegCue">no</mentionClass>
    </classMention>
    <annotation>
        <mention id="EHOST_Instance_276" />
        <annotator id="eHOST_2010">Alyssa</annotator>
        <span start="3246" end="3249" />
        <spannedText>non</spannedText>
        <creationDate>Thu Jan 13 14:41:29 CET 2022</creationDate>
    </annotation>
    <classMention id="EHOST_Instance_276">
        <mentionClass id="NegCue">non</mentionClass>
    </classMention>
    <annotation>
        <mention id="EHOST_Instance_277" />
        <annotator id="eHOST_2010">Alyssa</annotator>
        <span start="9650" end="9655" />
        <spannedText>nâ€™t</spannedText>
        <creationDate>Thu Jan 13 14:44:20 CET 2022</creationDate>
    </annotation>
    <classMention id="EHOST_Instance_277">
        <mentionClass id="NegCue">nâ€™t</mentionClass>
    </classMention>
    <annotation>
        <mention id="EHOST_Instance_278" />
        <annotator id="eHOST_2010">Alyssa</annotator>
        <span start="10256" end="10263" />
        <spannedText>without</spannedText>
        <creationDate>Thu Jan 13 14:44:37 CET 2022</creationDate>
    </annotation>
    <classMention id="EHOST_Instance_278">
        <mentionClass id="NegCue">without</mentionClass>
    </classMention>
    <annotation>
        <mention id="EHOST_Instance_279" />
        <annotator id="eHOST_2010">Alyssa</annotator>
        <span start="10437" end="10440" />
        <spannedText>not</spannedText>
        <creationDate>Thu Jan 13 14:44:43 CET 2022</creationDate>
    </annotation>
    <classMention id="EHOST_Instance_279">
        <mentionClass id="NegCue">not</mentionClass>
    </classMention>
    <annotation>
        <mention id="EHOST_Instance_280" />
        <annotator id="eHOST_2010">Alyssa</annotator>
        <span start="18813" end="18816" />
        <spannedText>non</spannedText>
        <creationDate>Thu Jan 13 14:47:21 CET 2022</creationDate>
    </annotation>
    <classMention id="EHOST_Instance_280">
        <mentionClass id="NegCue">non</mentionClass>
    </classMention>
    <annotation>
        <mention id="EHOST_Instance_281" />
        <annotator id="eHOST_2010">Alyssa</annotator>
        <span start="18951" end="18954" />
        <spannedText>non</spannedText>
        <creationDate>Thu Jan 13 14:47:34 CET 2022</creationDate>
    </annotation>
    <classMention id="EHOST_Instance_281">
        <mentionClass id="NegCue">non</mentionClass>
    </classMention>
    <annotation>
        <mention id="EHOST_Instance_282" />
        <annotator id="eHOST_2010">Alyssa</annotator>
        <span start="21864" end="21869" />
        <spannedText>never</spannedText>
        <creationDate>Thu Jan 13 14:48:49 CET 2022</creationDate>
    </annotation>
    <classMention id="EHOST_Instance_282">
        <mentionClass id="NegCue">never</mentionClass>
    </classMention>
    <annotation>
        <mention id="EHOST_Instance_283" />
        <annotator id="eHOST_2010">Alyssa</annotator>
        <span start="23116" end="23118" />
        <spannedText>un</spannedText>
        <creationDate>Thu Jan 13 14:49:35 CET 2022</creationDate>
    </annotation>
    <classMention id="EHOST_Instance_283">
        <mentionClass id="NegCue">un</mentionClass>
    </classMention>
    <annotation>
        <mention id="EHOST_Instance_284" />
        <annotator id="eHOST_2010">Alyssa</annotator>
        <span start="25960" end="25963" />
        <spannedText>non</spannedText>
        <creationDate>Thu Jan 13 14:51:08 CET 2022</creationDate>
    </annotation>
    <classMention id="EHOST_Instance_284">
        <mentionClass id="NegCue">non</mentionClass>
    </classMention>
    <annotation>
        <mention id="EHOST_Instance_285" />
        <annotator id="eHOST_2010">Alyssa</annotator>
        <span start="27349" end="27353" />
        <spannedText>less</spannedText>
        <creationDate>Thu Jan 13 14:52:12 CET 2022</creationDate>
    </annotation>
    <classMention id="EHOST_Instance_285">
        <mentionClass id="NegCue">less</mentionClass>
    </classMention>
    <eHOST_Adjudication_Status version="1.0">
        <Adjudication_Selected_Annotators version="1.0" />
        <Adjudication_Selected_Classes version="1.0" />
        <Adjudication_Others>
            <CHECK_OVERLAPPED_SPANS>false</CHECK_OVERLAPPED_SPANS>
            <CHECK_ATTRIBUTES>false</CHECK_ATTRIBUTES>
            <CHECK_RELATIONSHIP>false</CHECK_RELATIONSHIP>
            <CHECK_CLASS>false</CHECK_CLASS>
            <CHECK_COMMENT>false</CHECK_COMMENT>
        </Adjudication_Others>
    </eHOST_Adjudication_Status>
</annotations>

